Timestamp,Cell_ID,Voltage_V,Current_A,Temperature_C,Cycle_Count,Thermal_Risk,RUL_Cycles
2026-07-23 16:26:23,Cell_1,2.134,17.276,38.06,197,0,999
2026-07-23 16:26:23,Cell_10,2.175,18.924,29.86,173,0,1027
2026-07-23 16:26:23,Cell_11,2.252,23.891,39.05,135,0,1060
2026-07-23 16:26:23,Cell_12,2.116,34.618,34.72,151,0,1046
2026-07-23 16:26:23,Cell_13,2.278,30.037,38.24,50,0,1132
2026-07-23 16:26:23,Cell_14,2.197,22.816,36.32,126,0,1066
2026-07-23 16:26:23,Cell_15,2.252,23.633,40.4,66,0,1116
2026-07-23 16:26:23,Cell_16,2.193,29.841,41.49,146,0,1048
2026-07-23 16:26:23,Cell_17,2.144,26.645,35.78,191,0,1007
2026-07-23 16:26:23,Cell_18,2.274,30.09,36.35,158,0,1033
2026-07-23 16:26:23,Cell_19,2.222,34.274,39.69,130,0,1056
2026-07-23 16:26:23,Cell_2,2.151,10.819,32.83,128,0,1053
2026-07-23 16:26:23,Cell_20,2.219,27.12,41.07,146,0,1052
2026-07-23 16:26:23,Cell_21,2.194,35.581,39.78,60,0,1132
2026-07-23 16:26:23,Cell_22,2.131,30.079,36.79,163,0,1019
2026-07-23 16:26:23,Cell_23,2.177,21.548,30.19,154,0,1040
2026-07-23 16:26:23,Cell_24,2.154,19.19,32.74,179,0,1006
2026-07-23 16:26:23,Cell_25,2.227,5.871,23.87,102,0,1089
2026-07-23 16:26:23,Cell_26,2.237,22.584,37.06,197,0,999
2026-07-23 16:26:23,Cell_27,2.284,12.921,34.66,109,0,1083
2026-07-23 16:26:23,Cell_28,2.243,8.122,30.41,114,0,1068
2026-07-23 16:26:23,Cell_29,2.218,30.171,43.68,94,0,1103
2026-07-23 16:26:23,Cell_3,2.157,8.716,67.29,186,1,914
2026-07-23 16:26:23,Cell_30,2.192,23.694,37.57,94,0,1093
2026-07-23 16:26:23,Cell_31,2.265,14.453,30.94,104,0,1093
2026-07-23 16:26:23,Cell_32,2.212,39.64,38.4,109,0,1090
2026-07-23 16:26:23,Cell_33,2.238,31.938,36.47,85,0,1105
2026-07-23 16:26:23,Cell_34,2.144,14.871,32.25,171,0,1015
2026-07-23 16:26:23,Cell_35,1.9,32.171,75.0,158,2,963
2026-07-23 16:26:23,Cell_36,2.174,30.534,41.81,89,0,1095
2026-07-23 16:26:23,Cell_37,2.159,33.358,39.56,116,0,1070
2026-07-23 16:26:23,Cell_38,2.184,30.549,37.32,152,0,1033
2026-07-23 16:26:23,Cell_39,2.155,35.554,63.43,182,1,911
2026-07-23 16:26:23,Cell_4,2.112,27.325,35.73,162,0,1024
2026-07-23 16:26:23,Cell_40,2.187,16.853,34.94,143,0,1053
2026-07-23 16:26:23,Cell_41,2.213,34.461,40.13,149,0,1039
2026-07-23 16:26:23,Cell_42,2.169,39.629,47.32,109,0,1077
2026-07-23 16:26:23,Cell_43,2.124,25.907,40.37,151,0,1035
2026-07-23 16:26:23,Cell_44,2.176,18.008,60.0,106,1,1086
2026-07-23 16:26:23,Cell_45,2.233,43.906,47.32,128,0,1054
2026-07-23 16:26:23,Cell_46,2.3,20.338,28.57,71,0,1112
2026-07-23 16:26:23,Cell_47,2.088,9.592,27.81,153,0,1042
2026-07-23 16:26:23,Cell_48,2.194,9.598,28.2,74,0,1122
2026-07-23 16:26:23,Cell_49,2.097,8.485,25.82,150,0,1040
2026-07-23 16:26:23,Cell_5,2.241,18.101,33.16,138,0,1043
2026-07-23 16:26:23,Cell_50,2.074,24.086,37.59,199,0,989
2026-07-23 16:26:23,Cell_51,2.272,14.724,27.46,157,0,1034
2026-07-23 16:26:23,Cell_52,2.246,30.783,34.94,57,0,1128
2026-07-23 16:26:23,Cell_53,2.185,33.243,40.13,145,0,1043
2026-07-23 16:26:23,Cell_54,2.139,32.03,67.31,124,1,1008
2026-07-23 16:26:23,Cell_55,2.114,13.517,32.98,189,0,1011
2026-07-23 16:26:23,Cell_6,2.152,42.543,67.44,142,1,978
2026-07-23 16:26:23,Cell_7,2.126,15.591,36.69,155,0,1040
2026-07-23 16:26:23,Cell_8,2.151,7.982,24.74,107,0,1089
2026-07-23 16:26:23,Cell_9,2.268,14.705,28.53,92,0,1097
2026-07-23 16:28:23,Cell_1,2.068,21.889,37.77,197,0,987
2026-07-23 16:28:23,Cell_10,2.105,23.126,35.18,173,0,1017
2026-07-23 16:28:23,Cell_11,2.152,21.133,33.63,135,0,1058
2026-07-23 16:28:23,Cell_12,2.214,31.179,35.7,151,0,1037
2026-07-23 16:28:23,Cell_13,2.3,15.641,37.21,50,0,1143
2026-07-23 16:28:23,Cell_14,2.29,15.505,28.74,126,0,1063
2026-07-23 16:28:23,Cell_15,2.243,23.575,36.34,66,0,1120
2026-07-23 16:28:23,Cell_16,2.215,17.669,35.96,146,0,1049
2026-07-23 16:28:23,Cell_17,2.207,31.235,41.27,191,0,992
2026-07-23 16:28:23,Cell_18,2.166,28.752,33.86,158,0,1035
2026-07-23 16:28:23,Cell_19,2.217,30.45,36.16,130,0,1055
2026-07-23 16:28:23,Cell_2,2.204,15.867,32.51,128,0,1054
2026-07-23 16:28:23,Cell_20,2.284,24.085,35.09,146,0,1043
2026-07-23 16:28:23,Cell_21,2.226,34.882,40.91,60,0,1132
2026-07-23 16:28:23,Cell_22,2.116,20.389,31.92,163,0,1037
2026-07-23 16:28:23,Cell_23,2.143,6.098,28.58,154,0,1034
2026-07-23 16:28:23,Cell_24,2.228,21.379,31.93,179,0,1010
2026-07-23 16:28:23,Cell_25,2.148,23.344,32.5,102,0,1081
2026-07-23 16:28:23,Cell_26,2.223,22.925,33.94,197,0,985
2026-07-23 16:28:23,Cell_27,2.201,7.063,32.28,109,0,1072
2026-07-23 16:28:23,Cell_28,2.239,42.458,41.76,114,0,1069
2026-07-23 16:28:23,Cell_29,2.264,28.202,34.42,94,0,1103
2026-07-23 16:28:23,Cell_3,2.251,26.219,31.88,186,0,1010
2026-07-23 16:28:23,Cell_30,2.229,35.152,41.6,94,0,1096
2026-07-23 16:28:23,Cell_31,2.276,18.409,33.07,104,0,1081
2026-07-23 16:28:23,Cell_32,2.246,50.0,48.73,109,0,1089
2026-07-23 16:28:23,Cell_33,2.268,28.443,37.67,85,0,1112
2026-07-23 16:28:23,Cell_34,2.18,24.91,36.25,171,0,1023
2026-07-23 16:28:23,Cell_35,2.122,10.477,34.29,158,0,1040
2026-07-23 16:28:23,Cell_36,2.227,21.134,34.51,89,0,1098
2026-07-23 16:28:23,Cell_37,2.225,28.963,38.35,116,0,1066
2026-07-23 16:28:23,Cell_38,2.127,20.879,29.54,152,0,1029
2026-07-23 16:28:23,Cell_39,2.185,46.507,46.02,182,0,1013
2026-07-23 16:28:23,Cell_4,2.197,31.165,37.73,162,0,1035
2026-07-23 16:28:23,Cell_40,2.218,22.608,40.69,143,0,1044
2026-07-23 16:28:23,Cell_41,2.18,14.017,33.93,149,0,1035
2026-07-23 16:28:23,Cell_42,2.127,32.657,34.29,109,0,1076
2026-07-23 16:28:23,Cell_43,2.184,23.541,35.76,151,0,1033
2026-07-23 16:28:23,Cell_44,2.178,30.736,62.59,106,1,1026
2026-07-23 16:28:23,Cell_45,2.222,0.0,25.34,128,0,1069
2026-07-23 16:28:23,Cell_46,2.209,28.119,39.51,71,0,1128
2026-07-23 16:28:23,Cell_47,2.269,25.882,39.51,153,0,1043
2026-07-23 16:28:23,Cell_48,2.176,24.763,34.34,74,0,1117
2026-07-23 16:28:23,Cell_49,2.198,26.582,34.25,150,0,1039
2026-07-23 16:28:23,Cell_5,2.175,13.269,30.39,138,0,1047
2026-07-23 16:28:23,Cell_50,2.109,32.914,39.21,199,0,983
2026-07-23 16:28:23,Cell_51,2.217,23.583,36.71,157,0,1032
2026-07-23 16:28:23,Cell_52,2.254,43.028,40.56,57,0,1136
2026-07-23 16:28:23,Cell_53,2.09,15.69,31.08,145,0,1037
2026-07-23 16:28:23,Cell_54,2.249,23.086,40.75,124,0,1066
2026-07-23 16:28:23,Cell_55,1.844,46.346,87.42,189,2,915
2026-07-23 16:28:23,Cell_6,2.225,35.226,40.14,142,0,1048
2026-07-23 16:28:23,Cell_7,2.236,7.294,34.54,155,0,1030
2026-07-23 16:28:23,Cell_8,2.218,33.022,41.93,107,0,1076
2026-07-23 16:28:23,Cell_9,2.268,29.748,38.21,92,0,1099
2026-07-23 16:30:23,Cell_1,2.153,8.749,26.47,197,0,997
2026-07-23 16:30:23,Cell_10,2.157,21.536,37.31,173,0,1026
2026-07-23 16:30:23,Cell_11,2.16,24.732,63.29,135,1,995
2026-07-23 16:30:23,Cell_12,2.172,18.27,35.6,151,0,1034
2026-07-23 16:30:23,Cell_13,2.3,23.654,37.91,50,0,1146
2026-07-23 16:30:23,Cell_14,2.138,20.472,33.65,126,0,1064
2026-07-23 16:30:23,Cell_15,2.256,33.338,38.58,66,0,1133
2026-07-23 16:30:23,Cell_16,2.196,17.454,32.62,146,0,1054
2026-07-23 16:30:23,Cell_17,2.163,45.54,45.29,191,0,1002
2026-07-23 16:30:23,Cell_18,2.036,19.882,66.88,158,1,949
2026-07-23 16:30:23,Cell_19,2.126,1.689,23.67,130,0,1070
2026-07-23 16:30:23,Cell_2,2.243,21.792,36.59,128,0,1058
2026-07-23 16:30:23,Cell_20,2.276,50.0,46.44,146,0,1041
2026-07-23 16:30:23,Cell_21,2.15,39.129,36.54,60,0,1136
2026-07-23 16:30:23,Cell_22,1.9,50.0,87.35,163,2,948
2026-07-23 16:30:23,Cell_23,2.164,13.547,34.56,154,0,1039
2026-07-23 16:30:23,Cell_24,2.143,24.837,39.46,179,0,1005
2026-07-23 16:30:23,Cell_25,2.285,7.487,21.89,102,0,1094
2026-07-23 16:30:23,Cell_26,2.193,20.031,35.49,197,0,1002
2026-07-23 16:30:23,Cell_27,2.223,33.068,39.93,109,0,1088
2026-07-23 16:30:23,Cell_28,2.231,9.482,24.56,114,0,1080
2026-07-23 16:30:23,Cell_29,2.191,25.503,28.34,94,0,1099
2026-07-23 16:30:23,Cell_3,2.172,27.398,34.27,186,0,995
2026-07-23 16:30:23,Cell_30,2.229,32.784,43.43,94,0,1096
2026-07-23 16:30:23,Cell_31,2.223,23.46,38.25,104,0,1077
2026-07-23 16:30:23,Cell_32,2.206,27.217,28.86,109,0,1083
2026-07-23 16:30:23,Cell_33,2.206,28.124,37.39,85,0,1107
2026-07-23 16:30:23,Cell_34,2.189,15.454,36.83,171,0,1025
2026-07-23 16:30:23,Cell_35,2.166,42.137,43.7,158,0,1027
2026-07-23 16:30:23,Cell_36,2.296,26.968,43.44,89,0,1111
2026-07-23 16:30:23,Cell_37,2.148,19.148,30.3,116,0,1067
2026-07-23 16:30:23,Cell_38,2.11,26.604,35.37,152,0,1032
2026-07-23 16:30:23,Cell_39,2.246,14.64,37.69,182,0,1010
2026-07-23 16:30:23,Cell_4,2.187,24.637,37.65,162,0,1021
2026-07-23 16:30:23,Cell_40,2.171,27.015,32.32,143,0,1038
2026-07-23 16:30:23,Cell_41,2.235,18.283,35.82,149,0,1050
2026-07-23 16:30:23,Cell_42,2.188,35.342,65.15,109,1,1025
2026-07-23 16:30:23,Cell_43,2.245,22.353,36.43,151,0,1039
2026-07-23 16:30:23,Cell_44,2.133,25.293,32.3,106,0,1087
2026-07-23 16:30:23,Cell_45,2.176,49.125,41.54,128,0,1061
2026-07-23 16:30:23,Cell_46,2.226,25.989,32.26,71,0,1127
2026-07-23 16:30:23,Cell_47,2.202,50.0,42.06,153,0,1046
2026-07-23 16:30:23,Cell_48,2.251,28.98,36.86,74,0,1111
2026-07-23 16:30:23,Cell_49,2.177,36.662,38.53,150,0,1035
2026-07-23 16:30:23,Cell_5,2.198,28.809,37.88,138,0,1048
2026-07-23 16:30:23,Cell_50,2.227,28.734,35.59,199,0,984
2026-07-23 16:30:23,Cell_51,2.197,14.585,34.47,157,0,1040
2026-07-23 16:30:23,Cell_52,2.287,8.412,30.83,57,0,1139
2026-07-23 16:30:23,Cell_53,2.194,32.069,40.72,145,0,1049
2026-07-23 16:30:23,Cell_54,2.204,18.426,33.79,124,0,1067
2026-07-23 16:30:23,Cell_55,2.184,28.597,40.26,189,0,1002
2026-07-23 16:30:23,Cell_6,2.219,15.491,29.77,142,0,1056
2026-07-23 16:30:23,Cell_7,2.22,12.01,29.78,155,0,1040
2026-07-23 16:30:23,Cell_8,2.204,10.838,27.23,107,0,1091
2026-07-23 16:30:23,Cell_9,2.201,29.392,40.44,92,0,1108
2026-07-23 16:32:23,Cell_1,2.24,26.706,35.21,197,0,997
2026-07-23 16:32:23,Cell_10,2.239,28.96,37.12,173,0,1014
2026-07-23 16:32:23,Cell_11,2.22,2.5,29.69,135,0,1056
2026-07-23 16:32:23,Cell_12,2.138,23.262,38.34,151,0,1035
2026-07-23 16:32:23,Cell_13,2.136,17.873,35.37,51,0,1136
2026-07-23 16:32:23,Cell_14,2.234,29.354,38.11,127,0,1063
2026-07-23 16:32:23,Cell_15,2.265,29.107,39.76,66,0,1117
2026-07-23 16:32:23,Cell_16,2.238,15.383,33.46,146,0,1043
2026-07-23 16:32:23,Cell_17,2.18,26.042,42.78,191,0,999
2026-07-23 16:32:23,Cell_18,2.227,28.174,36.38,158,0,1036
2026-07-23 16:32:23,Cell_19,2.299,18.402,33.51,130,0,1054
2026-07-23 16:32:23,Cell_2,2.156,35.457,46.97,128,0,1070
2026-07-23 16:32:23,Cell_20,1.844,26.492,82.88,147,2,974
2026-07-23 16:32:23,Cell_21,2.21,2.556,23.71,60,0,1129
2026-07-23 16:32:23,Cell_22,2.104,11.26,29.86,163,0,1024
2026-07-23 16:32:23,Cell_23,2.26,2.383,22.02,154,0,1029
2026-07-23 16:32:23,Cell_24,2.076,12.435,34.47,179,0,1007
2026-07-23 16:32:23,Cell_25,2.3,34.243,36.11,102,0,1087
2026-07-23 16:32:23,Cell_26,2.157,40.786,40.37,197,0,987
2026-07-23 16:32:23,Cell_27,2.237,25.977,35.34,110,0,1082
2026-07-23 16:32:23,Cell_28,2.228,25.175,34.53,114,0,1082
2026-07-23 16:32:23,Cell_29,2.3,46.654,39.4,94,0,1094
2026-07-23 16:32:23,Cell_3,2.232,20.43,35.14,186,0,1009
2026-07-23 16:32:23,Cell_30,2.266,19.977,31.39,94,0,1088
2026-07-23 16:32:23,Cell_31,2.149,16.529,34.09,105,0,1090
2026-07-23 16:32:23,Cell_32,2.21,34.659,39.2,109,0,1076
2026-07-23 16:32:23,Cell_33,2.204,31.952,40.81,85,0,1115
2026-07-23 16:32:23,Cell_34,2.222,12.348,29.01,171,0,1017
2026-07-23 16:32:23,Cell_35,2.224,16.883,38.95,158,0,1035
2026-07-23 16:32:23,Cell_36,2.3,18.68,36.63,89,0,1104
2026-07-23 16:32:23,Cell_37,2.221,39.547,46.9,116,0,1067
2026-07-23 16:32:23,Cell_38,2.234,25.134,32.5,152,0,1037
2026-07-23 16:32:23,Cell_39,2.218,23.504,36.5,183,0,1017
2026-07-23 16:32:23,Cell_4,2.232,34.192,37.83,162,0,1021
2026-07-23 16:32:23,Cell_40,2.187,27.83,37.38,143,0,1048
2026-07-23 16:32:23,Cell_41,2.172,17.963,32.5,149,0,1040
2026-07-23 16:32:23,Cell_42,2.211,26.424,35.28,109,0,1088
2026-07-23 16:32:23,Cell_43,2.191,23.202,31.75,151,0,1034
2026-07-23 16:32:23,Cell_44,2.206,18.362,34.77,106,0,1089
2026-07-23 16:32:23,Cell_45,2.116,10.573,65.06,128,1,992
2026-07-23 16:32:23,Cell_46,2.262,34.421,39.74,71,0,1120
2026-07-23 16:32:23,Cell_47,2.196,20.181,35.91,153,0,1045
2026-07-23 16:32:23,Cell_48,2.167,17.853,30.67,74,0,1113
2026-07-23 16:32:23,Cell_49,2.271,23.558,34.82,150,0,1042
2026-07-23 16:32:23,Cell_5,2.255,43.585,42.82,138,0,1046
2026-07-23 16:32:23,Cell_50,2.187,32.381,37.99,199,0,989
2026-07-23 16:32:23,Cell_51,2.262,19.245,35.6,157,0,1030
2026-07-23 16:32:23,Cell_52,2.217,36.771,41.71,57,0,1142
2026-07-23 16:32:23,Cell_53,2.194,41.686,43.27,145,0,1036
2026-07-23 16:32:23,Cell_54,2.137,24.052,37.5,124,0,1060
2026-07-23 16:32:23,Cell_55,2.195,24.56,32.51,189,0,998
2026-07-23 16:32:23,Cell_6,2.173,19.959,60.0,142,1,1047
2026-07-23 16:32:23,Cell_7,2.154,15.887,34.48,155,0,1043
2026-07-23 16:32:23,Cell_8,2.205,21.399,37.04,107,0,1093
2026-07-23 16:32:23,Cell_9,2.188,40.222,40.5,92,0,1092
2026-07-23 16:34:23,Cell_1,2.197,20.736,34.66,197,0,1000
2026-07-23 16:34:23,Cell_10,2.192,35.32,39.54,173,0,1014
2026-07-23 16:34:23,Cell_11,2.192,15.774,37.56,135,0,1046
2026-07-23 16:34:23,Cell_12,2.237,1.856,28.1,151,0,1032
2026-07-23 16:34:23,Cell_13,2.198,37.166,43.52,51,0,1139
2026-07-23 16:34:23,Cell_14,2.246,22.721,36.4,127,0,1068
2026-07-23 16:34:23,Cell_15,2.181,27.719,60.0,66,1,1124
2026-07-23 16:34:23,Cell_16,2.227,23.731,30.76,146,0,1051
2026-07-23 16:34:23,Cell_17,2.263,38.093,39.77,191,0,1008
2026-07-23 16:34:23,Cell_18,2.293,15.314,29.37,158,0,1025
2026-07-23 16:34:23,Cell_19,2.207,33.458,36.2,130,0,1052
2026-07-23 16:34:23,Cell_2,2.228,22.238,34.2,128,0,1055
2026-07-23 16:34:23,Cell_20,2.24,15.345,32.63,147,0,1045
2026-07-23 16:34:23,Cell_21,2.227,2.063,25.12,60,0,1137
2026-07-23 16:34:23,Cell_22,2.279,41.094,45.29,163,0,1021
2026-07-23 16:34:23,Cell_23,2.194,15.556,33.9,155,0,1036
2026-07-23 16:34:23,Cell_24,2.148,32.651,38.29,179,0,1015
2026-07-23 16:34:23,Cell_25,2.215,37.871,38.79,102,0,1094
2026-07-23 16:34:23,Cell_26,2.193,33.613,40.46,197,0,990
2026-07-23 16:34:23,Cell_27,2.278,13.663,31.04,110,0,1087
2026-07-23 16:34:23,Cell_28,2.144,30.48,41.57,114,0,1069
2026-07-23 16:34:23,Cell_29,2.253,25.435,34.46,94,0,1099
2026-07-23 16:34:23,Cell_3,2.273,27.581,41.42,186,0,1010
2026-07-23 16:34:23,Cell_30,2.3,50.0,43.65,94,0,1094
2026-07-23 16:34:23,Cell_31,2.246,42.814,39.04,105,0,1095
2026-07-23 16:34:23,Cell_32,2.238,22.699,37.48,109,0,1081
2026-07-23 16:34:23,Cell_33,2.138,10.194,62.67,85,1,1054
2026-07-23 16:34:23,Cell_34,2.192,30.542,40.11,171,0,1027
2026-07-23 16:34:23,Cell_35,2.22,25.075,41.76,158,0,1041
2026-07-23 16:34:23,Cell_36,2.082,30.194,60.0,89,1,1093
2026-07-23 16:34:23,Cell_37,2.246,23.691,32.22,116,0,1083
2026-07-23 16:34:23,Cell_38,2.177,31.219,39.31,152,0,1030
2026-07-23 16:34:23,Cell_39,2.07,21.675,29.67,183,0,1014
2026-07-23 16:34:23,Cell_4,2.07,14.995,73.44,162,1,940
2026-07-23 16:34:23,Cell_40,2.217,13.625,32.14,143,0,1054
2026-07-23 16:34:23,Cell_41,2.087,30.937,36.67,149,0,1048
2026-07-23 16:34:23,Cell_42,2.181,21.877,37.74,109,0,1088
2026-07-23 16:34:23,Cell_43,2.113,21.376,26.71,151,0,1047
2026-07-23 16:34:23,Cell_44,2.224,49.683,49.1,106,0,1075
2026-07-23 16:34:23,Cell_45,2.112,29.019,34.87,128,0,1061
2026-07-23 16:34:23,Cell_46,2.248,33.663,39.26,71,0,1126
2026-07-23 16:34:23,Cell_47,2.173,23.572,38.74,153,0,1032
2026-07-23 16:34:23,Cell_48,2.3,50.0,49.35,74,0,1109
2026-07-23 16:34:23,Cell_49,2.178,27.933,37.57,151,0,1040
2026-07-23 16:34:23,Cell_5,2.217,29.208,33.92,138,0,1057
2026-07-23 16:34:23,Cell_50,1.965,29.193,60.0,199,1,990
2026-07-23 16:34:23,Cell_51,2.181,23.923,33.73,157,0,1038
2026-07-23 16:34:23,Cell_52,2.3,28.946,35.15,57,0,1135
2026-07-23 16:34:23,Cell_53,2.27,8.306,28.63,145,0,1049
2026-07-23 16:34:23,Cell_54,2.222,34.325,37.77,124,0,1058
2026-07-23 16:34:23,Cell_55,2.167,10.386,28.98,189,0,1011
2026-07-23 16:34:23,Cell_6,2.229,24.076,35.17,142,0,1051
2026-07-23 16:34:23,Cell_7,2.148,46.008,44.04,155,0,1031
2026-07-23 16:34:23,Cell_8,1.9,40.019,77.42,107,2,1027
2026-07-23 16:34:23,Cell_9,2.209,21.933,33.22,92,0,1101
2026-07-23 16:36:23,Cell_1,2.155,19.007,31.51,197,0,1003
2026-07-23 16:36:23,Cell_10,2.199,34.999,43.86,173,0,1023
2026-07-23 16:36:23,Cell_11,2.204,18.52,34.26,135,0,1048
2026-07-23 16:36:23,Cell_12,2.137,28.361,66.27,151,1,966
2026-07-23 16:36:23,Cell_13,2.259,24.281,34.94,51,0,1136
2026-07-23 16:36:23,Cell_14,2.212,20.635,35.24,127,0,1064
2026-07-23 16:36:23,Cell_15,2.236,31.397,40.03,66,0,1119
2026-07-23 16:36:23,Cell_16,2.17,29.758,37.92,146,0,1049
2026-07-23 16:36:23,Cell_17,2.193,26.443,42.69,191,0,990
2026-07-23 16:36:23,Cell_18,2.233,33.246,35.3,158,0,1032
2026-07-23 16:36:23,Cell_19,2.195,16.523,32.87,130,0,1052
2026-07-23 16:36:23,Cell_2,2.07,28.638,61.39,128,1,999
2026-07-23 16:36:23,Cell_20,2.205,39.135,43.57,147,0,1042
2026-07-23 16:36:23,Cell_21,2.225,21.183,28.89,60,0,1127
2026-07-23 16:36:23,Cell_22,2.108,19.99,36.28,163,0,1018
2026-07-23 16:36:23,Cell_23,2.259,28.703,33.29,155,0,1033
2026-07-23 16:36:23,Cell_24,2.185,18.804,33.95,179,0,1007
2026-07-23 16:36:23,Cell_25,2.176,12.675,28.51,102,0,1081
2026-07-23 16:36:23,Cell_26,2.123,32.09,36.98,197,0,993
2026-07-23 16:36:23,Cell_27,2.252,16.734,35.04,110,0,1086
2026-07-23 16:36:23,Cell_28,2.243,35.756,40.88,114,0,1078
2026-07-23 16:36:23,Cell_29,2.141,22.651,35.97,94,0,1102
2026-07-23 16:36:23,Cell_3,2.233,29.877,43.14,186,0,996
2026-07-23 16:36:23,Cell_30,2.231,30.111,37.43,94,0,1103
2026-07-23 16:36:23,Cell_31,2.2,24.845,70.47,105,1,1030
2026-07-23 16:36:23,Cell_32,2.228,36.914,40.42,109,0,1083
2026-07-23 16:36:23,Cell_33,2.147,40.429,40.45,85,0,1115
2026-07-23 16:36:23,Cell_34,2.154,24.231,32.52,172,0,1027
2026-07-23 16:36:23,Cell_35,2.139,26.584,37.03,158,0,1036
2026-07-23 16:36:23,Cell_36,1.9,42.576,81.77,90,2,1049
2026-07-23 16:36:23,Cell_37,2.137,18.938,37.72,116,0,1077
2026-07-23 16:36:23,Cell_38,2.196,36.089,41.52,152,0,1030
2026-07-23 16:36:23,Cell_39,2.196,27.834,43.47,183,0,1008
2026-07-23 16:36:23,Cell_4,2.3,16.472,30.19,162,0,1026
2026-07-23 16:36:23,Cell_40,2.226,21.344,32.18,143,0,1040
2026-07-23 16:36:23,Cell_41,2.214,18.021,34.84,149,0,1038
2026-07-23 16:36:23,Cell_42,2.106,18.533,67.97,109,1,1017
2026-07-23 16:36:23,Cell_43,2.165,16.48,32.73,151,0,1044
2026-07-23 16:36:23,Cell_44,2.176,24.03,38.98,106,0,1092
2026-07-23 16:36:23,Cell_45,2.184,13.321,34.83,128,0,1069
2026-07-23 16:36:23,Cell_46,2.144,25.841,65.86,71,1,1090
2026-07-23 16:36:23,Cell_47,2.117,19.279,34.64,153,0,1041
2026-07-23 16:36:23,Cell_48,2.177,18.087,29.81,75,0,1120
2026-07-23 16:36:23,Cell_49,2.3,32.464,34.23,151,0,1039
2026-07-23 16:36:23,Cell_5,2.169,15.227,34.21,138,0,1061
2026-07-23 16:36:23,Cell_50,2.092,24.707,41.47,200,0,985
2026-07-23 16:36:23,Cell_51,2.157,29.033,38.55,157,0,1035
2026-07-23 16:36:23,Cell_52,2.238,25.292,33.16,57,0,1124
2026-07-23 16:36:23,Cell_53,2.222,30.8,42.24,146,0,1039
2026-07-23 16:36:23,Cell_54,2.227,26.106,39.08,124,0,1067
2026-07-23 16:36:23,Cell_55,2.181,18.76,28.35,189,0,999
2026-07-23 16:36:23,Cell_6,2.14,14.24,32.35,142,0,1051
2026-07-23 16:36:23,Cell_7,2.258,21.807,33.76,155,0,1032
2026-07-23 16:36:23,Cell_8,2.217,28.922,36.1,107,0,1076
2026-07-23 16:36:23,Cell_9,2.21,28.208,37.45,92,0,1100
2026-07-23 16:38:23,Cell_1,2.196,25.732,39.68,197,0,998
2026-07-23 16:38:23,Cell_10,2.198,17.62,30.65,173,0,1018
2026-07-23 16:38:23,Cell_11,2.288,28.947,36.92,135,0,1049
2026-07-23 16:38:23,Cell_12,2.281,26.655,34.48,151,0,1033
2026-07-23 16:38:23,Cell_13,2.232,19.917,32.56,51,0,1132
2026-07-23 16:38:23,Cell_14,2.175,29.595,37.13,127,0,1066
2026-07-23 16:38:23,Cell_15,2.296,27.426,32.46,66,0,1129
2026-07-23 16:38:23,Cell_16,2.182,24.967,34.56,146,0,1041
2026-07-23 16:38:23,Cell_17,2.138,20.614,34.77,191,0,1006
2026-07-23 16:38:23,Cell_18,2.257,40.116,39.0,158,0,1030
2026-07-23 16:38:23,Cell_19,2.284,30.386,37.67,130,0,1055
2026-07-23 16:38:23,Cell_2,2.242,23.626,32.39,128,0,1064
2026-07-23 16:38:23,Cell_20,2.205,50.0,47.26,147,0,1035
2026-07-23 16:38:23,Cell_21,2.299,23.203,39.1,60,0,1123
2026-07-23 16:38:23,Cell_22,2.216,12.705,34.56,163,0,1024
2026-07-23 16:38:23,Cell_23,2.223,20.185,31.18,155,0,1037
2026-07-23 16:38:23,Cell_24,2.156,15.745,29.53,179,0,1004
2026-07-23 16:38:23,Cell_25,2.192,1.635,25.51,102,0,1087
2026-07-23 16:38:23,Cell_26,2.155,40.45,44.51,197,0,1000
2026-07-23 16:38:23,Cell_27,2.296,40.93,38.6,110,0,1085
2026-07-23 16:38:23,Cell_28,2.244,19.509,33.49,114,0,1081
2026-07-23 16:38:23,Cell_29,2.247,28.166,38.84,94,0,1094
2026-07-23 16:38:23,Cell_3,2.23,16.683,32.3,186,0,1009
2026-07-23 16:38:23,Cell_30,2.235,10.297,31.61,94,0,1089
2026-07-23 16:38:23,Cell_31,2.218,0.0,23.43,106,0,1092
2026-07-23 16:38:23,Cell_32,2.203,25.962,41.99,109,0,1072
2026-07-23 16:38:23,Cell_33,2.183,20.18,30.96,85,0,1097
2026-07-23 16:38:23,Cell_34,2.081,31.079,61.44,172,1,934
2026-07-23 16:38:23,Cell_35,2.174,16.039,31.37,158,0,1036
2026-07-23 16:38:23,Cell_36,2.275,7.372,30.5,90,0,1106
2026-07-23 16:38:23,Cell_37,1.9,50.0,82.82,116,2,1010
2026-07-23 16:38:23,Cell_38,2.249,31.44,39.5,152,0,1045
2026-07-23 16:38:23,Cell_39,2.256,13.459,36.68,183,0,1000
2026-07-23 16:38:23,Cell_4,2.209,18.24,33.07,162,0,1022
2026-07-23 16:38:23,Cell_40,2.23,14.699,32.88,143,0,1050
2026-07-23 16:38:23,Cell_41,2.239,26.041,31.27,149,0,1043
2026-07-23 16:38:23,Cell_42,2.263,27.071,29.06,109,0,1089
2026-07-23 16:38:23,Cell_43,2.217,19.333,34.91,151,0,1035
2026-07-23 16:38:23,Cell_44,2.137,39.705,40.93,106,0,1087
2026-07-23 16:38:23,Cell_45,2.217,41.401,39.42,128,0,1058
2026-07-23 16:38:23,Cell_46,2.243,50.0,47.04,71,0,1129
2026-07-23 16:38:23,Cell_47,2.183,41.829,43.08,153,0,1039
2026-07-23 16:38:23,Cell_48,2.229,30.124,42.89,75,0,1122
2026-07-23 16:38:23,Cell_49,2.2,20.192,65.43,151,1,970
2026-07-23 16:38:23,Cell_5,2.247,13.008,32.38,138,0,1043
2026-07-23 16:38:23,Cell_50,2.13,21.991,35.73,200,0,1000
2026-07-23 16:38:23,Cell_51,2.232,30.954,34.93,157,0,1025
2026-07-23 16:38:23,Cell_52,2.183,45.237,38.94,57,0,1133
2026-07-23 16:38:23,Cell_53,2.144,25.785,33.21,146,0,1039
2026-07-23 16:38:23,Cell_54,2.141,25.958,38.76,124,0,1061
2026-07-23 16:38:23,Cell_55,2.094,26.507,34.43,189,0,999
2026-07-23 16:38:23,Cell_6,2.223,25.788,32.39,142,0,1058
2026-07-23 16:38:23,Cell_7,2.195,24.38,38.98,155,0,1034
2026-07-23 16:38:23,Cell_8,2.242,31.511,39.34,107,0,1083
2026-07-23 16:38:23,Cell_9,2.245,40.139,34.19,92,0,1093
2026-07-23 16:40:23,Cell_1,2.204,11.182,30.79,198,0,994
2026-07-23 16:40:23,Cell_10,2.205,42.802,42.37,173,0,1017
2026-07-23 16:40:23,Cell_11,2.184,21.869,32.05,135,0,1056
2026-07-23 16:40:23,Cell_12,2.166,10.469,28.5,151,0,1048
2026-07-23 16:40:23,Cell_13,2.198,16.138,69.05,51,1,1113
2026-07-23 16:40:23,Cell_14,2.257,25.428,33.0,127,0,1055
2026-07-23 16:40:23,Cell_15,2.195,34.629,40.87,66,0,1119
2026-07-23 16:40:23,Cell_16,2.3,24.732,33.33,146,0,1043
2026-07-23 16:40:23,Cell_17,2.074,14.439,35.62,191,0,1003
2026-07-23 16:40:23,Cell_18,2.147,18.259,37.08,158,0,1041
2026-07-23 16:40:23,Cell_19,2.199,35.06,38.33,130,0,1058
2026-07-23 16:40:23,Cell_2,2.234,32.303,39.62,128,0,1070
2026-07-23 16:40:23,Cell_20,2.145,14.749,32.91,147,0,1053
2026-07-23 16:40:23,Cell_21,2.161,14.023,25.71,60,0,1132
2026-07-23 16:40:23,Cell_22,2.167,17.904,33.34,163,0,1033
2026-07-23 16:40:23,Cell_23,2.111,27.248,31.24,155,0,1036
2026-07-23 16:40:23,Cell_24,2.207,24.142,34.94,179,0,1020
2026-07-23 16:40:23,Cell_25,2.262,25.807,33.43,102,0,1081
2026-07-23 16:40:23,Cell_26,2.183,34.027,39.42,197,0,1000
2026-07-23 16:40:23,Cell_27,2.151,34.509,37.86,110,0,1081
2026-07-23 16:40:23,Cell_28,2.189,33.099,34.97,114,0,1078
2026-07-23 16:40:23,Cell_29,2.238,18.066,30.39,94,0,1091
2026-07-23 16:40:23,Cell_3,2.169,25.093,34.54,186,0,1000
2026-07-23 16:40:23,Cell_30,2.182,14.441,29.15,94,0,1092
2026-07-23 16:40:23,Cell_31,2.196,15.156,37.48,106,0,1075
2026-07-23 16:40:23,Cell_32,1.9,33.78,75.28,109,2,1033
2026-07-23 16:40:23,Cell_33,2.237,46.72,45.12,85,0,1100
2026-07-23 16:40:23,Cell_34,2.155,27.84,39.39,172,0,1028
2026-07-23 16:40:23,Cell_35,2.235,44.482,40.47,158,0,1029
2026-07-23 16:40:23,Cell_36,2.128,35.098,42.58,90,0,1104
2026-07-23 16:40:23,Cell_37,2.274,32.896,36.59,116,0,1066
2026-07-23 16:40:23,Cell_38,2.201,17.857,28.58,152,0,1046
2026-07-23 16:40:23,Cell_39,2.168,44.192,46.34,183,0,1004
2026-07-23 16:40:23,Cell_4,2.183,12.85,34.78,162,0,1019
2026-07-23 16:40:23,Cell_40,2.203,22.204,34.42,143,0,1043
2026-07-23 16:40:23,Cell_41,2.217,15.639,27.91,149,0,1050
2026-07-23 16:40:23,Cell_42,2.206,21.025,29.3,109,0,1079
2026-07-23 16:40:23,Cell_43,2.211,33.52,44.31,151,0,1043
2026-07-23 16:40:23,Cell_44,2.211,36.66,43.44,106,0,1081
2026-07-23 16:40:23,Cell_45,2.259,16.841,33.31,128,0,1063
2026-07-23 16:40:23,Cell_46,2.182,28.444,31.99,71,0,1121
2026-07-23 16:40:23,Cell_47,2.212,39.688,41.98,153,0,1044
2026-07-23 16:40:23,Cell_48,2.152,28.635,42.15,75,0,1119
2026-07-23 16:40:23,Cell_49,2.216,37.786,38.02,151,0,1047
2026-07-23 16:40:23,Cell_5,2.228,38.264,38.14,138,0,1062
2026-07-23 16:40:23,Cell_50,2.16,16.857,39.15,200,0,988
2026-07-23 16:40:23,Cell_51,2.176,33.073,40.6,157,0,1027
2026-07-23 16:40:23,Cell_52,2.204,34.119,40.76,57,0,1125
2026-07-23 16:40:23,Cell_53,2.3,25.319,36.97,146,0,1036
2026-07-23 16:40:23,Cell_54,2.24,38.827,47.34,124,0,1057
2026-07-23 16:40:23,Cell_55,2.235,31.282,42.55,189,0,1008
2026-07-23 16:40:23,Cell_6,2.22,21.45,31.44,142,0,1043
2026-07-23 16:40:23,Cell_7,2.137,28.797,36.14,155,0,1045
2026-07-23 16:40:23,Cell_8,2.215,27.518,36.23,107,0,1088
2026-07-23 16:40:23,Cell_9,2.251,14.969,29.67,92,0,1096
2026-07-23 16:42:23,Cell_1,2.086,22.166,25.25,198,0,984
2026-07-23 16:42:23,Cell_10,2.297,41.795,40.29,173,0,1022
2026-07-23 16:42:23,Cell_11,2.253,24.911,38.0,135,0,1057
2026-07-23 16:42:23,Cell_12,2.176,36.372,40.27,151,0,1032
2026-07-23 16:42:23,Cell_13,2.238,28.621,30.98,51,0,1133
2026-07-23 16:42:23,Cell_14,2.247,20.116,32.54,127,0,1062
2026-07-23 16:42:23,Cell_15,2.18,42.597,42.57,66,0,1120
2026-07-23 16:42:23,Cell_16,2.245,37.761,39.7,146,0,1037
2026-07-23 16:42:23,Cell_17,2.128,22.032,34.64,191,0,1004
2026-07-23 16:42:23,Cell_18,2.195,28.793,41.4,158,0,1035
2026-07-23 16:42:23,Cell_19,2.16,29.932,36.01,130,0,1067
2026-07-23 16:42:23,Cell_2,2.172,26.217,42.95,128,0,1065
2026-07-23 16:42:23,Cell_20,2.236,36.12,42.14,147,0,1042
2026-07-23 16:42:23,Cell_21,2.3,49.199,51.91,60,0,1121
2026-07-23 16:42:23,Cell_22,2.227,31.355,36.62,163,0,1036
2026-07-23 16:42:23,Cell_23,2.139,37.039,45.39,155,0,1043
2026-07-23 16:42:23,Cell_24,2.139,14.037,32.97,179,0,1015
2026-07-23 16:42:23,Cell_25,2.299,31.728,41.01,102,0,1083
2026-07-23 16:42:23,Cell_26,2.082,30.071,62.74,197,1,896
2026-07-23 16:42:23,Cell_27,2.198,31.832,40.33,110,0,1074
2026-07-23 16:42:23,Cell_28,2.217,26.91,37.47,114,0,1071
2026-07-23 16:42:23,Cell_29,2.256,19.511,30.46,94,0,1093
2026-07-23 16:42:23,Cell_3,2.223,28.072,31.83,186,0,1009
2026-07-23 16:42:23,Cell_30,2.253,33.264,39.6,94,0,1096
2026-07-23 16:42:23,Cell_31,2.166,29.136,38.67,106,0,1081
2026-07-23 16:42:23,Cell_32,2.237,23.2,34.49,109,0,1080
2026-07-23 16:42:23,Cell_33,2.274,21.827,33.26,85,0,1111
2026-07-23 16:42:23,Cell_34,2.231,29.056,38.26,172,0,1013
2026-07-23 16:42:23,Cell_35,2.238,31.403,36.07,158,0,1036
2026-07-23 16:42:23,Cell_36,2.229,27.88,35.02,90,0,1101
2026-07-23 16:42:23,Cell_37,2.201,8.704,27.75,116,0,1074
2026-07-23 16:42:23,Cell_38,2.192,16.529,26.2,152,0,1032
2026-07-23 16:42:23,Cell_39,2.137,16.697,36.54,184,0,1009
2026-07-23 16:42:23,Cell_4,2.17,7.593,28.41,162,0,1023
2026-07-23 16:42:23,Cell_40,2.266,29.216,42.21,143,0,1054
2026-07-23 16:42:23,Cell_41,2.145,19.338,29.67,149,0,1048
2026-07-23 16:42:23,Cell_42,2.231,26.608,36.55,109,0,1088
2026-07-23 16:42:23,Cell_43,2.236,24.916,33.86,151,0,1043
2026-07-23 16:42:23,Cell_44,2.271,29.076,40.19,106,0,1085
2026-07-23 16:42:23,Cell_45,2.202,30.772,30.99,128,0,1053
2026-07-23 16:42:23,Cell_46,2.175,16.858,29.66,71,0,1113
2026-07-23 16:42:23,Cell_47,2.23,33.926,40.95,153,0,1042
2026-07-23 16:42:23,Cell_48,2.221,21.69,38.97,75,0,1124
2026-07-23 16:42:23,Cell_49,2.209,27.202,44.04,151,0,1033
2026-07-23 16:42:23,Cell_5,2.237,23.158,36.72,138,0,1060
2026-07-23 16:42:23,Cell_50,2.102,13.053,60.0,200,1,1000
2026-07-23 16:42:23,Cell_51,2.198,12.825,29.4,157,0,1032
2026-07-23 16:42:23,Cell_52,2.197,29.496,38.75,57,0,1133
2026-07-23 16:42:23,Cell_53,2.189,17.746,35.44,146,0,1049
2026-07-23 16:42:23,Cell_54,1.9,39.591,82.83,124,2,995
2026-07-23 16:42:23,Cell_55,2.147,25.96,34.82,189,0,1000
2026-07-23 16:42:23,Cell_6,2.176,46.448,38.5,142,0,1045
2026-07-23 16:42:23,Cell_7,2.249,14.586,31.1,155,0,1036
2026-07-23 16:42:23,Cell_8,1.9,34.99,84.85,107,2,1032
2026-07-23 16:42:23,Cell_9,2.275,0.0,30.07,92,0,1099
2026-07-23 16:44:23,Cell_1,2.208,33.948,37.74,198,0,991
2026-07-23 16:44:23,Cell_10,2.205,22.797,37.45,173,0,1013
2026-07-23 16:44:23,Cell_11,2.204,39.103,39.18,135,0,1055
2026-07-23 16:44:23,Cell_12,2.166,35.671,38.59,151,0,1032
2026-07-23 16:44:23,Cell_13,2.152,31.469,42.05,51,0,1134
2026-07-23 16:44:23,Cell_14,2.153,40.964,39.68,127,0,1059
2026-07-23 16:44:23,Cell_15,2.196,0.776,60.45,66,1,1088
2026-07-23 16:44:23,Cell_16,2.275,28.168,38.39,146,0,1052
2026-07-23 16:44:23,Cell_17,2.151,10.39,74.25,191,1,912
2026-07-23 16:44:23,Cell_18,2.191,27.772,39.19,158,0,1042
2026-07-23 16:44:23,Cell_19,2.234,19.838,36.61,130,0,1065
2026-07-23 16:44:23,Cell_2,2.104,26.747,35.98,128,0,1061
2026-07-23 16:44:23,Cell_20,2.151,40.44,46.73,147,0,1053
2026-07-23 16:44:23,Cell_21,2.254,32.279,32.03,60,0,1140
2026-07-23 16:44:23,Cell_22,2.215,33.729,37.79,163,0,1019
2026-07-23 16:44:23,Cell_23,2.169,47.095,42.41,155,0,1036
2026-07-23 16:44:23,Cell_24,2.182,30.059,37.24,179,0,1008
2026-07-23 16:44:23,Cell_25,2.221,17.724,32.49,102,0,1096
2026-07-23 16:44:23,Cell_26,2.099,28.135,60.0,197,1,993
2026-07-23 16:44:23,Cell_27,2.193,18.783,30.67,110,0,1076
2026-07-23 16:44:23,Cell_28,2.171,33.89,34.97,114,0,1078
2026-07-23 16:44:23,Cell_29,2.17,15.672,31.95,94,0,1096
2026-07-23 16:44:23,Cell_3,2.2,19.254,34.03,186,0,996
2026-07-23 16:44:23,Cell_30,2.235,40.879,41.48,94,0,1102
2026-07-23 16:44:23,Cell_31,2.159,28.051,43.49,106,0,1085
2026-07-23 16:44:23,Cell_32,2.206,15.305,35.42,109,0,1075
2026-07-23 16:44:23,Cell_33,2.216,20.242,35.63,85,0,1106
2026-07-23 16:44:23,Cell_34,2.2,31.389,44.59,172,0,1010
2026-07-23 16:44:23,Cell_35,2.148,31.504,37.4,158,0,1041
2026-07-23 16:44:23,Cell_36,2.247,29.836,43.41,90,0,1094
2026-07-23 16:44:23,Cell_37,2.223,3.01,29.24,116,0,1079
2026-07-23 16:44:23,Cell_38,2.243,14.286,34.35,152,0,1039
2026-07-23 16:44:23,Cell_39,2.204,17.971,34.57,184,0,999
2026-07-23 16:44:23,Cell_4,2.2,50.0,60.92,162,1,951
2026-07-23 16:44:23,Cell_40,2.14,18.284,30.01,143,0,1056
2026-07-23 16:44:23,Cell_41,2.205,25.397,33.51,149,0,1051
2026-07-23 16:44:23,Cell_42,2.28,22.279,40.44,109,0,1076
2026-07-23 16:44:23,Cell_43,2.154,24.142,41.18,151,0,1043
2026-07-23 16:44:23,Cell_44,2.2,10.413,28.2,106,0,1081
2026-07-23 16:44:23,Cell_45,2.225,18.764,29.55,128,0,1070
2026-07-23 16:44:23,Cell_46,2.238,34.456,37.17,71,0,1123
2026-07-23 16:44:23,Cell_47,1.9,28.681,76.62,153,2,966
2026-07-23 16:44:23,Cell_48,2.3,17.535,34.57,75,0,1123
2026-07-23 16:44:23,Cell_49,2.293,19.62,30.0,151,0,1032
2026-07-23 16:44:23,Cell_5,2.182,29.191,39.2,138,0,1062
2026-07-23 16:44:23,Cell_50,2.208,40.292,48.61,200,0,996
2026-07-23 16:44:23,Cell_51,2.159,20.197,36.51,157,0,1038
2026-07-23 16:44:23,Cell_52,2.166,10.073,35.24,57,0,1133
2026-07-23 16:44:23,Cell_53,2.149,21.896,35.23,146,0,1038
2026-07-23 16:44:23,Cell_54,2.2,37.106,40.52,124,0,1068
2026-07-23 16:44:23,Cell_55,2.176,20.47,35.87,189,0,1003
2026-07-23 16:44:23,Cell_6,2.186,37.01,44.85,142,0,1043
2026-07-23 16:44:23,Cell_7,2.252,39.281,42.88,155,0,1026
2026-07-23 16:44:23,Cell_8,2.037,38.316,61.52,107,1,1038
2026-07-23 16:44:23,Cell_9,2.194,11.886,33.52,92,0,1092
2026-07-23 16:46:23,Cell_1,2.153,26.863,34.81,198,0,995
2026-07-23 16:46:23,Cell_10,2.24,20.512,35.58,173,0,1019
2026-07-23 16:46:23,Cell_11,2.253,13.527,26.96,135,0,1051
2026-07-23 16:46:23,Cell_12,2.299,42.313,40.01,151,0,1033
2026-07-23 16:46:23,Cell_13,2.208,38.452,38.36,51,0,1138
2026-07-23 16:46:23,Cell_14,2.3,40.187,42.01,127,0,1072
2026-07-23 16:46:23,Cell_15,2.298,41.116,37.91,66,0,1134
2026-07-23 16:46:23,Cell_16,2.146,33.2,42.01,146,0,1043
2026-07-23 16:46:23,Cell_17,2.188,39.105,41.15,191,0,1009
2026-07-23 16:46:23,Cell_18,2.181,34.446,44.19,158,0,1037
2026-07-23 16:46:23,Cell_19,2.223,32.788,40.35,130,0,1051
2026-07-23 16:46:23,Cell_2,2.201,32.162,37.32,128,0,1060
2026-07-23 16:46:23,Cell_20,2.244,7.83,32.62,147,0,1041
2026-07-23 16:46:23,Cell_21,2.27,50.0,45.02,60,0,1127
2026-07-23 16:46:23,Cell_22,2.147,27.132,35.09,163,0,1025
2026-07-23 16:46:23,Cell_23,2.261,18.1,30.24,155,0,1036
2026-07-23 16:46:23,Cell_24,2.206,21.721,37.41,179,0,1011
2026-07-23 16:46:23,Cell_25,2.232,29.68,36.68,102,0,1094
2026-07-23 16:46:23,Cell_26,2.121,24.429,39.82,197,0,992
2026-07-23 16:46:23,Cell_27,2.224,17.025,32.36,110,0,1088
2026-07-23 16:46:23,Cell_28,2.169,26.581,33.9,114,0,1086
2026-07-23 16:46:23,Cell_29,2.243,16.947,31.0,94,0,1097
2026-07-23 16:46:23,Cell_3,2.122,25.362,35.11,186,0,999
2026-07-23 16:46:23,Cell_30,2.23,7.077,29.47,94,0,1098
2026-07-23 16:46:23,Cell_31,2.126,15.223,32.14,106,0,1094
2026-07-23 16:46:23,Cell_32,2.278,40.197,37.28,109,0,1090
2026-07-23 16:46:23,Cell_33,2.191,21.217,33.09,85,0,1102
2026-07-23 16:46:23,Cell_34,2.21,20.645,34.0,172,0,1016
2026-07-23 16:46:23,Cell_35,2.209,21.7,40.4,159,0,1034
2026-07-23 16:46:23,Cell_36,2.291,18.307,35.06,90,0,1104
2026-07-23 16:46:23,Cell_37,2.209,30.404,33.66,116,0,1066
2026-07-23 16:46:23,Cell_38,2.257,2.456,26.04,152,0,1038
2026-07-23 16:46:23,Cell_39,2.166,37.127,44.92,185,0,1015
2026-07-23 16:46:23,Cell_4,2.223,23.055,35.76,162,0,1020
2026-07-23 16:46:23,Cell_40,2.214,22.398,33.32,143,0,1042
2026-07-23 16:46:23,Cell_41,2.174,24.492,42.73,149,0,1042
2026-07-23 16:46:23,Cell_42,2.179,14.41,29.35,109,0,1082
2026-07-23 16:46:23,Cell_43,2.188,32.881,38.07,152,0,1042
2026-07-23 16:46:23,Cell_44,2.173,18.504,33.93,106,0,1082
2026-07-23 16:46:23,Cell_45,2.181,19.7,33.18,128,0,1072
2026-07-23 16:46:23,Cell_46,2.158,9.743,23.66,71,0,1111
2026-07-23 16:46:23,Cell_47,2.23,21.684,35.1,153,0,1031
2026-07-23 16:46:23,Cell_48,2.186,22.106,41.6,75,0,1121
2026-07-23 16:46:23,Cell_49,2.296,44.412,47.3,151,0,1034
2026-07-23 16:46:23,Cell_5,2.158,32.869,40.31,138,0,1053
2026-07-23 16:46:23,Cell_50,2.239,35.255,41.61,201,0,983
2026-07-23 16:46:23,Cell_51,2.172,33.704,60.14,157,1,964
2026-07-23 16:46:23,Cell_52,2.274,20.172,29.65,57,0,1139
2026-07-23 16:46:23,Cell_53,2.136,37.04,45.13,146,0,1046
2026-07-23 16:46:23,Cell_54,2.146,23.471,30.2,124,0,1057
2026-07-23 16:46:23,Cell_55,2.271,32.434,42.54,189,0,995
2026-07-23 16:46:23,Cell_6,2.205,23.599,36.99,142,0,1054
2026-07-23 16:46:23,Cell_7,2.119,34.612,43.17,155,0,1037
2026-07-23 16:46:23,Cell_8,2.23,20.483,39.01,107,0,1077
2026-07-23 16:46:23,Cell_9,2.217,23.782,36.55,92,0,1096
2026-07-23 16:48:23,Cell_1,2.184,19.141,35.32,198,0,988
2026-07-23 16:48:23,Cell_10,2.17,29.992,39.19,173,0,1019
2026-07-23 16:48:23,Cell_11,2.3,15.345,39.61,135,0,1049
2026-07-23 16:48:23,Cell_12,2.192,37.321,40.7,151,0,1033
2026-07-23 16:48:23,Cell_13,2.3,23.049,33.35,51,0,1136
2026-07-23 16:48:23,Cell_14,2.192,38.874,39.83,128,0,1071
2026-07-23 16:48:23,Cell_15,2.172,27.195,37.06,66,0,1122
2026-07-23 16:48:23,Cell_16,2.138,37.713,41.71,146,0,1038
2026-07-23 16:48:23,Cell_17,2.2,12.308,32.21,191,0,1004
2026-07-23 16:48:23,Cell_18,2.187,13.487,27.83,158,0,1029
2026-07-23 16:48:23,Cell_19,2.248,20.254,37.56,130,0,1058
2026-07-23 16:48:23,Cell_2,2.251,31.557,39.99,128,0,1065
2026-07-23 16:48:23,Cell_20,2.188,19.225,36.88,147,0,1034
2026-07-23 16:48:23,Cell_21,2.139,24.977,34.91,60,0,1126
2026-07-23 16:48:23,Cell_22,2.152,36.229,60.0,163,1,1034
2026-07-23 16:48:23,Cell_23,2.22,27.465,37.19,155,0,1036
2026-07-23 16:48:23,Cell_24,2.115,22.628,35.03,179,0,1016
2026-07-23 16:48:23,Cell_25,2.143,18.178,35.54,102,0,1094
2026-07-23 16:48:23,Cell_26,2.211,25.879,41.27,197,0,998
2026-07-23 16:48:23,Cell_27,2.194,33.74,43.05,110,0,1071
2026-07-23 16:48:23,Cell_28,2.224,32.792,39.54,114,0,1070
2026-07-23 16:48:23,Cell_29,2.238,25.948,37.49,94,0,1089
2026-07-23 16:48:23,Cell_3,2.171,1.159,25.58,186,0,999
2026-07-23 16:48:23,Cell_30,2.24,33.866,40.07,94,0,1087
2026-07-23 16:48:23,Cell_31,2.276,31.839,40.18,106,0,1089
2026-07-23 16:48:23,Cell_32,2.223,17.822,33.09,109,0,1086
2026-07-23 16:48:23,Cell_33,2.103,26.217,36.51,85,0,1115
2026-07-23 16:48:23,Cell_34,2.194,42.629,41.77,172,0,1023
2026-07-23 16:48:23,Cell_35,2.224,14.677,25.11,159,0,1026
2026-07-23 16:48:23,Cell_36,2.286,38.981,39.85,90,0,1093
2026-07-23 16:48:23,Cell_37,2.266,34.498,32.82,116,0,1077
2026-07-23 16:48:23,Cell_38,2.159,30.675,41.48,152,0,1041
2026-07-23 16:48:23,Cell_39,2.17,14.173,26.38,185,0,1003
2026-07-23 16:48:23,Cell_4,2.189,12.189,31.48,162,0,1023
2026-07-23 16:48:23,Cell_40,2.224,33.262,35.53,143,0,1057
2026-07-23 16:48:23,Cell_41,2.185,14.328,35.71,149,0,1034
2026-07-23 16:48:23,Cell_42,2.242,31.002,36.88,109,0,1084
2026-07-23 16:48:23,Cell_43,2.295,29.355,33.75,152,0,1041
2026-07-23 16:48:23,Cell_44,2.26,34.234,43.49,106,0,1075
2026-07-23 16:48:23,Cell_45,2.151,24.9,33.17,128,0,1059
2026-07-23 16:48:23,Cell_46,2.146,16.609,28.63,71,0,1117
2026-07-23 16:48:23,Cell_47,2.191,16.269,28.02,153,0,1041
2026-07-23 16:48:23,Cell_48,2.279,30.277,34.73,75,0,1109
2026-07-23 16:48:23,Cell_49,2.274,22.239,36.93,151,0,1033
2026-07-23 16:48:23,Cell_5,2.249,35.519,43.04,138,0,1052
2026-07-23 16:48:23,Cell_50,2.174,42.779,43.89,201,0,999
2026-07-23 16:48:23,Cell_51,2.143,19.333,37.26,157,0,1035
2026-07-23 16:48:23,Cell_52,2.203,36.7,38.89,57,0,1140
2026-07-23 16:48:23,Cell_53,2.256,35.052,36.83,146,0,1045
2026-07-23 16:48:23,Cell_54,2.192,30.729,37.9,124,0,1061
2026-07-23 16:48:23,Cell_55,2.277,43.89,38.49,189,0,1010
2026-07-23 16:48:23,Cell_6,2.257,25.218,32.87,142,0,1046
2026-07-23 16:48:23,Cell_7,2.087,21.598,67.83,156,1,948
2026-07-23 16:48:23,Cell_8,2.165,32.029,36.37,107,0,1092
2026-07-23 16:48:23,Cell_9,2.138,37.004,40.68,92,0,1090
2026-07-23 16:50:23,Cell_1,2.069,28.823,39.6,198,0,988
2026-07-23 16:50:23,Cell_10,2.15,13.989,35.27,173,0,1019
2026-07-23 16:50:23,Cell_11,2.284,27.379,35.9,135,0,1058
2026-07-23 16:50:23,Cell_12,2.078,17.561,66.53,151,1,969
2026-07-23 16:50:23,Cell_13,2.029,28.941,60.07,51,1,1119
2026-07-23 16:50:23,Cell_14,2.204,10.666,32.4,128,0,1071
2026-07-23 16:50:23,Cell_15,2.206,33.933,41.43,66,0,1118
2026-07-23 16:50:23,Cell_16,2.245,13.385,27.77,146,0,1050
2026-07-23 16:50:23,Cell_17,2.101,21.391,65.02,191,1,907
2026-07-23 16:50:23,Cell_18,2.198,38.076,42.04,158,0,1024
2026-07-23 16:50:23,Cell_19,2.179,22.573,38.56,130,0,1063
2026-07-23 16:50:23,Cell_2,2.126,10.613,29.15,128,0,1070
2026-07-23 16:50:23,Cell_20,2.245,30.124,36.81,147,0,1051
2026-07-23 16:50:23,Cell_21,2.209,45.084,44.45,60,0,1132
2026-07-23 16:50:23,Cell_22,2.191,26.789,35.31,164,0,1018
2026-07-23 16:50:23,Cell_23,2.222,22.41,36.62,156,0,1034
2026-07-23 16:50:23,Cell_24,2.188,47.44,43.75,179,0,1004
2026-07-23 16:50:23,Cell_25,2.158,27.783,40.32,102,0,1081
2026-07-23 16:50:23,Cell_26,2.176,32.655,41.49,197,0,990
2026-07-23 16:50:23,Cell_27,2.138,27.289,39.49,110,0,1088
2026-07-23 16:50:23,Cell_28,2.185,9.637,33.32,114,0,1085
2026-07-23 16:50:23,Cell_29,2.141,18.906,61.35,94,1,1041
2026-07-23 16:50:23,Cell_3,2.123,30.846,32.95,186,0,1012
2026-07-23 16:50:23,Cell_30,2.159,8.648,33.79,94,0,1096
2026-07-23 16:50:23,Cell_31,2.197,29.268,60.0,106,1,1084
2026-07-23 16:50:23,Cell_32,2.178,35.167,45.4,109,0,1080
2026-07-23 16:50:23,Cell_33,2.255,36.75,39.82,85,0,1106
2026-07-23 16:50:23,Cell_34,2.146,36.833,41.59,173,0,1026
2026-07-23 16:50:23,Cell_35,2.16,18.697,36.44,159,0,1039
2026-07-23 16:50:23,Cell_36,2.225,19.025,31.55,90,0,1091
2026-07-23 16:50:23,Cell_37,2.166,23.382,36.27,116,0,1077
2026-07-23 16:50:23,Cell_38,2.223,17.763,31.63,152,0,1031
2026-07-23 16:50:23,Cell_39,2.174,9.75,24.95,185,0,1007
2026-07-23 16:50:23,Cell_4,2.157,15.8,31.25,162,0,1035
2026-07-23 16:50:23,Cell_40,2.217,39.466,40.62,143,0,1042
2026-07-23 16:50:23,Cell_41,2.244,17.225,31.84,150,0,1036
2026-07-23 16:50:23,Cell_42,2.187,26.79,39.53,109,0,1081
2026-07-23 16:50:23,Cell_43,2.21,10.939,29.08,152,0,1033
2026-07-23 16:50:23,Cell_44,2.222,19.382,32.99,106,0,1084
2026-07-23 16:50:23,Cell_45,2.138,28.91,48.04,128,0,1063
2026-07-23 16:50:23,Cell_46,2.103,20.991,71.79,72,1,1073
2026-07-23 16:50:23,Cell_47,2.126,15.676,63.39,153,1,970
2026-07-23 16:50:23,Cell_48,2.276,45.405,49.26,75,0,1123
2026-07-23 16:50:23,Cell_49,2.186,26.533,36.39,151,0,1031
2026-07-23 16:50:23,Cell_5,2.269,23.844,38.0,138,0,1043
2026-07-23 16:50:23,Cell_50,2.225,20.057,33.56,201,0,984
2026-07-23 16:50:23,Cell_51,2.237,34.576,37.42,157,0,1025
2026-07-23 16:50:23,Cell_52,2.142,30.505,38.12,57,0,1125
2026-07-23 16:50:23,Cell_53,2.199,35.707,39.2,146,0,1053
2026-07-23 16:50:23,Cell_54,2.232,33.283,40.06,124,0,1073
2026-07-23 16:50:23,Cell_55,2.129,15.098,29.19,190,0,1008
2026-07-23 16:50:23,Cell_6,2.196,20.0,33.08,142,0,1043
2026-07-23 16:50:23,Cell_7,2.288,44.964,48.38,156,0,1033
2026-07-23 16:50:23,Cell_8,2.298,20.44,34.95,108,0,1085
2026-07-23 16:50:23,Cell_9,2.117,28.984,41.76,92,0,1104
2026-07-23 16:52:23,Cell_1,2.134,18.895,37.05,198,0,995
2026-07-23 16:52:23,Cell_10,2.268,24.714,34.14,173,0,1022
2026-07-23 16:52:23,Cell_11,2.277,18.958,28.04,135,0,1055
2026-07-23 16:52:23,Cell_12,2.269,21.589,40.82,151,0,1044
2026-07-23 16:52:23,Cell_13,2.149,22.835,32.81,51,0,1145
2026-07-23 16:52:23,Cell_14,2.286,25.378,35.27,128,0,1067
2026-07-23 16:52:23,Cell_15,2.274,5.916,28.07,67,0,1118
2026-07-23 16:52:23,Cell_16,2.293,25.817,43.46,146,0,1038
2026-07-23 16:52:23,Cell_17,2.169,20.409,38.65,191,0,999
2026-07-23 16:52:23,Cell_18,2.263,36.137,40.26,158,0,1027
2026-07-23 16:52:23,Cell_19,2.154,37.431,42.85,130,0,1069
2026-07-23 16:52:23,Cell_2,2.194,18.89,32.98,128,0,1060
2026-07-23 16:52:23,Cell_20,2.221,15.683,31.98,147,0,1038
2026-07-23 16:52:23,Cell_21,2.234,41.581,42.59,60,0,1127
2026-07-23 16:52:23,Cell_22,2.216,3.466,26.91,164,0,1024
2026-07-23 16:52:23,Cell_23,2.179,13.124,33.77,156,0,1029
2026-07-23 16:52:23,Cell_24,2.17,29.799,41.24,179,0,1020
2026-07-23 16:52:23,Cell_25,2.228,36.736,42.21,102,0,1096
2026-07-23 16:52:23,Cell_26,2.082,40.551,68.2,197,1,903
2026-07-23 16:52:23,Cell_27,2.251,50.0,47.4,110,0,1084
2026-07-23 16:52:23,Cell_28,2.206,30.723,39.85,114,0,1082
2026-07-23 16:52:23,Cell_29,2.286,33.194,42.41,94,0,1096
2026-07-23 16:52:23,Cell_3,2.123,23.292,39.13,186,0,1007
2026-07-23 16:52:23,Cell_30,2.183,26.477,41.32,95,0,1102
2026-07-23 16:52:23,Cell_31,2.247,4.641,25.2,106,0,1082
2026-07-23 16:52:23,Cell_32,2.186,20.43,40.71,109,0,1072
2026-07-23 16:52:23,Cell_33,2.242,0.691,25.42,85,0,1107
2026-07-23 16:52:23,Cell_34,2.162,33.093,38.73,173,0,1020
2026-07-23 16:52:23,Cell_35,2.245,24.811,37.52,159,0,1027
2026-07-23 16:52:23,Cell_36,1.9,46.517,80.26,90,2,1054
2026-07-23 16:52:23,Cell_37,2.219,28.349,36.66,116,0,1077
2026-07-23 16:52:23,Cell_38,2.222,26.106,40.27,152,0,1036
2026-07-23 16:52:23,Cell_39,2.239,22.098,35.55,185,0,997
2026-07-23 16:52:23,Cell_4,2.195,36.263,36.47,162,0,1020
2026-07-23 16:52:23,Cell_40,2.177,5.884,60.0,143,1,1054
2026-07-23 16:52:23,Cell_41,2.132,16.773,30.11,150,0,1034
2026-07-23 16:52:23,Cell_42,2.18,25.66,35.73,109,0,1086
2026-07-23 16:52:23,Cell_43,2.182,20.122,32.22,152,0,1043
2026-07-23 16:52:23,Cell_44,2.272,15.173,34.43,106,0,1082
2026-07-23 16:52:23,Cell_45,2.157,20.268,40.87,128,0,1072
2026-07-23 16:52:23,Cell_46,2.194,50.0,46.36,72,0,1110
2026-07-23 16:52:23,Cell_47,2.217,0.0,26.08,153,0,1038
2026-07-23 16:52:23,Cell_48,2.171,44.637,42.21,75,0,1113
2026-07-23 16:52:23,Cell_49,2.218,27.003,34.94,151,0,1040
2026-07-23 16:52:23,Cell_5,2.261,27.589,40.43,138,0,1051
2026-07-23 16:52:23,Cell_50,2.205,35.231,39.93,201,0,984
2026-07-23 16:52:23,Cell_51,2.174,26.036,35.32,157,0,1031
2026-07-23 16:52:23,Cell_52,2.254,16.143,28.33,58,0,1128
2026-07-23 16:52:23,Cell_53,2.136,43.316,49.16,146,0,1042
2026-07-23 16:52:23,Cell_54,2.296,41.615,43.78,125,0,1075
2026-07-23 16:52:23,Cell_55,2.191,37.283,40.45,190,0,1003
2026-07-23 16:52:23,Cell_6,2.278,19.934,31.6,142,0,1047
2026-07-23 16:52:23,Cell_7,2.231,25.359,33.62,156,0,1042
2026-07-23 16:52:23,Cell_8,2.251,28.695,35.1,108,0,1087
2026-07-23 16:52:23,Cell_9,2.235,20.556,36.55,92,0,1094
2026-07-23 16:54:23,Cell_1,2.177,24.525,37.39,198,0,995
2026-07-23 16:54:23,Cell_10,2.145,39.423,41.93,173,0,1024
2026-07-23 16:54:23,Cell_11,2.178,19.088,36.2,135,0,1046
2026-07-23 16:54:23,Cell_12,2.276,21.863,36.66,151,0,1030
2026-07-23 16:54:23,Cell_13,2.276,38.771,40.79,51,0,1141
2026-07-23 16:54:23,Cell_14,2.219,25.015,39.18,128,0,1062
2026-07-23 16:54:23,Cell_15,2.199,21.236,34.94,67,0,1131
2026-07-23 16:54:23,Cell_16,2.159,28.581,40.28,146,0,1049
2026-07-23 16:54:23,Cell_17,2.2,25.139,40.69,191,0,1001
2026-07-23 16:54:23,Cell_18,2.131,18.656,33.25,158,0,1036
2026-07-23 16:54:23,Cell_19,2.103,12.286,33.89,130,0,1062
2026-07-23 16:54:23,Cell_2,2.252,28.805,39.25,128,0,1071
2026-07-23 16:54:23,Cell_20,2.124,17.421,35.59,147,0,1039
2026-07-23 16:54:23,Cell_21,2.208,11.315,35.9,60,0,1133
2026-07-23 16:54:23,Cell_22,2.127,25.835,39.34,164,0,1017
2026-07-23 16:54:23,Cell_23,2.235,13.434,28.04,156,0,1028
2026-07-23 16:54:23,Cell_24,2.239,23.715,30.53,179,0,1016
2026-07-23 16:54:23,Cell_25,2.245,29.093,34.97,102,0,1080
2026-07-23 16:54:23,Cell_26,2.17,40.587,41.5,197,0,989
2026-07-23 16:54:23,Cell_27,2.22,34.238,40.39,110,0,1089
2026-07-23 16:54:23,Cell_28,2.033,27.617,63.55,114,1,1020
2026-07-23 16:54:23,Cell_29,2.165,13.66,31.57,94,0,1103
2026-07-23 16:54:23,Cell_3,2.248,27.045,42.64,186,0,1012
2026-07-23 16:54:23,Cell_30,2.136,46.276,44.96,95,0,1091
2026-07-23 16:54:23,Cell_31,2.197,14.807,22.55,106,0,1092
2026-07-23 16:54:23,Cell_32,2.212,41.118,37.31,109,0,1087
2026-07-23 16:54:23,Cell_33,2.287,24.488,35.88,85,0,1096
2026-07-23 16:54:23,Cell_34,2.207,28.738,34.8,173,0,1010
2026-07-23 16:54:23,Cell_35,2.239,26.382,42.86,159,0,1027
2026-07-23 16:54:23,Cell_36,2.264,0.0,23.07,90,0,1093
2026-07-23 16:54:23,Cell_37,2.239,32.63,36.59,117,0,1067
2026-07-23 16:54:23,Cell_38,2.233,36.134,35.61,152,0,1033
2026-07-23 16:54:23,Cell_39,2.154,15.027,30.07,185,0,1007
2026-07-23 16:54:23,Cell_4,2.194,20.352,31.97,162,0,1023
2026-07-23 16:54:23,Cell_40,2.161,12.069,30.12,143,0,1051
2026-07-23 16:54:23,Cell_41,2.266,25.521,33.79,150,0,1039
2026-07-23 16:54:23,Cell_42,2.073,26.775,39.63,109,0,1088
2026-07-23 16:54:23,Cell_43,1.9,44.278,80.17,152,2,971
2026-07-23 16:54:23,Cell_44,2.3,20.303,33.73,106,0,1085
2026-07-23 16:54:23,Cell_45,2.231,42.838,48.47,128,0,1054
2026-07-23 16:54:23,Cell_46,2.246,24.545,36.48,72,0,1121
2026-07-23 16:54:23,Cell_47,2.158,11.639,30.53,153,0,1043
2026-07-23 16:54:23,Cell_48,2.174,21.476,31.65,75,0,1118
2026-07-23 16:54:23,Cell_49,2.232,27.457,35.25,151,0,1030
2026-07-23 16:54:23,Cell_5,2.109,16.942,33.27,139,0,1055
2026-07-23 16:54:23,Cell_50,2.146,26.774,37.04,201,0,985
2026-07-23 16:54:23,Cell_51,2.249,18.848,39.63,157,0,1041
2026-07-23 16:54:23,Cell_52,2.278,26.042,37.39,58,0,1127
2026-07-23 16:54:23,Cell_53,2.203,30.589,43.63,146,0,1047
2026-07-23 16:54:23,Cell_54,2.214,23.348,35.53,125,0,1065
2026-07-23 16:54:23,Cell_55,2.188,18.252,35.32,190,0,1010
2026-07-23 16:54:23,Cell_6,2.162,4.758,33.05,142,0,1040
2026-07-23 16:54:23,Cell_7,2.203,34.854,43.03,156,0,1028
2026-07-23 16:54:23,Cell_8,2.211,13.985,30.48,108,0,1078
2026-07-23 16:54:23,Cell_9,2.278,21.583,33.87,92,0,1101
2026-07-23 16:56:23,Cell_1,2.098,21.563,64.29,198,1,893
2026-07-23 16:56:23,Cell_10,2.12,38.718,60.02,173,1,934
2026-07-23 16:56:23,Cell_11,2.21,33.317,38.81,135,0,1055
2026-07-23 16:56:23,Cell_12,2.24,11.236,31.8,151,0,1045
2026-07-23 16:56:23,Cell_13,2.21,30.213,40.86,51,0,1132
2026-07-23 16:56:23,Cell_14,2.268,39.04,41.62,128,0,1060
2026-07-23 16:56:23,Cell_15,2.254,17.925,27.87,68,0,1131
2026-07-23 16:56:23,Cell_16,2.3,27.727,35.53,146,0,1045
2026-07-23 16:56:23,Cell_17,2.145,30.947,38.24,191,0,991
2026-07-23 16:56:23,Cell_18,2.275,36.084,41.21,158,0,1038
2026-07-23 16:56:23,Cell_19,2.236,18.297,35.02,130,0,1056
2026-07-23 16:56:23,Cell_2,2.193,14.291,33.54,128,0,1053
2026-07-23 16:56:23,Cell_20,2.151,19.862,34.11,147,0,1037
2026-07-23 16:56:23,Cell_21,2.199,23.975,35.61,60,0,1137
2026-07-23 16:56:23,Cell_22,2.233,23.016,35.79,164,0,1024
2026-07-23 16:56:23,Cell_23,2.182,26.438,37.17,156,0,1032
2026-07-23 16:56:23,Cell_24,2.196,27.075,33.58,179,0,1002
2026-07-23 16:56:23,Cell_25,2.208,28.031,38.37,102,0,1086
2026-07-23 16:56:23,Cell_26,2.23,29.96,38.98,197,0,996
2026-07-23 16:56:23,Cell_27,2.137,19.515,68.53,110,1,1025
2026-07-23 16:56:23,Cell_28,2.191,21.214,33.26,114,0,1082
2026-07-23 16:56:23,Cell_29,2.268,35.425,36.34,94,0,1105
2026-07-23 16:56:23,Cell_3,2.189,23.596,30.73,186,0,1004
2026-07-23 16:56:23,Cell_30,2.225,28.388,36.21,95,0,1088
2026-07-23 16:56:23,Cell_31,2.177,43.091,42.23,106,0,1084
2026-07-23 16:56:23,Cell_32,2.254,16.337,31.63,109,0,1089
2026-07-23 16:56:23,Cell_33,2.3,32.526,40.0,85,0,1101
2026-07-23 16:56:23,Cell_34,2.213,25.977,41.02,173,0,1026
2026-07-23 16:56:23,Cell_35,2.181,14.402,26.72,159,0,1033
2026-07-23 16:56:23,Cell_36,2.172,36.601,36.57,90,0,1096
2026-07-23 16:56:23,Cell_37,2.217,28.854,34.96,117,0,1083
2026-07-23 16:56:23,Cell_38,2.259,17.722,33.36,152,0,1033
2026-07-23 16:56:23,Cell_39,2.19,13.553,37.2,185,0,1012
2026-07-23 16:56:23,Cell_4,2.177,13.118,30.05,162,0,1031
2026-07-23 16:56:23,Cell_40,2.27,23.67,30.32,143,0,1043
2026-07-23 16:56:23,Cell_41,2.229,32.635,37.39,150,0,1039
2026-07-23 16:56:23,Cell_42,2.235,35.699,37.23,109,0,1089
2026-07-23 16:56:23,Cell_43,2.223,33.886,40.94,152,0,1038
2026-07-23 16:56:23,Cell_44,2.227,23.504,33.72,106,0,1081
2026-07-23 16:56:23,Cell_45,2.185,16.129,32.77,128,0,1066
2026-07-23 16:56:23,Cell_46,2.207,17.57,35.7,72,0,1125
2026-07-23 16:56:23,Cell_47,2.146,43.963,47.47,153,0,1028
2026-07-23 16:56:23,Cell_48,2.244,25.479,30.37,75,0,1108
2026-07-23 16:56:23,Cell_49,2.157,32.319,33.5,151,0,1032
2026-07-23 16:56:23,Cell_5,2.187,13.841,29.73,139,0,1059
2026-07-23 16:56:23,Cell_50,2.188,24.485,40.34,201,0,992
2026-07-23 16:56:23,Cell_51,2.156,11.113,32.17,157,0,1036
2026-07-23 16:56:23,Cell_52,2.173,26.804,33.29,58,0,1130
2026-07-23 16:56:23,Cell_53,2.234,30.667,40.92,146,0,1041
2026-07-23 16:56:23,Cell_54,2.124,22.654,34.59,125,0,1072
2026-07-23 16:56:23,Cell_55,2.101,29.903,34.85,190,0,994
2026-07-23 16:56:23,Cell_6,2.251,35.092,38.05,142,0,1050
2026-07-23 16:56:23,Cell_7,2.232,36.852,45.47,156,0,1043
2026-07-23 16:56:23,Cell_8,2.237,43.131,38.62,108,0,1082
2026-07-23 16:56:23,Cell_9,2.192,24.438,34.01,92,0,1094
2026-07-23 16:58:23,Cell_1,2.135,6.648,28.97,198,0,1000
2026-07-23 16:58:23,Cell_10,2.187,20.378,35.93,173,0,1013
2026-07-23 16:58:23,Cell_11,2.142,9.848,30.06,135,0,1061
2026-07-23 16:58:23,Cell_12,2.157,43.588,47.96,151,0,1036
2026-07-23 16:58:23,Cell_13,2.197,29.348,37.49,51,0,1134
2026-07-23 16:58:23,Cell_14,2.183,25.908,34.2,128,0,1072
2026-07-23 16:58:23,Cell_15,2.181,26.978,34.63,68,0,1125
2026-07-23 16:58:23,Cell_16,2.157,20.796,32.27,146,0,1035
2026-07-23 16:58:23,Cell_17,2.248,17.508,36.18,191,0,1008
2026-07-23 16:58:23,Cell_18,2.209,12.305,33.62,158,0,1030
2026-07-23 16:58:23,Cell_19,2.184,30.024,41.15,130,0,1063
2026-07-23 16:58:23,Cell_2,2.094,24.596,32.18,128,0,1061
2026-07-23 16:58:23,Cell_20,2.164,0.0,26.07,147,0,1035
2026-07-23 16:58:23,Cell_21,2.165,14.979,31.55,60,0,1125
2026-07-23 16:58:23,Cell_22,2.243,41.665,42.54,164,0,1033
2026-07-23 16:58:23,Cell_23,1.9,41.002,80.01,156,2,962
2026-07-23 16:58:23,Cell_24,2.238,26.212,36.95,179,0,1003
2026-07-23 16:58:23,Cell_25,2.151,19.976,33.5,102,0,1091
2026-07-23 16:58:23,Cell_26,2.168,32.623,43.05,197,0,985
2026-07-23 16:58:23,Cell_27,2.152,17.351,34.68,110,0,1084
2026-07-23 16:58:23,Cell_28,2.277,28.906,38.74,114,0,1082
2026-07-23 16:58:23,Cell_29,2.176,37.585,34.78,94,0,1090
2026-07-23 16:58:23,Cell_3,2.199,42.112,43.3,186,0,1001
2026-07-23 16:58:23,Cell_30,2.272,37.56,39.08,95,0,1088
2026-07-23 16:58:23,Cell_31,2.197,26.85,41.42,106,0,1091
2026-07-23 16:58:23,Cell_32,2.101,23.148,35.67,109,0,1085
2026-07-23 16:58:23,Cell_33,2.257,7.152,27.33,85,0,1100
2026-07-23 16:58:23,Cell_34,2.265,30.384,38.19,173,0,1024
2026-07-23 16:58:23,Cell_35,2.035,24.38,68.27,159,1,953
2026-07-23 16:58:23,Cell_36,2.259,29.488,40.87,90,0,1101
2026-07-23 16:58:23,Cell_37,2.219,25.501,35.78,117,0,1081
2026-07-23 16:58:23,Cell_38,2.228,27.964,40.87,152,0,1035
2026-07-23 16:58:23,Cell_39,2.142,32.218,39.76,185,0,1011
2026-07-23 16:58:23,Cell_4,2.18,27.141,32.85,162,0,1031
2026-07-23 16:58:23,Cell_40,2.182,23.536,29.95,143,0,1056
2026-07-23 16:58:23,Cell_41,1.9,30.85,80.3,150,2,967
2026-07-23 16:58:23,Cell_42,2.199,27.229,32.95,109,0,1073
2026-07-23 16:58:23,Cell_43,2.248,20.986,40.45,152,0,1047
2026-07-23 16:58:23,Cell_44,2.212,33.931,46.91,107,0,1092
2026-07-23 16:58:23,Cell_45,2.298,21.595,31.0,128,0,1066
2026-07-23 16:58:23,Cell_46,2.293,24.357,31.42,72,0,1121
2026-07-23 16:58:23,Cell_47,2.083,20.007,62.13,153,1,955
2026-07-23 16:58:23,Cell_48,2.141,9.668,28.12,75,0,1115
2026-07-23 16:58:23,Cell_49,2.169,25.756,38.54,151,0,1048
2026-07-23 16:58:23,Cell_5,2.233,36.509,42.45,139,0,1058
2026-07-23 16:58:23,Cell_50,2.031,1.063,63.62,201,1,881
2026-07-23 16:58:23,Cell_51,2.169,22.475,37.95,157,0,1025
2026-07-23 16:58:23,Cell_52,2.229,21.567,37.04,58,0,1132
2026-07-23 16:58:23,Cell_53,2.266,22.433,36.48,146,0,1052
2026-07-23 16:58:23,Cell_54,2.215,13.334,32.5,126,0,1063
2026-07-23 16:58:23,Cell_55,2.154,2.459,24.49,190,0,1004
2026-07-23 16:58:23,Cell_6,2.206,30.019,39.83,142,0,1047
2026-07-23 16:58:23,Cell_7,2.13,21.692,37.16,156,0,1040
2026-07-23 16:58:23,Cell_8,2.228,26.737,39.11,108,0,1081
2026-07-23 16:58:23,Cell_9,2.232,23.433,34.89,92,0,1091
2026-07-23 17:00:23,Cell_1,2.234,11.859,25.88,198,0,992
2026-07-23 17:00:23,Cell_10,2.171,3.255,30.26,173,0,1019
2026-07-23 17:00:23,Cell_11,2.221,30.809,37.17,135,0,1049
2026-07-23 17:00:23,Cell_12,2.174,21.881,35.06,151,0,1036
2026-07-23 17:00:23,Cell_13,2.086,10.568,68.44,51,1,1122
2026-07-23 17:00:23,Cell_14,2.172,36.804,40.99,128,0,1071
2026-07-23 17:00:23,Cell_15,2.246,26.073,35.49,68,0,1131
2026-07-23 17:00:23,Cell_16,2.238,32.387,39.33,146,0,1045
2026-07-23 17:00:23,Cell_17,2.212,21.173,31.41,191,0,1005
2026-07-23 17:00:23,Cell_18,2.24,34.613,45.96,158,0,1027
2026-07-23 17:00:23,Cell_19,2.3,46.566,53.55,130,0,1062
2026-07-23 17:00:23,Cell_2,2.168,30.575,40.05,128,0,1067
2026-07-23 17:00:23,Cell_20,2.127,41.207,41.08,147,0,1041
2026-07-23 17:00:23,Cell_21,2.274,24.604,34.12,60,0,1133
2026-07-23 17:00:23,Cell_22,2.177,27.413,34.42,164,0,1031
2026-07-23 17:00:23,Cell_23,2.223,31.569,38.09,156,0,1034
2026-07-23 17:00:23,Cell_24,2.196,24.074,35.14,179,0,1016
2026-07-23 17:00:23,Cell_25,2.3,37.881,40.56,102,0,1090
2026-07-23 17:00:23,Cell_26,2.217,31.919,37.86,197,0,986
2026-07-23 17:00:23,Cell_27,2.224,33.076,38.58,110,0,1081
2026-07-23 17:00:23,Cell_28,2.2,15.277,33.25,114,0,1067
2026-07-23 17:00:23,Cell_29,2.179,33.547,39.76,94,0,1095
2026-07-23 17:00:23,Cell_3,2.158,24.282,36.84,186,0,1004
2026-07-23 17:00:23,Cell_30,2.206,9.399,31.21,95,0,1103
2026-07-23 17:00:23,Cell_31,2.21,31.778,38.71,106,0,1082
2026-07-23 17:00:23,Cell_32,2.232,14.234,28.3,109,0,1082
2026-07-23 17:00:23,Cell_33,2.292,19.022,27.87,85,0,1101
2026-07-23 17:00:23,Cell_34,2.116,42.907,42.78,173,0,1010
2026-07-23 17:00:23,Cell_35,2.032,17.102,38.96,159,0,1033
2026-07-23 17:00:23,Cell_36,2.241,17.427,27.2,90,0,1095
2026-07-23 17:00:23,Cell_37,2.206,20.433,33.11,117,0,1082
2026-07-23 17:00:23,Cell_38,2.223,36.751,42.75,152,0,1040
2026-07-23 17:00:23,Cell_39,2.203,30.219,42.03,185,0,1011
2026-07-23 17:00:23,Cell_4,2.094,36.904,38.1,162,0,1022
2026-07-23 17:00:23,Cell_40,2.27,20.153,36.49,143,0,1040
2026-07-23 17:00:23,Cell_41,2.141,28.741,37.5,150,0,1039
2026-07-23 17:00:23,Cell_42,2.2,19.386,29.73,109,0,1082
2026-07-23 17:00:23,Cell_43,2.134,25.875,35.72,152,0,1046
2026-07-23 17:00:23,Cell_44,2.192,12.742,32.48,108,0,1076
2026-07-23 17:00:23,Cell_45,2.204,22.101,36.34,128,0,1060
2026-07-23 17:00:23,Cell_46,2.216,25.08,33.97,72,0,1121
2026-07-23 17:00:23,Cell_47,1.9,49.518,84.3,153,2,969
2026-07-23 17:00:23,Cell_48,2.277,19.711,34.09,75,0,1119
2026-07-23 17:00:23,Cell_49,2.2,12.09,26.61,151,0,1049
2026-07-23 17:00:23,Cell_5,2.237,36.461,41.52,139,0,1053
2026-07-23 17:00:23,Cell_50,2.17,10.881,30.36,201,0,995
2026-07-23 17:00:23,Cell_51,2.297,30.396,37.32,157,0,1043
2026-07-23 17:00:23,Cell_52,2.3,22.655,34.34,58,0,1140
2026-07-23 17:00:23,Cell_53,2.196,1.863,27.5,146,0,1042
2026-07-23 17:00:23,Cell_54,2.215,35.271,35.81,126,0,1069
2026-07-23 17:00:23,Cell_55,2.249,20.603,30.31,190,0,1002
2026-07-23 17:00:23,Cell_6,2.207,29.791,38.07,142,0,1058
2026-07-23 17:00:23,Cell_7,1.9,50.0,83.17,156,2,959
2026-07-23 17:00:23,Cell_8,2.3,19.14,30.69,108,0,1078
2026-07-23 17:00:23,Cell_9,2.237,16.841,32.55,92,0,1094
2026-07-23 17:02:23,Cell_1,2.203,20.368,34.62,199,0,999
2026-07-23 17:02:23,Cell_10,2.113,41.574,45.77,173,0,1022
2026-07-23 17:02:23,Cell_11,2.092,29.3,32.56,135,0,1065
2026-07-23 17:02:23,Cell_12,2.163,33.487,47.09,151,0,1046
2026-07-23 17:02:23,Cell_13,2.299,29.627,37.55,51,0,1137
2026-07-23 17:02:23,Cell_14,2.259,15.225,29.92,128,0,1069
2026-07-23 17:02:23,Cell_15,2.193,39.272,42.03,68,0,1123
2026-07-23 17:02:23,Cell_16,2.227,31.977,40.43,147,0,1043
2026-07-23 17:02:23,Cell_17,2.224,24.792,33.92,191,0,1005
2026-07-23 17:02:23,Cell_18,2.201,28.224,39.61,158,0,1029
2026-07-23 17:02:23,Cell_19,2.158,19.475,38.28,130,0,1068
2026-07-23 17:02:23,Cell_2,2.226,49.445,47.93,128,0,1071
2026-07-23 17:02:23,Cell_20,2.164,14.666,30.0,147,0,1038
2026-07-23 17:02:23,Cell_21,2.22,24.95,31.85,60,0,1137
2026-07-23 17:02:23,Cell_22,2.217,25.043,34.22,164,0,1031
2026-07-23 17:02:23,Cell_23,2.125,22.135,37.18,156,0,1039
2026-07-23 17:02:23,Cell_24,2.3,21.603,41.47,180,0,1018
2026-07-23 17:02:23,Cell_25,2.13,9.285,60.22,102,1,1041
2026-07-23 17:02:23,Cell_26,2.219,22.133,36.09,197,0,989
2026-07-23 17:02:23,Cell_27,2.214,18.89,31.52,110,0,1081
2026-07-23 17:02:23,Cell_28,2.169,35.791,46.82,114,0,1085
2026-07-23 17:02:23,Cell_29,2.148,15.333,31.15,94,0,1097
2026-07-23 17:02:23,Cell_3,2.187,41.764,42.84,186,0,1011
2026-07-23 17:02:23,Cell_30,2.154,12.183,30.41,95,0,1090
2026-07-23 17:02:23,Cell_31,2.213,21.992,32.1,106,0,1084
2026-07-23 17:02:23,Cell_32,2.237,50.0,43.07,109,0,1087
2026-07-23 17:02:23,Cell_33,2.3,29.5,39.92,85,0,1113
2026-07-23 17:02:23,Cell_34,1.9,32.953,75.78,173,2,935
2026-07-23 17:02:23,Cell_35,2.225,9.107,24.9,159,0,1022
2026-07-23 17:02:23,Cell_36,2.115,26.824,34.26,90,0,1094
2026-07-23 17:02:23,Cell_37,2.264,25.591,37.78,117,0,1076
2026-07-23 17:02:23,Cell_38,2.214,31.513,36.87,152,0,1045
2026-07-23 17:02:23,Cell_39,2.087,9.576,31.68,185,0,1003
2026-07-23 17:02:23,Cell_4,2.113,25.12,39.27,162,0,1029
2026-07-23 17:02:23,Cell_40,2.243,22.631,40.69,143,0,1044
2026-07-23 17:02:23,Cell_41,2.245,28.848,35.14,151,0,1039
2026-07-23 17:02:23,Cell_42,2.151,20.25,34.05,109,0,1084
2026-07-23 17:02:23,Cell_43,2.252,23.791,39.33,153,0,1045
2026-07-23 17:02:23,Cell_44,2.246,17.43,29.32,108,0,1083
2026-07-23 17:02:23,Cell_45,2.224,25.592,37.73,128,0,1053
2026-07-23 17:02:23,Cell_46,2.233,25.18,31.18,72,0,1118
2026-07-23 17:02:23,Cell_47,2.207,32.385,38.56,153,0,1035
2026-07-23 17:02:23,Cell_48,2.26,39.756,41.86,75,0,1113
2026-07-23 17:02:23,Cell_49,2.182,14.692,33.78,151,0,1042
2026-07-23 17:02:23,Cell_5,2.203,17.749,33.38,139,0,1060
2026-07-23 17:02:23,Cell_50,2.197,41.059,39.88,201,0,995
2026-07-23 17:02:23,Cell_51,2.193,31.832,35.46,157,0,1024
2026-07-23 17:02:23,Cell_52,2.253,27.338,32.87,58,0,1129
2026-07-23 17:02:23,Cell_53,2.186,21.314,33.46,146,0,1039
2026-07-23 17:02:23,Cell_54,2.093,31.948,62.6,126,1,1004
2026-07-23 17:02:23,Cell_55,2.103,25.495,39.44,190,0,994
2026-07-23 17:02:23,Cell_6,2.3,16.819,36.07,142,0,1051
2026-07-23 17:02:23,Cell_7,2.165,42.062,40.5,156,0,1037
2026-07-23 17:02:23,Cell_8,2.209,30.871,36.85,108,0,1086
2026-07-23 17:02:23,Cell_9,2.216,33.494,40.74,92,0,1099
2026-07-23 17:04:23,Cell_1,2.161,41.561,42.72,199,0,984
2026-07-23 17:04:23,Cell_10,2.193,36.448,41.51,173,0,1013
2026-07-23 17:04:23,Cell_11,1.835,37.838,79.62,135,2,978
2026-07-23 17:04:23,Cell_12,2.223,13.498,32.1,151,0,1030
2026-07-23 17:04:23,Cell_13,2.142,23.482,31.68,51,0,1138
2026-07-23 17:04:23,Cell_14,1.9,46.061,80.46,128,2,1001
2026-07-23 17:04:23,Cell_15,2.3,40.51,40.26,68,0,1127
2026-07-23 17:04:23,Cell_16,2.261,36.319,38.03,147,0,1034
2026-07-23 17:04:23,Cell_17,2.293,22.952,38.11,191,0,1008
2026-07-23 17:04:23,Cell_18,2.106,23.416,66.6,158,1,956
2026-07-23 17:04:23,Cell_19,2.153,4.551,27.98,130,0,1069
2026-07-23 17:04:23,Cell_2,2.236,16.565,31.19,128,0,1064
2026-07-23 17:04:23,Cell_20,2.238,15.968,38.72,147,0,1034
2026-07-23 17:04:23,Cell_21,2.214,35.544,36.39,60,0,1128
2026-07-23 17:04:23,Cell_22,2.207,21.186,32.13,164,0,1026
2026-07-23 17:04:23,Cell_23,2.145,27.335,67.75,156,1,954
2026-07-23 17:04:23,Cell_24,2.244,13.985,32.99,180,0,1020
2026-07-23 17:04:23,Cell_25,2.243,35.313,39.03,102,0,1095
2026-07-23 17:04:23,Cell_26,2.098,33.999,42.56,197,0,991
2026-07-23 17:04:23,Cell_27,2.224,17.438,34.71,110,0,1078
2026-07-23 17:04:23,Cell_28,2.3,25.235,36.42,114,0,1070
2026-07-23 17:04:23,Cell_29,2.159,44.723,46.51,94,0,1097
2026-07-23 17:04:23,Cell_3,2.132,27.688,75.0,186,2,910
2026-07-23 17:04:23,Cell_30,2.185,4.237,25.38,96,0,1104
2026-07-23 17:04:23,Cell_31,2.234,21.36,37.26,106,0,1086
2026-07-23 17:04:23,Cell_32,2.185,13.481,34.55,109,0,1088
2026-07-23 17:04:23,Cell_33,2.248,32.639,41.88,85,0,1100
2026-07-23 17:04:23,Cell_34,2.244,21.086,31.76,173,0,1022
2026-07-23 17:04:23,Cell_35,2.208,8.67,31.68,159,0,1037
2026-07-23 17:04:23,Cell_36,2.234,32.811,39.95,90,0,1107
2026-07-23 17:04:23,Cell_37,2.23,29.432,37.41,117,0,1067
2026-07-23 17:04:23,Cell_38,2.128,38.864,37.19,152,0,1037
2026-07-23 17:04:23,Cell_39,2.151,45.053,45.41,185,0,1010
2026-07-23 17:04:23,Cell_4,2.222,23.634,27.05,162,0,1032
2026-07-23 17:04:23,Cell_40,2.269,31.021,31.44,143,0,1053
2026-07-23 17:04:23,Cell_41,2.099,38.489,60.62,151,1,958
2026-07-23 17:04:23,Cell_42,2.281,19.568,31.99,109,0,1076
2026-07-23 17:04:23,Cell_43,2.174,31.368,40.68,153,0,1034
2026-07-23 17:04:23,Cell_44,2.226,13.895,29.89,108,0,1081
2026-07-23 17:04:23,Cell_45,2.251,12.126,30.09,128,0,1056
2026-07-23 17:04:23,Cell_46,2.211,43.204,38.93,72,0,1112
2026-07-23 17:04:23,Cell_47,2.278,24.134,34.4,153,0,1041
2026-07-23 17:04:23,Cell_48,2.287,11.866,30.1,75,0,1122
2026-07-23 17:04:23,Cell_49,2.198,29.841,35.65,151,0,1044
2026-07-23 17:04:23,Cell_5,2.246,25.331,36.84,139,0,1056
2026-07-23 17:04:23,Cell_50,2.149,29.281,42.67,201,0,980
2026-07-23 17:04:23,Cell_51,2.228,27.176,38.25,157,0,1031
2026-07-23 17:04:23,Cell_52,2.188,22.948,33.81,58,0,1134
2026-07-23 17:04:23,Cell_53,2.157,22.659,30.21,146,0,1043
2026-07-23 17:04:23,Cell_54,2.223,21.052,35.07,126,0,1074
2026-07-23 17:04:23,Cell_55,2.13,35.616,40.68,190,0,992
2026-07-23 17:04:23,Cell_6,2.127,31.37,33.96,142,0,1042
2026-07-23 17:04:23,Cell_7,1.852,43.69,80.07,156,2,959
2026-07-23 17:04:23,Cell_8,2.194,39.58,36.49,108,0,1089
2026-07-23 17:04:23,Cell_9,2.226,26.58,43.98,92,0,1103
2026-07-23 17:06:23,Cell_1,2.089,45.079,45.22,199,0,999
2026-07-23 17:06:23,Cell_10,2.196,16.695,28.71,174,0,1011
2026-07-23 17:06:23,Cell_11,2.258,40.154,40.99,135,0,1058
2026-07-23 17:06:23,Cell_12,2.211,37.633,39.44,151,0,1043
2026-07-23 17:06:23,Cell_13,2.272,22.36,35.91,51,0,1135
2026-07-23 17:06:23,Cell_14,2.3,21.47,37.17,128,0,1071
2026-07-23 17:06:23,Cell_15,2.286,27.026,36.05,68,0,1132
2026-07-23 17:06:23,Cell_16,2.244,40.213,40.06,147,0,1037
2026-07-23 17:06:23,Cell_17,2.26,17.788,31.26,191,0,995
2026-07-23 17:06:23,Cell_18,2.031,5.4,74.27,158,1,952
2026-07-23 17:06:23,Cell_19,2.024,28.961,60.0,131,1,1067
2026-07-23 17:06:23,Cell_2,2.242,27.906,39.25,128,0,1067
2026-07-23 17:06:23,Cell_20,2.202,25.536,37.32,147,0,1042
2026-07-23 17:06:23,Cell_21,2.3,23.046,34.71,60,0,1125
2026-07-23 17:06:23,Cell_22,2.167,10.323,28.29,165,0,1024
2026-07-23 17:06:23,Cell_23,2.209,19.312,31.26,156,0,1039
2026-07-23 17:06:23,Cell_24,2.3,16.735,30.84,180,0,1016
2026-07-23 17:06:23,Cell_25,2.194,21.235,33.41,102,0,1094
2026-07-23 17:06:23,Cell_26,2.21,25.104,38.82,197,0,990
2026-07-23 17:06:23,Cell_27,2.241,28.814,40.61,110,0,1071
2026-07-23 17:06:23,Cell_28,2.087,25.732,36.19,114,0,1074
2026-07-23 17:06:23,Cell_29,2.196,15.254,28.98,94,0,1090
2026-07-23 17:06:23,Cell_3,2.141,14.345,70.46,186,1,907
2026-07-23 17:06:23,Cell_30,2.063,21.974,62.34,96,1,1041
2026-07-23 17:06:23,Cell_31,2.231,36.516,38.17,106,0,1075
2026-07-23 17:06:23,Cell_32,2.227,20.526,33.99,109,0,1072
2026-07-23 17:06:23,Cell_33,2.151,19.977,34.41,85,0,1110
2026-07-23 17:06:23,Cell_34,2.127,5.429,29.19,173,0,1012
2026-07-23 17:06:23,Cell_35,2.242,25.084,34.2,159,0,1022
2026-07-23 17:06:23,Cell_36,2.268,9.572,23.9,90,0,1098
2026-07-23 17:06:23,Cell_37,2.264,29.079,37.85,117,0,1073
2026-07-23 17:06:23,Cell_38,2.212,28.32,33.06,152,0,1037
2026-07-23 17:06:23,Cell_39,2.275,17.44,32.97,185,0,996
2026-07-23 17:06:23,Cell_4,2.162,20.572,31.46,162,0,1038
2026-07-23 17:06:23,Cell_40,2.187,21.929,30.66,143,0,1048
2026-07-23 17:06:23,Cell_41,2.197,30.077,34.03,151,0,1046
2026-07-23 17:06:23,Cell_42,2.211,20.132,40.36,109,0,1082
2026-07-23 17:06:23,Cell_43,2.215,12.353,29.44,153,0,1042
2026-07-23 17:06:23,Cell_44,2.254,23.593,34.19,108,0,1077
2026-07-23 17:06:23,Cell_45,2.266,21.155,34.13,128,0,1059
2026-07-23 17:06:23,Cell_46,2.182,15.14,32.18,72,0,1110
2026-07-23 17:06:23,Cell_47,2.195,22.162,37.24,153,0,1042
2026-07-23 17:06:23,Cell_48,2.146,40.482,40.96,75,0,1117
2026-07-23 17:06:23,Cell_49,2.246,26.889,36.9,151,0,1039
2026-07-23 17:06:23,Cell_5,2.186,31.196,41.09,139,0,1051
2026-07-23 17:06:23,Cell_50,2.123,32.408,41.75,201,0,998
2026-07-23 17:06:23,Cell_51,2.214,15.112,35.05,157,0,1032
2026-07-23 17:06:23,Cell_52,2.155,28.849,33.53,59,0,1137
2026-07-23 17:06:23,Cell_53,2.142,47.546,43.9,146,0,1044
2026-07-23 17:06:23,Cell_54,2.139,31.04,36.1,126,0,1058
2026-07-23 17:06:23,Cell_55,1.9,31.444,86.32,190,2,905
2026-07-23 17:06:23,Cell_6,2.205,25.069,41.71,142,0,1047
2026-07-23 17:06:23,Cell_7,2.207,33.949,35.77,156,0,1031
2026-07-23 17:06:23,Cell_8,2.26,9.826,31.88,108,0,1084
2026-07-23 17:06:23,Cell_9,2.183,31.743,43.08,92,0,1095
2026-07-23 17:08:23,Cell_1,2.178,27.83,39.25,199,0,984
2026-07-23 17:08:23,Cell_10,2.16,19.585,34.6,174,0,1015
2026-07-23 17:08:23,Cell_11,2.178,25.478,38.99,135,0,1051
2026-07-23 17:08:23,Cell_12,2.127,25.749,42.64,151,0,1046
2026-07-23 17:08:23,Cell_13,2.173,32.629,38.72,51,0,1146
2026-07-23 17:08:23,Cell_14,2.062,27.636,73.55,128,1,991
2026-07-23 17:08:23,Cell_15,2.266,18.958,34.36,68,0,1123
2026-07-23 17:08:23,Cell_16,2.221,11.147,34.72,147,0,1043
2026-07-23 17:08:23,Cell_17,2.263,12.019,30.03,191,0,1002
2026-07-23 17:08:23,Cell_18,2.102,11.55,31.09,158,0,1038
2026-07-23 17:08:23,Cell_19,2.16,30.401,31.85,131,0,1069
2026-07-23 17:08:23,Cell_2,2.226,23.455,36.73,128,0,1068
2026-07-23 17:08:23,Cell_20,2.198,32.72,39.68,147,0,1052
2026-07-23 17:08:23,Cell_21,2.297,23.268,38.03,60,0,1135
2026-07-23 17:08:23,Cell_22,2.237,47.985,45.9,165,0,1035
2026-07-23 17:08:23,Cell_23,2.163,33.127,39.43,156,0,1044
2026-07-23 17:08:23,Cell_24,2.083,27.004,60.75,180,1,930
2026-07-23 17:08:23,Cell_25,1.9,39.574,79.67,102,2,1031
2026-07-23 17:08:23,Cell_26,2.117,39.14,46.05,197,0,1002
2026-07-23 17:08:23,Cell_27,2.24,8.799,30.03,110,0,1078
2026-07-23 17:08:23,Cell_28,2.239,21.156,30.48,114,0,1070
2026-07-23 17:08:23,Cell_29,2.258,39.421,43.85,94,0,1106
2026-07-23 17:08:23,Cell_3,2.09,21.636,36.34,186,0,1007
2026-07-23 17:08:23,Cell_30,2.095,43.275,71.27,96,1,1038
2026-07-23 17:08:23,Cell_31,2.242,2.806,23.08,106,0,1081
2026-07-23 17:08:23,Cell_32,2.19,28.606,33.74,109,0,1075
2026-07-23 17:08:23,Cell_33,2.191,41.78,42.22,85,0,1111
2026-07-23 17:08:23,Cell_34,2.2,28.841,39.4,173,0,1008
2026-07-23 17:08:23,Cell_35,2.149,33.353,40.62,159,0,1024
2026-07-23 17:08:23,Cell_36,2.149,22.231,31.32,90,0,1106
2026-07-23 17:08:23,Cell_37,2.131,32.398,64.24,117,1,1015
2026-07-23 17:08:23,Cell_38,2.205,31.424,42.01,152,0,1037
2026-07-23 17:08:23,Cell_39,2.232,43.03,43.41,185,0,1011
2026-07-23 17:08:23,Cell_4,2.182,36.893,38.63,162,0,1033
2026-07-23 17:08:23,Cell_40,2.233,23.07,29.91,143,0,1043
2026-07-23 17:08:23,Cell_41,2.21,30.448,39.11,151,0,1031
2026-07-23 17:08:23,Cell_42,2.193,19.704,31.18,109,0,1086
2026-07-23 17:08:23,Cell_43,2.19,32.832,38.8,154,0,1029
2026-07-23 17:08:23,Cell_44,2.208,20.468,34.77,108,0,1074
2026-07-23 17:08:23,Cell_45,2.284,16.545,29.29,128,0,1066
2026-07-23 17:08:23,Cell_46,2.297,32.584,39.57,73,0,1108
2026-07-23 17:08:23,Cell_47,2.182,23.423,32.03,153,0,1029
2026-07-23 17:08:23,Cell_48,2.137,19.749,35.3,75,0,1119
2026-07-23 17:08:23,Cell_49,2.211,10.334,32.08,151,0,1031
2026-07-23 17:08:23,Cell_5,2.222,29.958,41.03,139,0,1050
2026-07-23 17:08:23,Cell_50,2.175,36.047,46.84,201,0,989
2026-07-23 17:08:23,Cell_51,2.235,40.713,43.71,157,0,1034
2026-07-23 17:08:23,Cell_52,2.3,28.218,36.31,59,0,1134
2026-07-23 17:08:23,Cell_53,2.184,32.301,38.08,146,0,1047
2026-07-23 17:08:23,Cell_54,2.219,26.038,38.38,126,0,1074
2026-07-23 17:08:23,Cell_55,2.135,28.839,68.16,190,1,909
2026-07-23 17:08:23,Cell_6,2.159,27.073,33.39,142,0,1044
2026-07-23 17:08:23,Cell_7,2.218,14.817,32.14,156,0,1036
2026-07-23 17:08:23,Cell_8,2.236,30.808,33.48,108,0,1082
2026-07-23 17:08:23,Cell_9,2.211,42.766,44.13,92,0,1104
2026-07-23 17:10:23,Cell_1,2.229,36.784,42.54,199,0,989
2026-07-23 17:10:23,Cell_10,2.163,26.11,40.57,174,0,1007
2026-07-23 17:10:23,Cell_11,2.245,17.936,31.38,135,0,1059
2026-07-23 17:10:23,Cell_12,2.207,18.754,38.64,151,0,1049
2026-07-23 17:10:23,Cell_13,2.197,33.271,35.82,51,0,1144
2026-07-23 17:10:23,Cell_14,2.197,18.064,30.4,128,0,1053
2026-07-23 17:10:23,Cell_15,2.3,27.894,35.4,69,0,1114
2026-07-23 17:10:23,Cell_16,2.212,13.682,32.11,147,0,1048
2026-07-23 17:10:23,Cell_17,2.21,20.19,31.46,191,0,1006
2026-07-23 17:10:23,Cell_18,2.222,29.4,32.22,158,0,1026
2026-07-23 17:10:23,Cell_19,2.188,17.225,27.52,131,0,1056
2026-07-23 17:10:23,Cell_2,2.249,13.38,32.36,128,0,1058
2026-07-23 17:10:23,Cell_20,2.227,25.522,37.21,147,0,1048
2026-07-23 17:10:23,Cell_21,2.294,25.231,36.51,60,0,1132
2026-07-23 17:10:23,Cell_22,2.103,26.217,63.75,165,1,938
2026-07-23 17:10:23,Cell_23,2.3,24.439,33.71,156,0,1042
2026-07-23 17:10:23,Cell_24,2.254,0.0,26.79,180,0,1014
2026-07-23 17:10:23,Cell_25,2.138,29.326,37.01,102,0,1092
2026-07-23 17:10:23,Cell_26,2.214,46.24,39.78,198,0,995
2026-07-23 17:10:23,Cell_27,2.259,42.846,44.73,110,0,1088
2026-07-23 17:10:23,Cell_28,2.208,20.716,36.26,114,0,1072
2026-07-23 17:10:23,Cell_29,1.9,48.251,76.09,94,2,1055
2026-07-23 17:10:23,Cell_3,2.206,32.197,37.72,186,0,999
2026-07-23 17:10:23,Cell_30,2.136,9.18,67.35,96,1,1041
2026-07-23 17:10:23,Cell_31,2.277,20.002,31.32,106,0,1083
2026-07-23 17:10:23,Cell_32,2.25,20.606,36.05,109,0,1078
2026-07-23 17:10:23,Cell_33,2.278,32.551,43.45,85,0,1102
2026-07-23 17:10:23,Cell_34,2.18,34.966,40.83,173,0,1020
2026-07-23 17:10:23,Cell_35,2.131,19.178,33.18,159,0,1027
2026-07-23 17:10:23,Cell_36,2.203,18.469,32.58,90,0,1093
2026-07-23 17:10:23,Cell_37,2.247,20.312,37.37,117,0,1080
2026-07-23 17:10:23,Cell_38,2.181,23.153,40.7,152,0,1033
2026-07-23 17:10:23,Cell_39,2.204,19.131,29.61,185,0,1013
2026-07-23 17:10:23,Cell_4,2.257,30.429,38.14,162,0,1020
2026-07-23 17:10:23,Cell_40,2.223,19.272,28.37,143,0,1046
2026-07-23 17:10:23,Cell_41,2.231,26.802,37.11,151,0,1036
2026-07-23 17:10:23,Cell_42,2.228,22.145,38.47,109,0,1089
2026-07-23 17:10:23,Cell_43,2.1,13.846,32.81,154,0,1033
2026-07-23 17:10:23,Cell_44,2.3,16.018,34.37,108,0,1073
2026-07-23 17:10:23,Cell_45,2.194,24.312,39.36,128,0,1056
2026-07-23 17:10:23,Cell_46,2.176,29.945,37.69,73,0,1120
2026-07-23 17:10:23,Cell_47,2.211,25.74,37.85,154,0,1033
2026-07-23 17:10:23,Cell_48,2.204,12.649,33.75,75,0,1122
2026-07-23 17:10:23,Cell_49,2.212,24.228,39.79,151,0,1040
2026-07-23 17:10:23,Cell_5,2.218,27.768,40.01,139,0,1051
2026-07-23 17:10:23,Cell_50,2.146,26.675,36.57,201,0,994
2026-07-23 17:10:23,Cell_51,2.227,21.027,29.21,157,0,1029
2026-07-23 17:10:23,Cell_52,2.123,37.614,41.5,59,0,1125
2026-07-23 17:10:23,Cell_53,2.256,33.847,37.41,146,0,1046
2026-07-23 17:10:23,Cell_54,2.08,9.284,29.65,126,0,1067
2026-07-23 17:10:23,Cell_55,2.234,37.874,41.9,190,0,997
2026-07-23 17:10:23,Cell_6,2.199,9.669,25.6,142,0,1051
2026-07-23 17:10:23,Cell_7,2.183,28.547,41.88,156,0,1032
2026-07-23 17:10:23,Cell_8,2.272,24.603,36.34,108,0,1090
2026-07-23 17:10:23,Cell_9,2.184,38.201,39.06,92,0,1108
2026-07-23 17:12:23,Cell_1,2.102,37.221,42.43,199,0,993
2026-07-23 17:12:23,Cell_10,2.233,22.776,37.19,174,0,1014
2026-07-23 17:12:23,Cell_11,2.192,22.433,36.21,135,0,1061
2026-07-23 17:12:23,Cell_12,2.204,33.811,34.24,151,0,1030
2026-07-23 17:12:23,Cell_13,2.159,22.617,37.45,51,0,1138
2026-07-23 17:12:23,Cell_14,2.167,19.964,66.18,128,1,990
2026-07-23 17:12:23,Cell_15,1.9,42.169,80.4,69,2,1088
2026-07-23 17:12:23,Cell_16,2.186,7.332,28.48,147,0,1042
2026-07-23 17:12:23,Cell_17,2.152,31.301,33.75,191,0,1009
2026-07-23 17:12:23,Cell_18,2.285,5.549,29.48,158,0,1040
2026-07-23 17:12:23,Cell_19,2.197,26.076,37.49,131,0,1052
2026-07-23 17:12:23,Cell_2,2.21,28.636,39.98,128,0,1057
2026-07-23 17:12:23,Cell_20,2.143,30.643,40.33,147,0,1042
2026-07-23 17:12:23,Cell_21,2.208,39.301,38.54,60,0,1125
2026-07-23 17:12:23,Cell_22,2.236,26.371,40.75,165,0,1035
2026-07-23 17:12:23,Cell_23,2.155,20.223,27.87,156,0,1043
2026-07-23 17:12:23,Cell_24,2.174,18.832,31.87,180,0,1009
2026-07-23 17:12:23,Cell_25,2.201,32.13,41.12,102,0,1095
2026-07-23 17:12:23,Cell_26,2.102,20.281,32.5,198,0,993
2026-07-23 17:12:23,Cell_27,2.23,19.352,34.42,110,0,1084
2026-07-23 17:12:23,Cell_28,2.138,14.917,33.33,114,0,1072
2026-07-23 17:12:23,Cell_29,2.19,22.895,35.31,94,0,1102
2026-07-23 17:12:23,Cell_3,2.22,9.223,32.85,186,0,1006
2026-07-23 17:12:23,Cell_30,2.205,33.493,38.28,96,0,1104
2026-07-23 17:12:23,Cell_31,2.175,24.387,36.3,106,0,1087
2026-07-23 17:12:23,Cell_32,2.224,16.539,35.07,109,0,1086
2026-07-23 17:12:23,Cell_33,1.9,44.749,82.24,85,2,1071
2026-07-23 17:12:23,Cell_34,1.9,42.277,77.42,173,2,927
2026-07-23 17:12:23,Cell_35,2.105,1.856,28.27,159,0,1024
2026-07-23 17:12:23,Cell_36,2.289,11.948,32.15,90,0,1107
2026-07-23 17:12:23,Cell_37,2.129,23.571,34.79,117,0,1068
2026-07-23 17:12:23,Cell_38,2.156,16.296,60.0,152,1,1039
2026-07-23 17:12:23,Cell_39,2.3,15.927,29.66,185,0,1013
2026-07-23 17:12:23,Cell_4,2.189,12.58,35.96,162,0,1024
2026-07-23 17:12:23,Cell_40,2.173,13.535,30.82,143,0,1056
2026-07-23 17:12:23,Cell_41,2.209,27.443,31.42,151,0,1035
2026-07-23 17:12:23,Cell_42,2.207,13.294,29.56,110,0,1075
2026-07-23 17:12:23,Cell_43,2.196,27.874,39.01,154,0,1037
2026-07-23 17:12:23,Cell_44,2.229,9.167,27.38,109,0,1086
2026-07-23 17:12:23,Cell_45,2.129,27.622,75.0,128,2,990
2026-07-23 17:12:23,Cell_46,2.203,27.149,32.8,74,0,1121
2026-07-23 17:12:23,Cell_47,2.163,10.495,27.78,154,0,1041
2026-07-23 17:12:23,Cell_48,2.282,24.641,32.05,75,0,1111
2026-07-23 17:12:23,Cell_49,2.101,33.835,67.85,151,1,955
2026-07-23 17:12:23,Cell_5,2.3,28.341,42.1,140,0,1041
2026-07-23 17:12:23,Cell_50,2.197,19.786,40.13,201,0,988
2026-07-23 17:12:23,Cell_51,2.209,26.988,36.75,157,0,1036
2026-07-23 17:12:23,Cell_52,2.272,30.717,34.49,59,0,1140
2026-07-23 17:12:23,Cell_53,2.215,29.731,36.69,146,0,1037
2026-07-23 17:12:23,Cell_54,2.141,13.629,34.73,126,0,1070
2026-07-23 17:12:23,Cell_55,2.167,18.96,28.08,190,0,993
2026-07-23 17:12:23,Cell_6,2.122,25.402,39.73,142,0,1048
2026-07-23 17:12:23,Cell_7,2.194,24.052,29.88,156,0,1039
2026-07-23 17:12:23,Cell_8,2.241,22.208,34.89,108,0,1089
2026-07-23 17:12:23,Cell_9,2.268,15.246,27.96,92,0,1107
2026-07-23 17:14:23,Cell_1,2.112,28.943,38.69,199,0,1001
2026-07-23 17:14:23,Cell_10,2.114,24.029,34.87,174,0,1014
2026-07-23 17:14:23,Cell_11,2.201,39.52,42.19,135,0,1050
2026-07-23 17:14:23,Cell_12,1.9,36.075,79.29,151,2,965
2026-07-23 17:14:23,Cell_13,2.16,25.589,41.56,51,0,1132
2026-07-23 17:14:23,Cell_14,2.159,8.577,24.23,128,0,1065
2026-07-23 17:14:23,Cell_15,2.258,21.64,37.64,70,0,1116
2026-07-23 17:14:23,Cell_16,2.241,27.44,32.82,147,0,1052
2026-07-23 17:14:23,Cell_17,2.127,29.314,43.02,191,0,996
2026-07-23 17:14:23,Cell_18,2.26,21.234,34.14,158,0,1032
2026-07-23 17:14:23,Cell_19,2.157,20.958,33.02,131,0,1067
2026-07-23 17:14:23,Cell_2,2.173,14.781,33.63,128,0,1058
2026-07-23 17:14:23,Cell_20,2.196,14.465,34.97,147,0,1046
2026-07-23 17:14:23,Cell_21,2.158,36.486,37.67,60,0,1133
2026-07-23 17:14:23,Cell_22,2.258,46.975,47.32,165,0,1019
2026-07-23 17:14:23,Cell_23,2.22,27.724,40.38,156,0,1039
2026-07-23 17:14:23,Cell_24,2.3,30.367,32.97,180,0,1018
2026-07-23 17:14:23,Cell_25,2.2,19.095,27.31,102,0,1082
2026-07-23 17:14:23,Cell_26,2.128,47.917,52.25,198,0,997
2026-07-23 17:14:23,Cell_27,2.3,18.242,27.82,110,0,1088
2026-07-23 17:14:23,Cell_28,2.251,20.016,37.62,114,0,1069
2026-07-23 17:14:23,Cell_29,2.3,36.299,40.01,94,0,1089
2026-07-23 17:14:23,Cell_3,2.283,9.895,34.66,186,0,1006
2026-07-23 17:14:23,Cell_30,2.2,38.403,75.0,96,2,1037
2026-07-23 17:14:23,Cell_31,2.224,28.815,32.14,106,0,1083
2026-07-23 17:14:23,Cell_32,2.271,21.792,29.18,109,0,1080
2026-07-23 17:14:23,Cell_33,2.131,20.039,38.91,85,0,1104
2026-07-23 17:14:23,Cell_34,2.136,22.477,39.71,173,0,1010
2026-07-23 17:14:23,Cell_35,2.212,28.349,37.41,159,0,1037
2026-07-23 17:14:23,Cell_36,2.257,21.151,30.26,90,0,1098
2026-07-23 17:14:23,Cell_37,2.23,28.012,41.27,117,0,1068
2026-07-23 17:14:23,Cell_38,1.845,25.629,83.36,152,2,955
2026-07-23 17:14:23,Cell_39,2.158,15.719,30.45,185,0,1001
2026-07-23 17:14:23,Cell_4,2.138,20.472,33.03,162,0,1029
2026-07-23 17:14:23,Cell_40,2.21,41.923,42.7,143,0,1046
2026-07-23 17:14:23,Cell_41,2.218,4.394,27.29,151,0,1032
2026-07-23 17:14:23,Cell_42,2.187,19.343,35.18,110,0,1086
2026-07-23 17:14:23,Cell_43,2.262,31.337,40.77,154,0,1041
2026-07-23 17:14:23,Cell_44,2.241,12.317,35.39,109,0,1084
2026-07-23 17:14:23,Cell_45,2.15,35.057,33.93,128,0,1070
2026-07-23 17:14:23,Cell_46,2.182,16.667,60.0,74,1,1110
2026-07-23 17:14:23,Cell_47,2.219,29.854,44.09,154,0,1041
2026-07-23 17:14:23,Cell_48,2.284,29.965,37.13,75,0,1124
2026-07-23 17:14:23,Cell_49,2.242,41.34,44.44,151,0,1043
2026-07-23 17:14:23,Cell_5,2.213,14.639,36.26,140,0,1048
2026-07-23 17:14:23,Cell_50,2.134,48.981,47.47,201,0,991
2026-07-23 17:14:23,Cell_51,2.253,30.799,39.57,157,0,1029
2026-07-23 17:14:23,Cell_52,2.192,31.587,67.1,59,1,1095
2026-07-23 17:14:23,Cell_53,2.147,22.856,38.25,146,0,1048
2026-07-23 17:14:23,Cell_54,2.177,35.258,37.18,126,0,1055
2026-07-23 17:14:23,Cell_55,2.089,28.131,35.15,191,0,990
2026-07-23 17:14:23,Cell_6,2.126,17.249,31.06,142,0,1044
2026-07-23 17:14:23,Cell_7,2.129,27.205,36.87,156,0,1037
2026-07-23 17:14:23,Cell_8,2.18,23.936,36.24,108,0,1091
2026-07-23 17:14:23,Cell_9,1.9,30.668,79.51,92,2,1059
2026-07-23 17:16:23,Cell_1,2.186,19.002,31.2,199,0,982
2026-07-23 17:16:23,Cell_10,2.249,18.639,33.46,174,0,1015
2026-07-23 17:16:23,Cell_11,2.228,26.941,36.8,135,0,1064
2026-07-23 17:16:23,Cell_12,2.227,35.659,43.39,151,0,1033
2026-07-23 17:16:23,Cell_13,2.172,14.628,29.8,51,0,1131
2026-07-23 17:16:23,Cell_14,2.216,36.646,42.09,128,0,1057
2026-07-23 17:16:23,Cell_15,2.244,22.649,31.85,70,0,1122
2026-07-23 17:16:23,Cell_16,2.183,24.157,35.84,147,0,1040
2026-07-23 17:16:23,Cell_17,2.202,16.785,28.25,191,0,1008
2026-07-23 17:16:23,Cell_18,2.103,26.588,34.34,158,0,1035
2026-07-23 17:16:23,Cell_19,2.235,39.407,45.83,131,0,1065
2026-07-23 17:16:23,Cell_2,2.232,22.934,38.4,128,0,1069
2026-07-23 17:16:23,Cell_20,2.19,25.648,36.48,147,0,1050
2026-07-23 17:16:23,Cell_21,2.185,17.627,29.83,60,0,1134
2026-07-23 17:16:23,Cell_22,2.262,30.532,42.62,165,0,1018
2026-07-23 17:16:23,Cell_23,2.21,32.734,40.0,156,0,1028
2026-07-23 17:16:23,Cell_24,2.143,37.777,35.98,180,0,1004
2026-07-23 17:16:23,Cell_25,2.192,15.934,39.0,102,0,1081
2026-07-23 17:16:23,Cell_26,2.259,24.858,38.82,198,0,992
2026-07-23 17:16:23,Cell_27,2.182,21.792,32.03,110,0,1086
2026-07-23 17:16:23,Cell_28,2.205,41.179,41.7,114,0,1074
2026-07-23 17:16:23,Cell_29,2.3,38.313,39.45,94,0,1102
2026-07-23 17:16:23,Cell_3,2.21,27.521,38.06,186,0,1005
2026-07-23 17:16:23,Cell_30,2.164,38.532,46.54,96,0,1088
2026-07-23 17:16:23,Cell_31,2.271,23.341,37.45,106,0,1082
2026-07-23 17:16:23,Cell_32,2.195,23.221,38.83,109,0,1084
2026-07-23 17:16:23,Cell_33,2.243,19.744,37.73,85,0,1105
2026-07-23 17:16:23,Cell_34,1.9,37.281,88.4,173,2,938
2026-07-23 17:16:23,Cell_35,2.177,17.398,31.31,160,0,1022
2026-07-23 17:16:23,Cell_36,2.097,15.788,33.55,90,0,1096
2026-07-23 17:16:23,Cell_37,2.184,29.481,32.84,117,0,1067
2026-07-23 17:16:23,Cell_38,2.193,27.841,38.75,152,0,1042
2026-07-23 17:16:23,Cell_39,2.178,36.176,42.4,185,0,1015
2026-07-23 17:16:23,Cell_4,2.147,20.693,39.26,162,0,1031
2026-07-23 17:16:23,Cell_40,2.24,31.911,36.22,143,0,1057
2026-07-23 17:16:23,Cell_41,2.246,24.267,35.91,151,0,1031
2026-07-23 17:16:23,Cell_42,1.871,50.0,79.85,110,2,1035
2026-07-23 17:16:23,Cell_43,2.202,21.973,33.93,154,0,1043
2026-07-23 17:16:23,Cell_44,1.9,50.0,78.77,109,2,1033
2026-07-23 17:16:23,Cell_45,2.217,23.554,34.85,128,0,1065
2026-07-23 17:16:23,Cell_46,2.196,28.652,36.68,74,0,1112
2026-07-23 17:16:23,Cell_47,2.129,15.131,28.64,154,0,1029
2026-07-23 17:16:23,Cell_48,2.229,20.282,35.33,75,0,1112
2026-07-23 17:16:23,Cell_49,2.26,17.201,35.81,151,0,1031
2026-07-23 17:16:23,Cell_5,2.188,38.961,45.08,140,0,1051
2026-07-23 17:16:23,Cell_50,2.165,37.093,40.54,201,0,992
2026-07-23 17:16:23,Cell_51,2.21,34.132,40.55,157,0,1040
2026-07-23 17:16:23,Cell_52,2.228,25.295,34.22,60,0,1135
2026-07-23 17:16:23,Cell_53,2.165,13.743,36.95,146,0,1046
2026-07-23 17:16:23,Cell_54,2.207,30.984,35.33,126,0,1071
2026-07-23 17:16:23,Cell_55,2.089,33.089,33.8,191,0,1001
2026-07-23 17:16:23,Cell_6,2.242,36.151,41.22,142,0,1054
2026-07-23 17:16:23,Cell_7,2.193,34.618,36.56,156,0,1042
2026-07-23 17:16:23,Cell_8,2.264,9.995,28.19,108,0,1090
2026-07-23 17:16:23,Cell_9,2.191,13.87,29.4,92,0,1099
2026-07-23 17:18:23,Cell_1,2.3,27.631,40.69,199,0,987
2026-07-23 17:18:23,Cell_10,2.193,38.418,39.27,174,0,1019
2026-07-23 17:18:23,Cell_11,2.215,30.462,43.35,135,0,1049
2026-07-23 17:18:23,Cell_12,2.243,22.621,38.63,151,0,1034
2026-07-23 17:18:23,Cell_13,2.176,19.467,37.6,51,0,1143
2026-07-23 17:18:23,Cell_14,2.208,22.501,33.33,128,0,1068
2026-07-23 17:18:23,Cell_15,2.247,30.769,43.58,70,0,1121
2026-07-23 17:18:23,Cell_16,2.236,16.747,29.24,147,0,1036
2026-07-23 17:18:23,Cell_17,2.254,7.289,22.98,191,0,992
2026-07-23 17:18:23,Cell_18,2.173,26.776,40.47,158,0,1023
2026-07-23 17:18:23,Cell_19,2.07,26.427,60.0,131,1,1054
2026-07-23 17:18:23,Cell_2,2.182,26.253,34.78,128,0,1066
2026-07-23 17:18:23,Cell_20,2.241,16.612,30.27,147,0,1043
2026-07-23 17:18:23,Cell_21,2.241,19.999,29.3,60,0,1129
2026-07-23 17:18:23,Cell_22,2.205,5.908,30.94,165,0,1035
2026-07-23 17:18:23,Cell_23,2.237,18.378,30.93,156,0,1039
2026-07-23 17:18:23,Cell_24,1.9,37.294,82.34,180,2,930
2026-07-23 17:18:23,Cell_25,2.262,17.93,33.42,102,0,1091
2026-07-23 17:18:23,Cell_26,2.25,32.337,39.14,198,0,996
2026-07-23 17:18:23,Cell_27,2.022,44.985,60.44,110,1,1030
2026-07-23 17:18:23,Cell_28,2.23,7.745,28.74,114,0,1074
2026-07-23 17:18:23,Cell_29,2.225,21.871,32.38,94,0,1103
2026-07-23 17:18:23,Cell_3,2.213,14.753,32.41,186,0,996
2026-07-23 17:18:23,Cell_30,2.2,19.831,35.58,96,0,1102
2026-07-23 17:18:23,Cell_31,2.138,24.571,40.59,106,0,1086
2026-07-23 17:18:23,Cell_32,2.194,21.859,36.15,109,0,1075
2026-07-23 17:18:23,Cell_33,2.232,41.642,46.66,85,0,1109
2026-07-23 17:18:23,Cell_34,2.222,39.486,42.45,173,0,1020
2026-07-23 17:18:23,Cell_35,2.234,33.778,40.08,160,0,1021
2026-07-23 17:18:23,Cell_36,2.279,36.444,41.14,90,0,1096
2026-07-23 17:18:23,Cell_37,2.283,17.598,33.9,117,0,1080
2026-07-23 17:18:23,Cell_38,2.144,18.081,26.09,152,0,1037
2026-07-23 17:18:23,Cell_39,2.137,28.724,34.73,185,0,1013
2026-07-23 17:18:23,Cell_4,2.185,22.314,35.16,162,0,1025
2026-07-23 17:18:23,Cell_40,2.249,35.078,43.83,143,0,1051
2026-07-23 17:18:23,Cell_41,2.153,36.431,44.35,151,0,1040
2026-07-23 17:18:23,Cell_42,2.234,37.154,38.29,110,0,1088
2026-07-23 17:18:23,Cell_43,2.164,36.231,38.51,154,0,1045
2026-07-23 17:18:23,Cell_44,2.246,18.37,39.66,109,0,1085
2026-07-23 17:18:23,Cell_45,2.167,26.972,36.72,128,0,1072
2026-07-23 17:18:23,Cell_46,2.179,26.916,37.98,74,0,1123
2026-07-23 17:18:23,Cell_47,2.186,10.069,30.6,154,0,1041
2026-07-23 17:18:23,Cell_48,2.3,30.892,38.52,75,0,1125
2026-07-23 17:18:23,Cell_49,2.194,30.493,39.68,151,0,1038
2026-07-23 17:18:23,Cell_5,2.202,38.036,42.85,140,0,1046
2026-07-23 17:18:23,Cell_50,2.222,43.53,50.61,201,0,982
2026-07-23 17:18:23,Cell_51,2.22,9.023,36.73,157,0,1037
2026-07-23 17:18:23,Cell_52,2.149,29.122,36.3,60,0,1129
2026-07-23 17:18:23,Cell_53,2.294,27.453,36.69,146,0,1052
2026-07-23 17:18:23,Cell_54,2.151,28.669,67.84,126,1,998
2026-07-23 17:18:23,Cell_55,2.15,20.408,40.25,192,0,1001
2026-07-23 17:18:23,Cell_6,2.154,25.159,37.58,142,0,1043
2026-07-23 17:18:23,Cell_7,2.169,37.883,41.34,156,0,1044
2026-07-23 17:18:23,Cell_8,2.193,33.396,35.81,108,0,1075
2026-07-23 17:18:23,Cell_9,1.9,35.884,85.82,92,2,1057
2026-07-23 17:20:23,Cell_1,2.122,15.861,35.4,199,0,987
2026-07-23 17:20:23,Cell_10,2.207,22.665,36.49,174,0,1014
2026-07-23 17:20:23,Cell_11,2.15,37.56,44.6,135,0,1063
2026-07-23 17:20:23,Cell_12,2.123,8.895,23.03,151,0,1035
2026-07-23 17:20:23,Cell_13,2.201,36.939,39.62,51,0,1132
2026-07-23 17:20:23,Cell_14,2.16,33.301,41.58,128,0,1055
2026-07-23 17:20:23,Cell_15,2.135,28.519,36.24,70,0,1115
2026-07-23 17:20:23,Cell_16,2.037,23.992,65.56,147,1,974
2026-07-23 17:20:23,Cell_17,2.165,16.515,32.95,191,0,993
2026-07-23 17:20:23,Cell_18,2.176,50.0,45.89,158,0,1032
2026-07-23 17:20:23,Cell_19,2.236,36.414,38.44,131,0,1059
2026-07-23 17:20:23,Cell_2,2.221,32.39,43.71,128,0,1060
2026-07-23 17:20:23,Cell_20,2.201,28.974,39.41,147,0,1040
2026-07-23 17:20:23,Cell_21,2.22,24.388,34.8,60,0,1132
2026-07-23 17:20:23,Cell_22,2.238,29.334,32.98,165,0,1024
2026-07-23 17:20:23,Cell_23,2.164,27.975,35.43,156,0,1032
2026-07-23 17:20:23,Cell_24,2.228,23.156,39.42,180,0,1014
2026-07-23 17:20:23,Cell_25,2.226,16.752,31.47,102,0,1088
2026-07-23 17:20:23,Cell_26,2.3,19.753,36.63,198,0,996
2026-07-23 17:20:23,Cell_27,2.215,40.68,39.41,110,0,1071
2026-07-23 17:20:23,Cell_28,2.112,15.53,29.24,114,0,1069
2026-07-23 17:20:23,Cell_29,2.082,22.595,60.3,94,1,1052
2026-07-23 17:20:23,Cell_3,2.127,21.428,37.93,186,0,1013
2026-07-23 17:20:23,Cell_30,2.217,33.136,40.69,96,0,1091
2026-07-23 17:20:23,Cell_31,2.201,18.77,34.35,106,0,1082
2026-07-23 17:20:23,Cell_32,2.241,36.216,38.36,109,0,1079
2026-07-23 17:20:23,Cell_33,2.187,20.703,28.56,85,0,1099
2026-07-23 17:20:23,Cell_34,2.185,23.22,32.9,173,0,1026
2026-07-23 17:20:23,Cell_35,2.218,25.642,36.34,160,0,1029
2026-07-23 17:20:23,Cell_36,2.066,26.519,67.57,90,1,1047
2026-07-23 17:20:23,Cell_37,2.185,21.404,30.31,117,0,1064
2026-07-23 17:20:23,Cell_38,2.193,35.139,38.88,152,0,1047
2026-07-23 17:20:23,Cell_39,2.2,30.252,38.11,185,0,999
2026-07-23 17:20:23,Cell_4,2.133,19.798,35.62,162,0,1025
2026-07-23 17:20:23,Cell_40,2.079,2.569,31.9,143,0,1053
2026-07-23 17:20:23,Cell_41,2.203,27.27,37.67,151,0,1044
2026-07-23 17:20:23,Cell_42,2.18,26.255,41.2,111,0,1072
2026-07-23 17:20:23,Cell_43,2.121,36.043,62.42,154,1,954
2026-07-23 17:20:23,Cell_44,2.256,15.887,31.1,109,0,1074
2026-07-23 17:20:23,Cell_45,2.22,33.602,36.46,128,0,1063
2026-07-23 17:20:23,Cell_46,2.191,15.781,29.29,74,0,1119
2026-07-23 17:20:23,Cell_47,2.174,29.768,40.08,154,0,1030
2026-07-23 17:20:23,Cell_48,2.238,17.303,32.65,75,0,1116
2026-07-23 17:20:23,Cell_49,2.112,25.938,32.0,151,0,1033
2026-07-23 17:20:23,Cell_5,2.188,30.341,31.71,140,0,1052
2026-07-23 17:20:23,Cell_50,2.117,49.581,43.69,201,0,981
2026-07-23 17:20:23,Cell_51,2.065,29.957,34.0,157,0,1032
2026-07-23 17:20:23,Cell_52,2.25,37.653,43.17,60,0,1123
2026-07-23 17:20:23,Cell_53,2.126,23.107,37.71,146,0,1040
2026-07-23 17:20:23,Cell_54,2.278,35.12,42.68,126,0,1065
2026-07-23 17:20:23,Cell_55,2.166,25.87,38.27,192,0,999
2026-07-23 17:20:23,Cell_6,2.226,19.158,31.08,143,0,1055
2026-07-23 17:20:23,Cell_7,2.235,22.262,39.68,156,0,1031
2026-07-23 17:20:23,Cell_8,2.272,26.536,36.57,108,0,1091
2026-07-23 17:20:23,Cell_9,2.165,17.05,31.15,92,0,1095
2026-07-23 17:22:23,Cell_1,2.197,17.471,32.24,199,0,990
2026-07-23 17:22:23,Cell_10,2.154,8.131,27.44,174,0,1013
2026-07-23 17:22:23,Cell_11,2.122,16.456,29.64,135,0,1051
2026-07-23 17:22:23,Cell_12,2.243,14.561,34.16,151,0,1036
2026-07-23 17:22:23,Cell_13,2.291,26.032,37.89,51,0,1144
2026-07-23 17:22:23,Cell_14,2.3,20.652,35.61,128,0,1059
2026-07-23 17:22:23,Cell_15,2.209,12.055,31.02,70,0,1111
2026-07-23 17:22:23,Cell_16,2.183,21.564,34.87,147,0,1048
2026-07-23 17:22:23,Cell_17,2.196,20.5,34.85,191,0,998
2026-07-23 17:22:23,Cell_18,2.179,25.181,36.21,158,0,1036
2026-07-23 17:22:23,Cell_19,2.157,33.272,39.27,131,0,1059
2026-07-23 17:22:23,Cell_2,1.898,47.245,75.0,129,2,998
2026-07-23 17:22:23,Cell_20,2.28,34.008,41.36,147,0,1037
2026-07-23 17:22:23,Cell_21,1.898,50.0,75.0,60,2,1092
2026-07-23 17:22:23,Cell_22,2.185,33.924,43.58,165,0,1017
2026-07-23 17:22:23,Cell_23,2.194,26.626,37.31,157,0,1038
2026-07-23 17:22:23,Cell_24,2.215,28.719,39.89,180,0,1002
2026-07-23 17:22:23,Cell_25,2.196,15.924,30.29,102,0,1093
2026-07-23 17:22:23,Cell_26,2.221,5.906,33.69,198,0,1001
2026-07-23 17:22:23,Cell_27,2.188,22.42,36.27,110,0,1081
2026-07-23 17:22:23,Cell_28,2.198,18.746,32.54,114,0,1067
2026-07-23 17:22:23,Cell_29,2.164,34.65,36.79,95,0,1092
2026-07-23 17:22:23,Cell_3,2.151,16.636,32.04,186,0,1011
2026-07-23 17:22:23,Cell_30,2.149,26.201,39.32,96,0,1100
2026-07-23 17:22:23,Cell_31,2.15,21.45,38.68,106,0,1085
2026-07-23 17:22:23,Cell_32,2.159,22.341,36.47,109,0,1072
2026-07-23 17:22:23,Cell_33,2.236,31.865,37.67,85,0,1101
2026-07-23 17:22:23,Cell_34,2.087,29.644,66.16,173,1,930
2026-07-23 17:22:23,Cell_35,2.115,40.644,64.74,160,1,951
2026-07-23 17:22:23,Cell_36,2.3,33.711,40.68,90,0,1101
2026-07-23 17:22:23,Cell_37,2.248,42.108,44.15,117,0,1077
2026-07-23 17:22:23,Cell_38,2.121,19.265,60.0,152,1,1036
2026-07-23 17:22:23,Cell_39,2.185,13.708,27.39,185,0,1013
2026-07-23 17:22:23,Cell_4,2.3,23.961,35.76,162,0,1020
2026-07-23 17:22:23,Cell_40,2.125,42.15,43.16,143,0,1041
2026-07-23 17:22:23,Cell_41,2.174,22.011,43.16,151,0,1037
2026-07-23 17:22:23,Cell_42,2.21,33.158,37.1,111,0,1072
2026-07-23 17:22:23,Cell_43,2.179,24.304,32.86,154,0,1035
2026-07-23 17:22:23,Cell_44,2.25,24.269,37.46,109,0,1078
2026-07-23 17:22:23,Cell_45,2.251,38.645,44.57,128,0,1064
2026-07-23 17:22:23,Cell_46,2.159,31.87,39.39,74,0,1120
2026-07-23 17:22:23,Cell_47,2.193,38.135,38.6,154,0,1036
2026-07-23 17:22:23,Cell_48,2.197,20.984,31.52,75,0,1119
2026-07-23 17:22:23,Cell_49,2.244,31.724,40.49,151,0,1043
2026-07-23 17:22:23,Cell_5,2.191,36.974,37.58,140,0,1059
2026-07-23 17:22:23,Cell_50,2.127,13.909,30.59,201,0,988
2026-07-23 17:22:23,Cell_51,2.162,24.218,37.78,157,0,1038
2026-07-23 17:22:23,Cell_52,2.149,42.743,45.82,60,0,1135
2026-07-23 17:22:23,Cell_53,2.246,27.53,42.13,146,0,1049
2026-07-23 17:22:23,Cell_54,2.14,20.229,29.49,126,0,1055
2026-07-23 17:22:23,Cell_55,2.204,31.478,39.9,192,0,1007
2026-07-23 17:22:23,Cell_6,2.225,14.014,35.22,143,0,1050
2026-07-23 17:22:23,Cell_7,2.207,31.866,39.24,157,0,1032
2026-07-23 17:22:23,Cell_8,2.214,13.309,25.84,108,0,1082
2026-07-23 17:22:23,Cell_9,2.3,40.041,41.25,92,0,1103
2026-07-23 17:24:23,Cell_1,2.198,31.917,41.75,199,0,1001
2026-07-23 17:24:23,Cell_10,2.17,30.99,39.7,174,0,1009
2026-07-23 17:24:23,Cell_11,2.107,17.975,35.24,135,0,1046
2026-07-23 17:24:23,Cell_12,2.074,9.009,64.82,151,1,972
2026-07-23 17:24:23,Cell_13,2.237,18.919,28.67,51,0,1139
2026-07-23 17:24:23,Cell_14,2.161,27.932,38.16,128,0,1063
2026-07-23 17:24:23,Cell_15,2.157,17.613,31.48,70,0,1118
2026-07-23 17:24:23,Cell_16,2.179,10.926,28.97,147,0,1038
2026-07-23 17:24:23,Cell_17,2.152,45.437,47.26,191,0,998
2026-07-23 17:24:23,Cell_18,2.207,32.344,37.04,158,0,1034
2026-07-23 17:24:23,Cell_19,2.081,36.763,65.2,131,1,996
2026-07-23 17:24:23,Cell_2,2.258,17.225,36.76,129,0,1067
2026-07-23 17:24:23,Cell_20,2.198,22.868,40.22,147,0,1052
2026-07-23 17:24:23,Cell_21,2.236,18.31,31.21,60,0,1132
2026-07-23 17:24:23,Cell_22,2.162,21.997,34.9,165,0,1033
2026-07-23 17:24:23,Cell_23,2.183,27.491,38.85,157,0,1037
2026-07-23 17:24:23,Cell_24,2.19,23.816,41.26,180,0,1009
2026-07-23 17:24:23,Cell_25,2.251,19.932,31.43,102,0,1096
2026-07-23 17:24:23,Cell_26,2.22,16.332,28.8,198,0,994
2026-07-23 17:24:23,Cell_27,2.23,26.758,37.96,110,0,1081
2026-07-23 17:24:23,Cell_28,2.202,9.236,31.52,114,0,1079
2026-07-23 17:24:23,Cell_29,2.205,36.6,41.88,95,0,1092
2026-07-23 17:24:23,Cell_3,2.213,26.965,39.27,186,0,1002
2026-07-23 17:24:23,Cell_30,2.121,23.292,36.31,96,0,1091
2026-07-23 17:24:23,Cell_31,2.26,20.961,34.81,106,0,1082
2026-07-23 17:24:23,Cell_32,2.273,48.886,43.39,109,0,1080
2026-07-23 17:24:23,Cell_33,2.241,38.981,42.04,85,0,1104
2026-07-23 17:24:23,Cell_34,2.167,29.737,34.83,173,0,1011
2026-07-23 17:24:23,Cell_35,2.28,33.045,35.93,160,0,1022
2026-07-23 17:24:23,Cell_36,2.264,0.0,25.57,90,0,1100
2026-07-23 17:24:23,Cell_37,2.224,16.583,32.93,117,0,1082
2026-07-23 17:24:23,Cell_38,2.256,19.894,31.81,152,0,1041
2026-07-23 17:24:23,Cell_39,2.18,14.975,37.55,185,0,1002
2026-07-23 17:24:23,Cell_4,2.282,23.324,36.6,162,0,1023
2026-07-23 17:24:23,Cell_40,2.195,18.728,32.92,144,0,1051
2026-07-23 17:24:23,Cell_41,2.164,38.4,41.86,151,0,1033
2026-07-23 17:24:23,Cell_42,2.167,39.657,41.82,111,0,1077
2026-07-23 17:24:23,Cell_43,2.232,29.024,40.3,154,0,1029
2026-07-23 17:24:23,Cell_44,2.158,25.091,31.49,109,0,1087
2026-07-23 17:24:23,Cell_45,2.208,35.591,43.1,129,0,1068
2026-07-23 17:24:23,Cell_46,2.199,25.789,40.72,74,0,1107
2026-07-23 17:24:23,Cell_47,2.222,18.229,39.44,154,0,1039
2026-07-23 17:24:23,Cell_48,2.202,20.54,25.15,76,0,1106
2026-07-23 17:24:23,Cell_49,2.084,19.365,31.93,151,0,1031
2026-07-23 17:24:23,Cell_5,2.206,30.311,39.54,140,0,1055
2026-07-23 17:24:23,Cell_50,2.134,33.745,43.18,202,0,980
2026-07-23 17:24:23,Cell_51,2.212,13.045,31.02,157,0,1029
2026-07-23 17:24:23,Cell_52,2.169,16.352,31.02,60,0,1122
2026-07-23 17:24:23,Cell_53,2.2,15.516,30.23,146,0,1044
2026-07-23 17:24:23,Cell_54,2.131,28.632,39.9,126,0,1058
2026-07-23 17:24:23,Cell_55,2.143,21.639,35.62,192,0,998
2026-07-23 17:24:23,Cell_6,2.249,33.412,39.38,143,0,1043
2026-07-23 17:24:23,Cell_7,2.135,17.364,33.55,157,0,1025
2026-07-23 17:24:23,Cell_8,2.188,25.283,38.35,108,0,1079
2026-07-23 17:24:23,Cell_9,2.3,24.979,35.23,92,0,1092
2026-07-23 17:26:23,Cell_1,2.049,29.125,44.35,199,0,1001
2026-07-23 17:26:23,Cell_10,2.29,11.201,32.28,174,0,1014
2026-07-23 17:26:23,Cell_11,2.139,22.059,32.3,136,0,1059
2026-07-23 17:26:23,Cell_12,2.255,27.985,43.97,151,0,1033
2026-07-23 17:26:23,Cell_13,2.146,18.153,34.64,51,0,1148
2026-07-23 17:26:23,Cell_14,2.154,26.564,39.52,128,0,1063
2026-07-23 17:26:23,Cell_15,2.249,5.93,28.97,70,0,1112
2026-07-23 17:26:23,Cell_16,2.243,17.032,32.21,147,0,1051
2026-07-23 17:26:23,Cell_17,2.141,24.163,31.35,191,0,1009
2026-07-23 17:26:23,Cell_18,2.187,12.895,31.49,158,0,1037
2026-07-23 17:26:23,Cell_19,2.228,26.145,38.86,132,0,1050
2026-07-23 17:26:23,Cell_2,2.184,17.884,31.86,130,0,1063
2026-07-23 17:26:23,Cell_20,2.3,25.534,36.86,147,0,1042
2026-07-23 17:26:23,Cell_21,2.219,41.813,42.17,60,0,1140
2026-07-23 17:26:23,Cell_22,2.232,47.906,47.55,165,0,1021
2026-07-23 17:26:23,Cell_23,2.176,29.395,35.3,158,0,1038
2026-07-23 17:26:23,Cell_24,2.038,43.84,60.0,180,1,1005
2026-07-23 17:26:23,Cell_25,1.84,27.837,85.71,102,2,1028
2026-07-23 17:26:23,Cell_26,2.216,20.572,36.13,198,0,992
2026-07-23 17:26:23,Cell_27,2.285,21.702,34.56,110,0,1088
2026-07-23 17:26:23,Cell_28,2.205,48.593,43.45,114,0,1071
2026-07-23 17:26:23,Cell_29,2.177,6.354,24.22,95,0,1095
2026-07-23 17:26:23,Cell_3,2.149,11.451,61.97,186,1,916
2026-07-23 17:26:23,Cell_30,2.197,47.543,45.19,96,0,1092
2026-07-23 17:26:23,Cell_31,2.159,31.604,33.37,107,0,1075
2026-07-23 17:26:23,Cell_32,2.268,31.093,37.64,109,0,1090
2026-07-23 17:26:23,Cell_33,2.157,33.926,37.03,85,0,1100
2026-07-23 17:26:23,Cell_34,2.162,33.896,39.93,173,0,1021
2026-07-23 17:26:23,Cell_35,2.168,34.614,43.02,160,0,1035
2026-07-23 17:26:23,Cell_36,2.196,39.45,43.82,90,0,1107
2026-07-23 17:26:23,Cell_37,2.206,32.248,39.68,117,0,1080
2026-07-23 17:26:23,Cell_38,2.168,24.148,38.26,152,0,1045
2026-07-23 17:26:23,Cell_39,2.187,22.697,41.4,185,0,1013
2026-07-23 17:26:23,Cell_4,2.265,31.688,42.41,162,0,1031
2026-07-23 17:26:23,Cell_40,2.288,24.556,38.2,144,0,1051
2026-07-23 17:26:23,Cell_41,2.207,47.51,50.4,151,0,1034
2026-07-23 17:26:23,Cell_42,2.199,10.91,36.1,111,0,1080
2026-07-23 17:26:23,Cell_43,2.112,17.522,35.47,154,0,1036
2026-07-23 17:26:23,Cell_44,2.239,13.416,26.92,109,0,1074
2026-07-23 17:26:23,Cell_45,2.236,26.202,33.59,129,0,1059
2026-07-23 17:26:23,Cell_46,2.268,16.209,26.17,74,0,1117
2026-07-23 17:26:23,Cell_47,2.101,32.401,38.25,154,0,1037
2026-07-23 17:26:23,Cell_48,2.207,18.64,35.85,76,0,1116
2026-07-23 17:26:23,Cell_49,2.182,38.121,45.37,151,0,1040
2026-07-23 17:26:23,Cell_5,2.271,23.446,29.61,140,0,1046
2026-07-23 17:26:23,Cell_50,2.212,36.062,36.0,202,0,997
2026-07-23 17:26:23,Cell_51,2.197,27.26,39.52,158,0,1023
2026-07-23 17:26:23,Cell_52,2.219,17.077,36.52,60,0,1121
2026-07-23 17:26:23,Cell_53,2.3,41.602,42.35,146,0,1054
2026-07-23 17:26:23,Cell_54,2.142,21.683,33.7,126,0,1056
2026-07-23 17:26:23,Cell_55,2.28,16.331,35.37,192,0,1004
2026-07-23 17:26:23,Cell_6,2.164,43.563,40.21,143,0,1038
2026-07-23 17:26:23,Cell_7,2.104,26.02,33.29,157,0,1042
2026-07-23 17:26:23,Cell_8,2.201,21.148,34.9,108,0,1084
2026-07-23 17:26:23,Cell_9,2.174,36.194,44.42,92,0,1102
2026-07-23 17:28:23,Cell_1,2.127,18.682,35.92,199,0,982
2026-07-23 17:28:23,Cell_10,1.874,49.757,78.34,174,2,920
2026-07-23 17:28:23,Cell_11,2.272,13.01,31.31,137,0,1051
2026-07-23 17:28:23,Cell_12,2.139,21.752,36.49,151,0,1032
2026-07-23 17:28:23,Cell_13,2.217,18.817,33.96,51,0,1143
2026-07-23 17:28:23,Cell_14,2.237,17.421,30.17,128,0,1069
2026-07-23 17:28:23,Cell_15,2.197,41.92,46.85,70,0,1112
2026-07-23 17:28:23,Cell_16,2.181,34.858,43.15,147,0,1047
2026-07-23 17:28:23,Cell_17,2.208,20.637,37.35,191,0,1000
2026-07-23 17:28:23,Cell_18,2.3,43.57,42.31,158,0,1031
2026-07-23 17:28:23,Cell_19,2.196,11.399,30.4,132,0,1052
2026-07-23 17:28:23,Cell_2,2.166,46.88,43.34,131,0,1066
2026-07-23 17:28:23,Cell_20,2.133,27.967,45.03,147,0,1039
2026-07-23 17:28:23,Cell_21,2.168,19.583,29.76,60,0,1134
2026-07-23 17:28:23,Cell_22,2.192,20.112,36.25,165,0,1017
2026-07-23 17:28:23,Cell_23,2.211,22.955,38.22,158,0,1029
2026-07-23 17:28:23,Cell_24,2.235,28.855,35.23,180,0,1009
2026-07-23 17:28:23,Cell_25,2.26,36.78,43.7,102,0,1094
2026-07-23 17:28:23,Cell_26,2.131,8.536,33.65,198,0,999
2026-07-23 17:28:23,Cell_27,2.219,28.585,34.88,110,0,1078
2026-07-23 17:28:23,Cell_28,2.188,17.369,33.69,114,0,1083
2026-07-23 17:28:23,Cell_29,2.3,22.504,31.15,95,0,1098
2026-07-23 17:28:23,Cell_3,2.138,24.465,31.1,186,0,1007
2026-07-23 17:28:23,Cell_30,2.277,21.453,32.15,96,0,1085
2026-07-23 17:28:23,Cell_31,2.171,39.855,45.44,107,0,1085
2026-07-23 17:28:23,Cell_32,2.202,23.22,33.75,109,0,1088
2026-07-23 17:28:23,Cell_33,2.291,10.417,28.15,85,0,1099
2026-07-23 17:28:23,Cell_34,2.135,3.932,33.66,174,0,1011
2026-07-23 17:28:23,Cell_35,2.179,27.951,39.7,160,0,1022
2026-07-23 17:28:23,Cell_36,2.233,27.567,38.48,90,0,1094
2026-07-23 17:28:23,Cell_37,2.231,18.094,34.35,117,0,1073
2026-07-23 17:28:23,Cell_38,2.143,35.253,45.01,152,0,1045
2026-07-23 17:28:23,Cell_39,2.214,35.403,38.5,185,0,1002
2026-07-23 17:28:23,Cell_4,2.209,39.312,37.58,163,0,1030
2026-07-23 17:28:23,Cell_40,2.225,25.171,33.03,144,0,1046
2026-07-23 17:28:23,Cell_41,2.213,29.363,42.23,151,0,1040
2026-07-23 17:28:23,Cell_42,2.255,23.374,32.75,111,0,1079
2026-07-23 17:28:23,Cell_43,2.072,21.462,32.12,154,0,1045
2026-07-23 17:28:23,Cell_44,2.18,37.295,43.11,109,0,1078
2026-07-23 17:28:23,Cell_45,2.17,27.103,37.78,129,0,1060
2026-07-23 17:28:23,Cell_46,2.225,41.651,42.46,74,0,1110
2026-07-23 17:28:23,Cell_47,2.199,33.705,41.91,154,0,1043
2026-07-23 17:28:23,Cell_48,2.245,11.178,28.8,76,0,1123
2026-07-23 17:28:23,Cell_49,2.056,35.154,74.07,151,1,956
2026-07-23 17:28:23,Cell_5,2.098,19.853,60.0,140,1,1045
2026-07-23 17:28:23,Cell_50,2.113,35.939,38.39,202,0,979
2026-07-23 17:28:23,Cell_51,2.145,22.961,38.82,158,0,1029
2026-07-23 17:28:23,Cell_52,2.296,32.408,35.01,61,0,1123
2026-07-23 17:28:23,Cell_53,2.144,17.452,31.78,146,0,1051
2026-07-23 17:28:23,Cell_54,2.238,26.382,36.79,126,0,1056
2026-07-23 17:28:23,Cell_55,2.278,33.634,33.12,192,0,1007
2026-07-23 17:28:23,Cell_6,2.22,25.084,38.74,143,0,1052
2026-07-23 17:28:23,Cell_7,2.163,34.351,40.23,157,0,1043
2026-07-23 17:28:23,Cell_8,2.157,44.373,68.91,108,1,1029
2026-07-23 17:28:23,Cell_9,2.283,33.753,36.41,92,0,1092
2026-07-23 17:30:23,Cell_1,2.196,17.27,29.82,199,0,991
2026-07-23 17:30:23,Cell_10,2.16,30.201,36.52,174,0,1018
2026-07-23 17:30:23,Cell_11,2.221,29.764,39.34,137,0,1056
2026-07-23 17:30:23,Cell_12,2.197,32.417,39.42,151,0,1032
2026-07-23 17:30:23,Cell_13,2.124,14.358,33.87,51,0,1130
2026-07-23 17:30:23,Cell_14,2.181,37.782,39.12,128,0,1065
2026-07-23 17:30:23,Cell_15,2.264,48.289,44.92,70,0,1113
2026-07-23 17:30:23,Cell_16,2.178,15.641,32.48,147,0,1044
2026-07-23 17:30:23,Cell_17,2.14,38.108,35.5,191,0,999
2026-07-23 17:30:23,Cell_18,2.163,22.38,33.61,159,0,1027
2026-07-23 17:30:23,Cell_19,2.181,37.484,40.99,132,0,1057
2026-07-23 17:30:23,Cell_2,2.213,29.329,37.59,131,0,1068
2026-07-23 17:30:23,Cell_20,2.251,19.366,34.73,147,0,1040
2026-07-23 17:30:23,Cell_21,2.259,21.774,34.59,60,0,1129
2026-07-23 17:30:23,Cell_22,2.223,26.746,41.32,165,0,1034
2026-07-23 17:30:23,Cell_23,2.199,26.068,29.96,159,0,1032
2026-07-23 17:30:23,Cell_24,2.261,22.026,35.17,180,0,1010
2026-07-23 17:30:23,Cell_25,2.238,29.951,38.66,102,0,1097
2026-07-23 17:30:23,Cell_26,2.097,17.764,36.3,198,0,988
2026-07-23 17:30:23,Cell_27,2.216,30.279,34.95,110,0,1086
2026-07-23 17:30:23,Cell_28,2.275,44.303,46.19,114,0,1082
2026-07-23 17:30:23,Cell_29,2.234,25.77,33.2,95,0,1099
2026-07-23 17:30:23,Cell_3,2.239,26.342,37.65,186,0,1013
2026-07-23 17:30:23,Cell_30,2.261,47.736,39.74,96,0,1100
2026-07-23 17:30:23,Cell_31,2.249,26.128,29.93,108,0,1082
2026-07-23 17:30:23,Cell_32,2.164,26.032,34.63,109,0,1079
2026-07-23 17:30:23,Cell_33,2.282,27.818,37.95,85,0,1113
2026-07-23 17:30:23,Cell_34,2.3,20.037,31.41,174,0,1022
2026-07-23 17:30:23,Cell_35,2.2,43.85,44.29,160,0,1033
2026-07-23 17:30:23,Cell_36,2.188,23.403,38.8,90,0,1100
2026-07-23 17:30:23,Cell_37,2.189,19.894,35.01,117,0,1064
2026-07-23 17:30:23,Cell_38,2.178,22.29,30.29,152,0,1042
2026-07-23 17:30:23,Cell_39,2.218,23.157,37.22,185,0,996
2026-07-23 17:30:23,Cell_4,2.217,13.364,28.61,163,0,1022
2026-07-23 17:30:23,Cell_40,2.144,14.45,28.56,144,0,1043
2026-07-23 17:30:23,Cell_41,2.256,12.747,34.01,151,0,1049
2026-07-23 17:30:23,Cell_42,2.286,45.266,47.47,111,0,1073
2026-07-23 17:30:23,Cell_43,2.196,28.914,40.08,154,0,1031
2026-07-23 17:30:23,Cell_44,1.866,42.737,78.53,109,2,1028
2026-07-23 17:30:23,Cell_45,2.116,41.088,42.18,129,0,1065
2026-07-23 17:30:23,Cell_46,2.179,21.616,34.05,74,0,1120
2026-07-23 17:30:23,Cell_47,2.205,11.729,28.24,154,0,1043
2026-07-23 17:30:23,Cell_48,2.3,29.724,39.24,76,0,1113
2026-07-23 17:30:23,Cell_49,2.261,26.869,39.58,151,0,1043
2026-07-23 17:30:23,Cell_5,2.224,34.274,39.52,140,0,1050
2026-07-23 17:30:23,Cell_50,2.244,14.434,26.32,203,0,997
2026-07-23 17:30:23,Cell_51,1.875,41.387,77.7,158,2,950
2026-07-23 17:30:23,Cell_52,2.223,23.439,39.19,61,0,1125
2026-07-23 17:30:23,Cell_53,2.181,17.838,34.18,146,0,1038
2026-07-23 17:30:23,Cell_54,2.185,37.966,44.76,126,0,1061
2026-07-23 17:30:23,Cell_55,2.163,27.356,35.19,192,0,1008
2026-07-23 17:30:23,Cell_6,2.19,8.654,27.28,143,0,1041
2026-07-23 17:30:23,Cell_7,2.135,29.003,38.72,157,0,1034
2026-07-23 17:30:23,Cell_8,2.156,11.919,34.56,108,0,1092
2026-07-23 17:30:23,Cell_9,2.243,22.72,32.44,92,0,1107
2026-07-23 17:32:23,Cell_1,2.265,23.956,34.41,200,0,986
2026-07-23 17:32:23,Cell_10,2.096,9.57,27.97,174,0,1010
2026-07-23 17:32:23,Cell_11,2.187,22.58,37.59,137,0,1047
2026-07-23 17:32:23,Cell_12,2.125,25.819,35.0,151,0,1033
2026-07-23 17:32:23,Cell_13,2.282,24.73,34.74,51,0,1130
2026-07-23 17:32:23,Cell_14,2.169,28.075,38.75,128,0,1070
2026-07-23 17:32:23,Cell_15,2.296,34.749,40.47,70,0,1124
2026-07-23 17:32:23,Cell_16,2.168,26.395,38.89,147,0,1034
2026-07-23 17:32:23,Cell_17,2.204,23.262,34.37,191,0,997
2026-07-23 17:32:23,Cell_18,2.117,10.274,28.08,159,0,1025
2026-07-23 17:32:23,Cell_19,2.244,25.508,40.75,132,0,1051
2026-07-23 17:32:23,Cell_2,2.195,29.909,42.22,131,0,1063
2026-07-23 17:32:23,Cell_20,2.21,26.525,36.76,147,0,1043
2026-07-23 17:32:23,Cell_21,2.3,47.264,38.33,60,0,1137
2026-07-23 17:32:23,Cell_22,2.212,29.821,36.14,165,0,1035
2026-07-23 17:32:23,Cell_23,2.13,17.61,31.65,159,0,1022
2026-07-23 17:32:23,Cell_24,2.26,16.684,34.6,180,0,1010
2026-07-23 17:32:23,Cell_25,2.277,33.704,38.63,102,0,1090
2026-07-23 17:32:23,Cell_26,2.149,25.492,35.81,198,0,989
2026-07-23 17:32:23,Cell_27,2.178,3.427,26.07,111,0,1082
2026-07-23 17:32:23,Cell_28,2.218,28.274,31.96,115,0,1083
2026-07-23 17:32:23,Cell_29,1.844,35.387,87.21,95,2,1057
2026-07-23 17:32:23,Cell_3,2.152,15.784,30.87,186,0,1009
2026-07-23 17:32:23,Cell_30,2.198,3.754,22.94,96,0,1085
2026-07-23 17:32:23,Cell_31,2.22,38.365,41.97,108,0,1085
2026-07-23 17:32:23,Cell_32,1.9,20.095,90.0,109,2,1025
2026-07-23 17:32:23,Cell_33,2.146,29.475,39.37,85,0,1097
2026-07-23 17:32:23,Cell_34,2.146,29.407,43.57,174,0,1016
2026-07-23 17:32:23,Cell_35,2.163,31.614,37.85,160,0,1025
2026-07-23 17:32:23,Cell_36,2.251,17.547,34.45,90,0,1102
2026-07-23 17:32:23,Cell_37,2.3,9.323,27.62,117,0,1072
2026-07-23 17:32:23,Cell_38,2.225,21.906,32.75,152,0,1031
2026-07-23 17:32:23,Cell_39,2.21,24.019,36.48,185,0,1015
2026-07-23 17:32:23,Cell_4,2.149,33.527,40.92,163,0,1036
2026-07-23 17:32:23,Cell_40,2.132,15.092,30.08,144,0,1048
2026-07-23 17:32:23,Cell_41,2.081,35.451,66.52,151,1,957
2026-07-23 17:32:23,Cell_42,2.17,3.821,25.11,111,0,1086
2026-07-23 17:32:23,Cell_43,2.171,19.079,34.4,154,0,1030
2026-07-23 17:32:23,Cell_44,2.267,24.521,36.07,109,0,1073
2026-07-23 17:32:23,Cell_45,2.192,11.339,30.92,129,0,1060
2026-07-23 17:32:23,Cell_46,2.218,23.638,37.52,74,0,1115
2026-07-23 17:32:23,Cell_47,2.213,20.519,34.71,154,0,1038
2026-07-23 17:32:23,Cell_48,2.244,24.871,44.23,76,0,1123
2026-07-23 17:32:23,Cell_49,2.248,14.465,37.03,151,0,1034
2026-07-23 17:32:23,Cell_5,2.232,16.278,33.48,140,0,1050
2026-07-23 17:32:23,Cell_50,2.133,26.572,36.54,203,0,986
2026-07-23 17:32:23,Cell_51,2.248,21.663,29.99,158,0,1040
2026-07-23 17:32:23,Cell_52,2.273,27.964,38.55,61,0,1131
2026-07-23 17:32:23,Cell_53,2.164,32.573,39.78,146,0,1052
2026-07-23 17:32:23,Cell_54,2.158,26.711,33.85,126,0,1070
2026-07-23 17:32:23,Cell_55,2.24,35.975,39.83,192,0,999
2026-07-23 17:32:23,Cell_6,2.188,11.363,31.07,143,0,1054
2026-07-23 17:32:23,Cell_7,2.151,24.032,38.81,157,0,1037
2026-07-23 17:32:23,Cell_8,2.156,20.497,33.68,108,0,1089
2026-07-23 17:32:23,Cell_9,2.208,35.168,38.9,92,0,1097
2026-07-23 17:34:23,Cell_1,2.108,34.559,63.42,200,1,884
2026-07-23 17:34:23,Cell_10,2.235,20.445,24.82,174,0,1010
2026-07-23 17:34:23,Cell_11,2.231,21.552,36.39,137,0,1049
2026-07-23 17:34:23,Cell_12,2.271,13.001,35.84,151,0,1037
2026-07-23 17:34:23,Cell_13,2.268,21.974,33.68,51,0,1132
2026-07-23 17:34:23,Cell_14,2.261,21.365,34.95,128,0,1066
2026-07-23 17:34:23,Cell_15,2.295,27.137,38.52,70,0,1129
2026-07-23 17:34:23,Cell_16,2.299,26.707,26.95,147,0,1050
2026-07-23 17:34:23,Cell_17,2.106,20.737,34.78,191,0,995
2026-07-23 17:34:23,Cell_18,2.129,50.0,48.07,159,0,1027
2026-07-23 17:34:23,Cell_19,2.265,20.46,37.62,132,0,1067
2026-07-23 17:34:23,Cell_2,2.159,50.0,48.48,131,0,1069
2026-07-23 17:34:23,Cell_20,2.148,25.308,33.66,147,0,1034
2026-07-23 17:34:23,Cell_21,2.179,23.399,40.4,60,0,1138
2026-07-23 17:34:23,Cell_22,2.247,5.708,25.0,165,0,1021
2026-07-23 17:34:23,Cell_23,2.18,19.924,32.06,159,0,1026
2026-07-23 17:34:23,Cell_24,2.23,35.79,41.89,181,0,1007
2026-07-23 17:34:23,Cell_25,2.251,50.0,42.46,102,0,1087
2026-07-23 17:34:23,Cell_26,2.179,15.152,36.6,198,0,992
2026-07-23 17:34:23,Cell_27,2.268,13.325,39.35,111,0,1074
2026-07-23 17:34:23,Cell_28,2.123,45.171,45.98,116,0,1076
2026-07-23 17:34:23,Cell_29,2.121,21.958,35.47,95,0,1088
2026-07-23 17:34:23,Cell_3,2.208,20.91,33.69,186,0,1008
2026-07-23 17:34:23,Cell_30,2.173,26.856,35.86,96,0,1085
2026-07-23 17:34:23,Cell_31,2.3,18.174,34.53,108,0,1073
2026-07-23 17:34:23,Cell_32,1.9,40.815,86.5,109,2,1026
2026-07-23 17:34:23,Cell_33,2.246,22.807,27.49,85,0,1105
2026-07-23 17:34:23,Cell_34,2.189,35.062,40.95,174,0,1014
2026-07-23 17:34:23,Cell_35,2.3,34.636,36.57,160,0,1022
2026-07-23 17:34:23,Cell_36,2.116,19.65,32.18,90,0,1100
2026-07-23 17:34:23,Cell_37,2.199,12.893,31.36,117,0,1083
2026-07-23 17:34:23,Cell_38,2.154,27.839,42.69,152,0,1039
2026-07-23 17:34:23,Cell_39,2.115,23.365,39.51,185,0,997
2026-07-23 17:34:23,Cell_4,2.121,27.96,39.47,163,0,1024
2026-07-23 17:34:23,Cell_40,2.178,23.215,34.25,144,0,1052
2026-07-23 17:34:23,Cell_41,2.223,17.037,27.43,152,0,1048
2026-07-23 17:34:23,Cell_42,2.245,19.086,34.01,111,0,1072
2026-07-23 17:34:23,Cell_43,2.197,28.785,38.18,154,0,1039
2026-07-23 17:34:23,Cell_44,2.3,18.477,37.05,109,0,1078
2026-07-23 17:34:23,Cell_45,1.821,45.267,81.59,129,2,987
2026-07-23 17:34:23,Cell_46,2.182,37.88,36.44,74,0,1116
2026-07-23 17:34:23,Cell_47,2.232,27.322,32.78,154,0,1028
2026-07-23 17:34:23,Cell_48,1.9,38.019,75.0,76,2,1075
2026-07-23 17:34:23,Cell_49,2.218,28.664,33.84,151,0,1030
2026-07-23 17:34:23,Cell_5,2.162,36.005,42.29,140,0,1043
2026-07-23 17:34:23,Cell_50,2.067,18.06,32.75,204,0,987
2026-07-23 17:34:23,Cell_51,2.169,27.245,63.37,158,1,957
2026-07-23 17:34:23,Cell_52,2.3,8.807,33.25,62,0,1133
2026-07-23 17:34:23,Cell_53,2.215,41.393,46.97,146,0,1039
2026-07-23 17:34:23,Cell_54,2.268,31.245,37.24,126,0,1073
2026-07-23 17:34:23,Cell_55,2.253,7.756,27.44,192,0,1007
2026-07-23 17:34:23,Cell_6,2.179,8.713,32.47,143,0,1047
2026-07-23 17:34:23,Cell_7,2.198,15.17,29.38,158,0,1034
2026-07-23 17:34:23,Cell_8,2.186,15.703,32.0,108,0,1074
2026-07-23 17:34:23,Cell_9,2.2,30.982,38.65,92,0,1107
2026-07-23 17:36:23,Cell_1,2.144,32.178,35.23,200,0,999
2026-07-23 17:36:23,Cell_10,2.137,27.754,40.08,174,0,1013
2026-07-23 17:36:23,Cell_11,2.183,29.78,42.4,137,0,1059
2026-07-23 17:36:23,Cell_12,2.217,10.098,26.17,151,0,1031
2026-07-23 17:36:23,Cell_13,2.192,24.43,34.37,51,0,1136
2026-07-23 17:36:23,Cell_14,2.253,20.492,34.9,128,0,1055
2026-07-23 17:36:23,Cell_15,2.284,10.404,29.96,70,0,1111
2026-07-23 17:36:23,Cell_16,2.16,25.4,35.61,147,0,1042
2026-07-23 17:36:23,Cell_17,2.193,19.851,30.45,191,0,1000
2026-07-23 17:36:23,Cell_18,2.285,35.503,42.98,159,0,1035
2026-07-23 17:36:23,Cell_19,1.9,47.324,75.0,132,2,997
2026-07-23 17:36:23,Cell_2,2.251,38.647,36.52,131,0,1064
2026-07-23 17:36:23,Cell_20,2.184,29.759,40.66,147,0,1044
2026-07-23 17:36:23,Cell_21,2.228,15.018,25.61,60,0,1134
2026-07-23 17:36:23,Cell_22,2.146,19.254,30.78,165,0,1028
2026-07-23 17:36:23,Cell_23,2.201,18.524,35.35,159,0,1023
2026-07-23 17:36:23,Cell_24,2.05,24.926,60.0,181,1,1009
2026-07-23 17:36:23,Cell_25,2.171,27.717,32.89,102,0,1093
2026-07-23 17:36:23,Cell_26,2.161,27.12,34.24,198,0,1001
2026-07-23 17:36:23,Cell_27,2.091,28.699,64.09,111,1,1020
2026-07-23 17:36:23,Cell_28,2.149,16.495,29.12,116,0,1068
2026-07-23 17:36:23,Cell_29,2.281,20.275,32.27,95,0,1093
2026-07-23 17:36:23,Cell_3,2.116,23.608,32.87,186,0,1006
2026-07-23 17:36:23,Cell_30,2.243,21.574,33.33,96,0,1102
2026-07-23 17:36:23,Cell_31,2.222,24.64,34.69,108,0,1083
2026-07-23 17:36:23,Cell_32,2.235,16.362,31.22,109,0,1090
2026-07-23 17:36:23,Cell_33,2.136,28.164,36.66,85,0,1111
2026-07-23 17:36:23,Cell_34,2.27,39.542,36.07,174,0,1010
2026-07-23 17:36:23,Cell_35,2.286,28.611,38.6,160,0,1028
2026-07-23 17:36:23,Cell_36,2.214,22.838,32.57,90,0,1103
2026-07-23 17:36:23,Cell_37,2.279,35.143,40.29,117,0,1069
2026-07-23 17:36:23,Cell_38,2.192,21.945,38.13,152,0,1044
2026-07-23 17:36:23,Cell_39,2.172,26.104,36.26,185,0,1000
2026-07-23 17:36:23,Cell_4,2.162,25.042,34.97,163,0,1028
2026-07-23 17:36:23,Cell_40,2.206,15.294,29.57,144,0,1044
2026-07-23 17:36:23,Cell_41,2.178,19.861,33.82,152,0,1039
2026-07-23 17:36:23,Cell_42,2.181,15.369,33.14,111,0,1089
2026-07-23 17:36:23,Cell_43,2.241,32.225,37.37,154,0,1041
2026-07-23 17:36:23,Cell_44,2.127,36.401,42.39,109,0,1087
2026-07-23 17:36:23,Cell_45,2.219,42.565,49.77,129,0,1058
2026-07-23 17:36:23,Cell_46,2.25,36.01,36.45,74,0,1111
2026-07-23 17:36:23,Cell_47,2.18,39.402,42.84,154,0,1030
2026-07-23 17:36:23,Cell_48,2.174,34.883,43.57,76,0,1113
2026-07-23 17:36:23,Cell_49,2.294,37.059,42.11,151,0,1046
2026-07-23 17:36:23,Cell_5,2.3,23.02,32.99,140,0,1044
2026-07-23 17:36:23,Cell_50,2.142,27.195,44.45,204,0,981
2026-07-23 17:36:23,Cell_51,2.181,16.629,33.92,158,0,1039
2026-07-23 17:36:23,Cell_52,2.262,15.759,24.43,62,0,1119
2026-07-23 17:36:23,Cell_53,2.213,21.597,40.74,146,0,1038
2026-07-23 17:36:23,Cell_54,2.211,35.996,35.48,126,0,1072
2026-07-23 17:36:23,Cell_55,2.18,16.957,33.44,192,0,993
2026-07-23 17:36:23,Cell_6,2.142,12.304,31.61,143,0,1048
2026-07-23 17:36:23,Cell_7,2.172,24.198,37.8,158,0,1030
2026-07-23 17:36:23,Cell_8,2.231,19.595,33.56,108,0,1079
2026-07-23 17:36:23,Cell_9,1.858,48.251,79.59,92,2,1059
2026-07-23 17:38:23,Cell_1,2.121,25.479,41.35,200,0,999
2026-07-23 17:38:23,Cell_10,2.268,21.743,35.28,174,0,1013
2026-07-23 17:38:23,Cell_11,2.178,19.547,29.69,137,0,1044
2026-07-23 17:38:23,Cell_12,2.134,26.322,35.38,151,0,1031
2026-07-23 17:38:23,Cell_13,2.217,8.794,28.07,51,0,1148
2026-07-23 17:38:23,Cell_14,2.154,19.51,35.36,128,0,1066
2026-07-23 17:38:23,Cell_15,2.261,35.949,36.73,71,0,1129
2026-07-23 17:38:23,Cell_16,2.212,26.003,38.9,147,0,1036
2026-07-23 17:38:23,Cell_17,2.168,48.352,45.67,191,0,998
2026-07-23 17:38:23,Cell_18,2.193,16.169,36.02,159,0,1037
2026-07-23 17:38:23,Cell_19,2.082,20.788,70.36,132,1,990
2026-07-23 17:38:23,Cell_2,2.244,13.327,33.39,131,0,1062
2026-07-23 17:38:23,Cell_20,2.122,32.905,44.09,147,0,1047
2026-07-23 17:38:23,Cell_21,2.222,40.925,41.52,60,0,1124
2026-07-23 17:38:23,Cell_22,2.16,0.0,28.28,165,0,1020
2026-07-23 17:38:23,Cell_23,2.125,43.575,46.05,159,0,1032
2026-07-23 17:38:23,Cell_24,2.164,20.809,39.89,181,0,1016
2026-07-23 17:38:23,Cell_25,2.247,22.22,36.14,102,0,1096
2026-07-23 17:38:23,Cell_26,2.195,24.746,37.6,198,0,998
2026-07-23 17:38:23,Cell_27,2.219,36.498,40.62,111,0,1072
2026-07-23 17:38:23,Cell_28,2.244,42.15,35.22,116,0,1068
2026-07-23 17:38:23,Cell_29,2.226,11.332,32.33,95,0,1092
2026-07-23 17:38:23,Cell_3,2.193,29.805,38.35,186,0,1000
2026-07-23 17:38:23,Cell_30,2.185,29.612,29.21,96,0,1089
2026-07-23 17:38:23,Cell_31,2.256,22.352,39.19,108,0,1082
2026-07-23 17:38:23,Cell_32,2.197,28.293,36.6,109,0,1080
2026-07-23 17:38:23,Cell_33,2.257,11.702,32.68,85,0,1105
2026-07-23 17:38:23,Cell_34,2.093,20.919,67.66,174,1,931
2026-07-23 17:38:23,Cell_35,2.234,15.686,24.33,160,0,1031
2026-07-23 17:38:23,Cell_36,2.222,28.023,34.04,90,0,1093
2026-07-23 17:38:23,Cell_37,2.189,29.355,41.16,117,0,1073
2026-07-23 17:38:23,Cell_38,2.245,36.143,39.25,152,0,1039
2026-07-23 17:38:23,Cell_39,2.111,22.953,39.37,185,0,1015
2026-07-23 17:38:23,Cell_4,2.184,28.038,34.28,163,0,1034
2026-07-23 17:38:23,Cell_40,2.231,30.791,37.3,144,0,1045
2026-07-23 17:38:23,Cell_41,1.9,50.0,75.37,152,2,968
2026-07-23 17:38:23,Cell_42,2.225,11.467,31.45,111,0,1089
2026-07-23 17:38:23,Cell_43,2.193,21.135,37.28,154,0,1030
2026-07-23 17:38:23,Cell_44,2.138,14.366,63.44,109,1,1028
2026-07-23 17:38:23,Cell_45,2.211,37.317,40.83,129,0,1057
2026-07-23 17:38:23,Cell_46,2.254,26.843,37.31,74,0,1116
2026-07-23 17:38:23,Cell_47,2.119,34.276,37.44,154,0,1031
2026-07-23 17:38:23,Cell_48,2.203,16.545,31.33,76,0,1114
2026-07-23 17:38:23,Cell_49,2.166,28.197,34.63,151,0,1032
2026-07-23 17:38:23,Cell_5,2.128,5.682,26.8,140,0,1043
2026-07-23 17:38:23,Cell_50,2.119,30.356,37.29,204,0,992
2026-07-23 17:38:23,Cell_51,2.179,21.866,33.86,159,0,1037
2026-07-23 17:38:23,Cell_52,2.235,24.672,34.91,62,0,1137
2026-07-23 17:38:23,Cell_53,2.222,21.164,37.33,146,0,1047
2026-07-23 17:38:23,Cell_54,2.118,43.033,45.09,126,0,1071
2026-07-23 17:38:23,Cell_55,2.146,42.537,43.33,192,0,990
2026-07-23 17:38:23,Cell_6,2.187,24.194,28.83,143,0,1046
2026-07-23 17:38:23,Cell_7,2.246,43.412,41.78,158,0,1027
2026-07-23 17:38:23,Cell_8,2.097,24.83,60.0,108,1,1089
2026-07-23 17:38:23,Cell_9,2.178,9.078,22.22,92,0,1108
2026-07-23 17:40:23,Cell_1,2.138,29.395,45.92,200,0,987
2026-07-23 17:40:23,Cell_10,2.132,29.476,38.94,174,0,1009
2026-07-23 17:40:23,Cell_11,2.126,12.127,32.01,137,0,1045
2026-07-23 17:40:23,Cell_12,2.127,29.355,33.56,151,0,1030
2026-07-23 17:40:23,Cell_13,2.296,25.57,36.06,51,0,1133
2026-07-23 17:40:23,Cell_14,2.218,42.942,42.45,128,0,1058
2026-07-23 17:40:23,Cell_15,2.166,20.94,41.16,71,0,1125
2026-07-23 17:40:23,Cell_16,2.168,28.114,36.88,147,0,1038
2026-07-23 17:40:23,Cell_17,2.163,14.672,31.13,191,0,992
2026-07-23 17:40:23,Cell_18,2.17,11.593,30.37,159,0,1032
2026-07-23 17:40:23,Cell_19,2.218,16.773,31.18,132,0,1058
2026-07-23 17:40:23,Cell_2,2.159,25.099,36.57,131,0,1055
2026-07-23 17:40:23,Cell_20,2.12,18.411,34.19,147,0,1035
2026-07-23 17:40:23,Cell_21,2.265,36.62,36.4,60,0,1125
2026-07-23 17:40:23,Cell_22,2.143,32.9,44.82,165,0,1017
2026-07-23 17:40:23,Cell_23,2.207,34.515,42.81,159,0,1033
2026-07-23 17:40:23,Cell_24,2.181,20.839,33.62,181,0,1013
2026-07-23 17:40:23,Cell_25,2.098,24.418,60.0,102,1,1081
2026-07-23 17:40:23,Cell_26,2.233,34.023,43.19,198,0,991
2026-07-23 17:40:23,Cell_27,2.197,20.644,32.9,111,0,1075
2026-07-23 17:40:23,Cell_28,2.202,13.86,31.37,116,0,1084
2026-07-23 17:40:23,Cell_29,2.283,18.353,32.86,95,0,1098
2026-07-23 17:40:23,Cell_3,2.213,21.151,34.13,186,0,1000
2026-07-23 17:40:23,Cell_30,2.255,25.276,35.36,96,0,1096
2026-07-23 17:40:23,Cell_31,2.106,18.73,37.49,108,0,1081
2026-07-23 17:40:23,Cell_32,2.284,30.821,33.91,109,0,1083
2026-07-23 17:40:23,Cell_33,2.28,30.289,38.9,85,0,1109
2026-07-23 17:40:23,Cell_34,2.062,10.242,68.31,174,1,934
2026-07-23 17:40:23,Cell_35,2.212,21.18,34.2,160,0,1021
2026-07-23 17:40:23,Cell_36,2.182,32.656,41.78,90,0,1097
2026-07-23 17:40:23,Cell_37,2.15,35.315,38.06,117,0,1065
2026-07-23 17:40:23,Cell_38,2.194,4.046,25.9,152,0,1042
2026-07-23 17:40:23,Cell_39,2.223,26.475,39.15,185,0,1002
2026-07-23 17:40:23,Cell_4,2.19,18.336,35.15,163,0,1032
2026-07-23 17:40:23,Cell_40,2.231,22.969,35.76,144,0,1055
2026-07-23 17:40:23,Cell_41,2.187,32.557,38.17,152,0,1044
2026-07-23 17:40:23,Cell_42,2.266,26.302,35.7,111,0,1082
2026-07-23 17:40:23,Cell_43,2.133,8.786,35.5,154,0,1027
2026-07-23 17:40:23,Cell_44,2.181,23.683,34.09,109,0,1079
2026-07-23 17:40:23,Cell_45,2.19,21.713,31.2,130,0,1069
2026-07-23 17:40:23,Cell_46,2.158,25.947,31.79,74,0,1122
2026-07-23 17:40:23,Cell_47,2.146,24.087,33.98,154,0,1042
2026-07-23 17:40:23,Cell_48,2.166,17.762,33.71,76,0,1123
2026-07-23 17:40:23,Cell_49,2.215,16.471,31.62,151,0,1046
2026-07-23 17:40:23,Cell_5,2.247,37.748,41.32,140,0,1046
2026-07-23 17:40:23,Cell_50,2.276,16.57,32.6,204,0,982
2026-07-23 17:40:23,Cell_51,2.183,18.822,36.42,159,0,1035
2026-07-23 17:40:23,Cell_52,2.277,23.806,32.29,62,0,1120
2026-07-23 17:40:23,Cell_53,2.193,16.662,31.71,146,0,1038
2026-07-23 17:40:23,Cell_54,2.189,46.706,38.7,126,0,1071
2026-07-23 17:40:23,Cell_55,2.019,23.559,33.24,192,0,1005
2026-07-23 17:40:23,Cell_6,2.222,10.886,32.81,143,0,1044
2026-07-23 17:40:23,Cell_7,2.252,18.033,35.54,158,0,1035
2026-07-23 17:40:23,Cell_8,2.22,23.496,32.55,108,0,1080
2026-07-23 17:40:23,Cell_9,2.294,23.927,30.32,93,0,1098
2026-07-23 17:42:23,Cell_1,2.259,9.666,25.71,200,0,983
2026-07-23 17:42:23,Cell_10,2.188,19.982,37.02,174,0,1015
2026-07-23 17:42:23,Cell_11,2.154,23.662,36.13,137,0,1048
2026-07-23 17:42:23,Cell_12,2.212,33.571,34.78,151,0,1036
2026-07-23 17:42:23,Cell_13,2.21,28.077,40.67,51,0,1137
2026-07-23 17:42:23,Cell_14,2.236,27.606,36.28,128,0,1068
2026-07-23 17:42:23,Cell_15,2.209,24.004,37.65,71,0,1128
2026-07-23 17:42:23,Cell_16,2.164,41.071,42.47,148,0,1040
2026-07-23 17:42:23,Cell_17,2.203,34.595,36.62,191,0,998
2026-07-23 17:42:23,Cell_18,2.19,33.45,40.18,159,0,1023
2026-07-23 17:42:23,Cell_19,2.114,28.668,36.24,132,0,1067
2026-07-23 17:42:23,Cell_2,2.201,6.693,36.15,131,0,1050
2026-07-23 17:42:23,Cell_20,2.22,29.882,39.03,147,0,1035
2026-07-23 17:42:23,Cell_21,2.283,24.368,35.55,60,0,1135
2026-07-23 17:42:23,Cell_22,2.184,21.911,42.66,165,0,1028
2026-07-23 17:42:23,Cell_23,2.117,32.276,47.13,159,0,1023
2026-07-23 17:42:23,Cell_24,2.147,21.383,33.93,181,0,1002
2026-07-23 17:42:23,Cell_25,2.256,28.763,39.89,102,0,1093
2026-07-23 17:42:23,Cell_26,2.155,6.925,27.33,198,0,994
2026-07-23 17:42:23,Cell_27,2.165,35.79,31.59,111,0,1073
2026-07-23 17:42:23,Cell_28,2.182,33.433,40.51,116,0,1079
2026-07-23 17:42:23,Cell_29,2.205,28.911,33.73,95,0,1092
2026-07-23 17:42:23,Cell_3,2.278,2.534,25.18,186,0,1008
2026-07-23 17:42:23,Cell_30,2.194,17.245,33.55,96,0,1104
2026-07-23 17:42:23,Cell_31,2.188,24.224,37.84,108,0,1079
2026-07-23 17:42:23,Cell_32,2.23,27.859,32.81,109,0,1078
2026-07-23 17:42:23,Cell_33,2.153,31.028,37.43,85,0,1114
2026-07-23 17:42:23,Cell_34,2.241,15.693,25.34,174,0,1013
2026-07-23 17:42:23,Cell_35,2.195,17.948,31.7,160,0,1036
2026-07-23 17:42:23,Cell_36,2.2,36.88,43.01,90,0,1102
2026-07-23 17:42:23,Cell_37,2.193,15.569,34.9,117,0,1073
2026-07-23 17:42:23,Cell_38,2.256,33.21,46.66,152,0,1040
2026-07-23 17:42:23,Cell_39,2.209,24.26,33.35,186,0,1011
2026-07-23 17:42:23,Cell_4,2.225,20.687,37.36,163,0,1019
2026-07-23 17:42:23,Cell_40,2.174,38.717,41.52,144,0,1043
2026-07-23 17:42:23,Cell_41,2.293,27.313,38.54,152,0,1036
2026-07-23 17:42:23,Cell_42,2.218,25.119,35.14,111,0,1082
2026-07-23 17:42:23,Cell_43,2.166,23.695,32.92,154,0,1043
2026-07-23 17:42:23,Cell_44,2.182,21.117,34.33,109,0,1073
2026-07-23 17:42:23,Cell_45,2.271,35.636,42.22,130,0,1061
2026-07-23 17:42:23,Cell_46,2.178,32.257,38.63,74,0,1126
2026-07-23 17:42:23,Cell_47,2.168,17.895,32.31,154,0,1034
2026-07-23 17:42:23,Cell_48,2.255,18.323,29.02,76,0,1109
2026-07-23 17:42:23,Cell_49,2.181,11.779,34.57,151,0,1040
2026-07-23 17:42:23,Cell_5,2.222,27.56,38.93,140,0,1058
2026-07-23 17:42:23,Cell_50,2.229,36.69,38.01,205,0,989
2026-07-23 17:42:23,Cell_51,2.254,18.703,38.33,159,0,1030
2026-07-23 17:42:23,Cell_52,2.175,45.425,41.18,62,0,1129
2026-07-23 17:42:23,Cell_53,2.298,15.89,33.09,146,0,1052
2026-07-23 17:42:23,Cell_54,2.224,27.515,37.88,126,0,1070
2026-07-23 17:42:23,Cell_55,2.174,28.318,38.09,192,0,1003
2026-07-23 17:42:23,Cell_6,2.155,20.53,32.64,143,0,1041
2026-07-23 17:42:23,Cell_7,2.203,39.7,40.76,158,0,1038
2026-07-23 17:42:23,Cell_8,2.217,42.38,45.09,108,0,1086
2026-07-23 17:42:23,Cell_9,2.199,6.165,25.67,93,0,1097
2026-07-23 17:44:23,Cell_1,2.18,43.51,41.56,200,0,996
2026-07-23 17:44:23,Cell_10,2.185,18.431,32.67,174,0,1022
2026-07-23 17:44:23,Cell_11,2.221,37.134,39.28,137,0,1056
2026-07-23 17:44:23,Cell_12,2.295,25.292,33.13,151,0,1035
2026-07-23 17:44:23,Cell_13,2.279,10.139,27.89,51,0,1132
2026-07-23 17:44:23,Cell_14,2.191,22.031,34.13,128,0,1059
2026-07-23 17:44:23,Cell_15,2.221,23.053,31.76,71,0,1121
2026-07-23 17:44:23,Cell_16,2.223,4.407,25.92,148,0,1052
2026-07-23 17:44:23,Cell_17,2.219,16.483,31.54,191,0,1006
2026-07-23 17:44:23,Cell_18,2.202,34.276,43.98,159,0,1024
2026-07-23 17:44:23,Cell_19,2.14,26.859,39.56,132,0,1051
2026-07-23 17:44:23,Cell_2,2.172,28.703,39.21,131,0,1060
2026-07-23 17:44:23,Cell_20,2.19,17.018,29.09,147,0,1039
2026-07-23 17:44:23,Cell_21,2.187,14.632,26.79,60,0,1123
2026-07-23 17:44:23,Cell_22,2.179,13.123,38.94,165,0,1019
2026-07-23 17:44:23,Cell_23,2.23,25.338,39.1,160,0,1038
2026-07-23 17:44:23,Cell_24,2.221,12.811,28.11,181,0,1000
2026-07-23 17:44:23,Cell_25,2.226,27.284,35.11,102,0,1085
2026-07-23 17:44:23,Cell_26,2.245,47.387,45.94,198,0,986
2026-07-23 17:44:23,Cell_27,2.219,25.192,36.1,111,0,1074
2026-07-23 17:44:23,Cell_28,2.241,26.323,35.47,116,0,1077
2026-07-23 17:44:23,Cell_29,2.3,39.316,41.95,95,0,1104
2026-07-23 17:44:23,Cell_3,2.257,38.389,41.31,186,0,1007
2026-07-23 17:44:23,Cell_30,2.186,22.864,38.43,96,0,1088
2026-07-23 17:44:23,Cell_31,2.237,20.592,27.18,108,0,1076
2026-07-23 17:44:23,Cell_32,2.035,26.126,66.33,109,1,1031
2026-07-23 17:44:23,Cell_33,1.879,46.059,87.37,85,2,1057
2026-07-23 17:44:23,Cell_34,2.213,21.33,33.42,174,0,1007
2026-07-23 17:44:23,Cell_35,2.263,16.354,31.25,160,0,1038
2026-07-23 17:44:23,Cell_36,2.2,20.865,31.61,90,0,1108
2026-07-23 17:44:23,Cell_37,2.208,8.198,25.98,117,0,1065
2026-07-23 17:44:23,Cell_38,2.21,26.361,35.11,152,0,1046
2026-07-23 17:44:23,Cell_39,2.192,38.173,45.03,186,0,1009
2026-07-23 17:44:23,Cell_4,2.3,18.55,41.1,163,0,1022
2026-07-23 17:44:23,Cell_40,2.119,19.64,37.62,144,0,1045
2026-07-23 17:44:23,Cell_41,2.169,16.579,30.53,152,0,1045
2026-07-23 17:44:23,Cell_42,2.151,26.368,36.45,111,0,1074
2026-07-23 17:44:23,Cell_43,2.218,12.448,33.77,154,0,1045
2026-07-23 17:44:23,Cell_44,2.22,40.487,42.19,109,0,1080
2026-07-23 17:44:23,Cell_45,2.222,35.762,40.23,130,0,1053
2026-07-23 17:44:23,Cell_46,2.247,30.4,35.93,74,0,1126
2026-07-23 17:44:23,Cell_47,2.192,25.349,36.4,154,0,1033
2026-07-23 17:44:23,Cell_48,2.226,24.65,32.4,76,0,1119
2026-07-23 17:44:23,Cell_49,2.153,33.822,38.32,151,0,1040
2026-07-23 17:44:23,Cell_5,2.136,5.413,32.17,140,0,1051
2026-07-23 17:44:23,Cell_50,2.184,7.001,25.93,206,0,986
2026-07-23 17:44:23,Cell_51,2.234,16.87,27.92,159,0,1033
2026-07-23 17:44:23,Cell_52,2.208,9.254,32.97,62,0,1134
2026-07-23 17:44:23,Cell_53,2.164,9.259,30.02,146,0,1048
2026-07-23 17:44:23,Cell_54,2.209,26.872,40.88,127,0,1056
2026-07-23 17:44:23,Cell_55,2.168,26.977,33.85,192,0,1001
2026-07-23 17:44:23,Cell_6,2.272,14.334,33.22,143,0,1041
2026-07-23 17:44:23,Cell_7,2.135,9.72,31.15,158,0,1026
2026-07-23 17:44:23,Cell_8,2.22,31.648,41.87,108,0,1083
2026-07-23 17:44:23,Cell_9,2.241,27.461,41.56,93,0,1091
2026-07-23 17:46:23,Cell_1,2.132,1.416,25.99,200,0,984
2026-07-23 17:46:23,Cell_10,2.194,11.672,29.43,174,0,1009
2026-07-23 17:46:23,Cell_11,2.252,37.452,38.61,137,0,1062
2026-07-23 17:46:23,Cell_12,2.187,15.972,33.93,151,0,1041
2026-07-23 17:46:23,Cell_13,2.12,21.714,33.36,51,0,1137
2026-07-23 17:46:23,Cell_14,2.231,29.915,32.92,128,0,1054
2026-07-23 17:46:23,Cell_15,2.252,32.308,36.39,71,0,1115
2026-07-23 17:46:23,Cell_16,2.3,32.321,38.91,148,0,1051
2026-07-23 17:46:23,Cell_17,2.184,28.563,37.75,191,0,999
2026-07-23 17:46:23,Cell_18,2.218,22.851,35.46,159,0,1030
2026-07-23 17:46:23,Cell_19,2.142,27.278,32.43,132,0,1049
2026-07-23 17:46:23,Cell_2,2.209,14.465,35.29,131,0,1069
2026-07-23 17:46:23,Cell_20,2.252,28.629,38.39,147,0,1043
2026-07-23 17:46:23,Cell_21,2.174,34.689,40.52,60,0,1130
2026-07-23 17:46:23,Cell_22,2.108,35.424,41.91,165,0,1018
2026-07-23 17:46:23,Cell_23,2.198,19.854,33.71,160,0,1037
2026-07-23 17:46:23,Cell_24,2.288,0.0,24.56,181,0,1007
2026-07-23 17:46:23,Cell_25,2.266,31.754,38.83,102,0,1086
2026-07-23 17:46:23,Cell_26,2.176,37.325,36.15,198,0,995
2026-07-23 17:46:23,Cell_27,2.218,22.115,29.32,111,0,1083
2026-07-23 17:46:23,Cell_28,2.18,31.192,40.67,116,0,1072
2026-07-23 17:46:23,Cell_29,2.214,16.561,35.79,95,0,1091
2026-07-23 17:46:23,Cell_3,2.281,35.598,34.87,186,0,1011
2026-07-23 17:46:23,Cell_30,2.213,27.304,43.44,96,0,1094
2026-07-23 17:46:23,Cell_31,2.212,29.441,38.41,108,0,1090
2026-07-23 17:46:23,Cell_32,2.166,27.168,34.95,109,0,1072
2026-07-23 17:46:23,Cell_33,2.167,32.79,33.79,85,0,1110
2026-07-23 17:46:23,Cell_34,2.121,28.193,39.85,174,0,1014
2026-07-23 17:46:23,Cell_35,2.187,35.045,42.38,161,0,1037
2026-07-23 17:46:23,Cell_36,2.144,5.88,26.88,90,0,1101
2026-07-23 17:46:23,Cell_37,2.066,29.278,60.09,117,1,1016
2026-07-23 17:46:23,Cell_38,2.146,27.52,35.35,152,0,1034
2026-07-23 17:46:23,Cell_39,2.177,3.498,29.85,186,0,997
2026-07-23 17:46:23,Cell_4,2.175,37.461,39.83,163,0,1020
2026-07-23 17:46:23,Cell_40,2.106,43.964,46.41,144,0,1040
2026-07-23 17:46:23,Cell_41,2.156,25.983,36.22,152,0,1047
2026-07-23 17:46:23,Cell_42,2.279,26.7,35.34,111,0,1072
2026-07-23 17:46:23,Cell_43,2.23,28.872,42.68,155,0,1040
2026-07-23 17:46:23,Cell_44,2.265,28.517,38.46,109,0,1088
2026-07-23 17:46:23,Cell_45,2.178,23.601,33.78,130,0,1063
2026-07-23 17:46:23,Cell_46,2.203,31.112,37.05,74,0,1112
2026-07-23 17:46:23,Cell_47,2.273,34.769,43.21,154,0,1038
2026-07-23 17:46:23,Cell_48,2.193,21.846,30.48,76,0,1106
2026-07-23 17:46:23,Cell_49,2.174,30.043,60.0,151,1,1041
2026-07-23 17:46:23,Cell_5,2.152,25.721,34.16,140,0,1049
2026-07-23 17:46:23,Cell_50,2.21,32.947,43.62,206,0,984
2026-07-23 17:46:23,Cell_51,2.233,14.722,31.14,159,0,1031
2026-07-23 17:46:23,Cell_52,2.226,37.689,40.71,62,0,1128
2026-07-23 17:46:23,Cell_53,2.043,17.97,65.94,146,1,980
2026-07-23 17:46:23,Cell_54,2.113,28.206,36.15,127,0,1064
2026-07-23 17:46:23,Cell_55,2.053,23.214,39.54,192,0,990
2026-07-23 17:46:23,Cell_6,2.213,11.629,35.94,143,0,1054
2026-07-23 17:46:23,Cell_7,2.246,34.611,39.63,158,0,1024
2026-07-23 17:46:23,Cell_8,2.242,34.116,42.83,109,0,1077
2026-07-23 17:46:23,Cell_9,2.037,5.549,63.35,93,1,1046
2026-07-23 17:48:23,Cell_1,2.218,14.507,34.48,200,0,986
2026-07-23 17:48:23,Cell_10,2.099,24.464,37.16,175,0,1019
2026-07-23 17:48:23,Cell_11,2.203,33.614,43.95,137,0,1063
2026-07-23 17:48:23,Cell_12,2.208,26.756,39.67,151,0,1049
2026-07-23 17:48:23,Cell_13,2.216,37.219,39.24,51,0,1145
2026-07-23 17:48:23,Cell_14,2.171,24.184,36.23,128,0,1069
2026-07-23 17:48:23,Cell_15,2.246,36.246,36.01,71,0,1113
2026-07-23 17:48:23,Cell_16,2.129,28.128,37.6,148,0,1052
2026-07-23 17:48:23,Cell_17,2.131,19.549,34.13,191,0,1009
2026-07-23 17:48:23,Cell_18,2.272,0.0,26.9,159,0,1029
2026-07-23 17:48:23,Cell_19,2.262,21.724,38.94,132,0,1059
2026-07-23 17:48:23,Cell_2,2.198,31.443,35.68,131,0,1063
2026-07-23 17:48:23,Cell_20,2.129,23.031,68.58,147,1,971
2026-07-23 17:48:23,Cell_21,2.151,28.63,40.24,60,0,1129
2026-07-23 17:48:23,Cell_22,2.191,22.74,42.7,165,0,1031
2026-07-23 17:48:23,Cell_23,2.218,38.146,40.21,160,0,1032
2026-07-23 17:48:23,Cell_24,2.146,24.409,35.4,181,0,1007
2026-07-23 17:48:23,Cell_25,2.19,14.202,31.79,102,0,1087
2026-07-23 17:48:23,Cell_26,2.227,38.202,46.42,198,0,986
2026-07-23 17:48:23,Cell_27,2.194,27.346,37.58,111,0,1075
2026-07-23 17:48:23,Cell_28,2.27,28.356,34.36,116,0,1078
2026-07-23 17:48:23,Cell_29,2.3,26.755,37.57,95,0,1090
2026-07-23 17:48:23,Cell_3,2.204,44.111,46.02,186,0,1004
2026-07-23 17:48:23,Cell_30,2.247,10.682,31.79,96,0,1087
2026-07-23 17:48:23,Cell_31,2.272,28.916,37.44,108,0,1081
2026-07-23 17:48:23,Cell_32,2.216,22.175,35.01,109,0,1081
2026-07-23 17:48:23,Cell_33,2.239,29.816,37.33,85,0,1115
2026-07-23 17:48:23,Cell_34,2.137,28.215,63.12,174,1,933
2026-07-23 17:48:23,Cell_35,2.249,4.045,28.61,161,0,1031
2026-07-23 17:48:23,Cell_36,2.208,31.847,31.07,90,0,1108
2026-07-23 17:48:23,Cell_37,2.076,24.171,32.2,117,0,1067
2026-07-23 17:48:23,Cell_38,1.789,28.454,81.27,152,2,965
2026-07-23 17:48:23,Cell_39,2.258,44.284,40.6,186,0,995
2026-07-23 17:48:23,Cell_4,2.15,20.907,37.19,163,0,1029
2026-07-23 17:48:23,Cell_40,2.142,23.528,39.29,144,0,1055
2026-07-23 17:48:23,Cell_41,2.2,10.92,30.31,152,0,1037
2026-07-23 17:48:23,Cell_42,2.22,13.663,32.63,111,0,1072
2026-07-23 17:48:23,Cell_43,2.15,30.701,42.01,155,0,1036
2026-07-23 17:48:23,Cell_44,2.167,18.448,35.36,109,0,1083
2026-07-23 17:48:23,Cell_45,2.238,15.613,30.06,130,0,1054
2026-07-23 17:48:23,Cell_46,2.29,14.417,36.33,74,0,1111
2026-07-23 17:48:23,Cell_47,2.183,21.5,30.33,154,0,1036
2026-07-23 17:48:23,Cell_48,2.199,16.144,36.89,76,0,1122
2026-07-23 17:48:23,Cell_49,2.192,15.47,32.06,151,0,1036
2026-07-23 17:48:23,Cell_5,2.279,25.946,40.35,140,0,1055
2026-07-23 17:48:23,Cell_50,2.202,36.31,38.45,206,0,975
2026-07-23 17:48:23,Cell_51,2.24,28.822,35.17,159,0,1024
2026-07-23 17:48:23,Cell_52,2.248,36.374,37.98,62,0,1135
2026-07-23 17:48:23,Cell_53,2.171,42.435,38.51,146,0,1052
2026-07-23 17:48:23,Cell_54,2.153,27.858,37.06,127,0,1057
2026-07-23 17:48:23,Cell_55,2.223,50.0,45.66,192,0,989
2026-07-23 17:48:23,Cell_6,2.158,21.37,33.94,143,0,1045
2026-07-23 17:48:23,Cell_7,2.141,18.378,34.37,158,0,1031
2026-07-23 17:48:23,Cell_8,2.105,18.227,33.49,109,0,1080
2026-07-23 17:48:23,Cell_9,2.238,17.368,30.96,93,0,1101
2026-07-23 17:50:23,Cell_1,2.221,31.928,38.84,200,0,989
2026-07-23 17:50:23,Cell_10,2.2,35.996,66.28,175,1,923
2026-07-23 17:50:23,Cell_11,2.181,16.396,29.01,137,0,1058
2026-07-23 17:50:23,Cell_12,2.213,26.458,37.8,151,0,1048
2026-07-23 17:50:23,Cell_13,2.3,27.638,32.12,51,0,1144
2026-07-23 17:50:23,Cell_14,2.194,26.01,35.87,128,0,1072
2026-07-23 17:50:23,Cell_15,1.9,35.471,75.89,71,2,1078
2026-07-23 17:50:23,Cell_16,2.101,25.145,36.79,148,0,1038
2026-07-23 17:50:23,Cell_17,2.174,23.297,32.5,191,0,991
2026-07-23 17:50:23,Cell_18,2.212,16.017,27.09,159,0,1035
2026-07-23 17:50:23,Cell_19,2.159,32.659,38.07,132,0,1065
2026-07-23 17:50:23,Cell_2,2.197,31.211,36.7,131,0,1067
2026-07-23 17:50:23,Cell_20,2.105,14.289,31.88,147,0,1044
2026-07-23 17:50:23,Cell_21,2.281,8.72,31.53,60,0,1139
2026-07-23 17:50:23,Cell_22,2.071,22.103,40.63,165,0,1029
2026-07-23 17:50:23,Cell_23,2.238,28.391,34.49,161,0,1029
2026-07-23 17:50:23,Cell_24,2.094,25.2,71.27,181,1,926
2026-07-23 17:50:23,Cell_25,2.285,33.828,36.98,102,0,1097
2026-07-23 17:50:23,Cell_26,2.151,26.29,61.54,198,1,900
2026-07-23 17:50:23,Cell_27,2.2,21.046,33.54,111,0,1085
2026-07-23 17:50:23,Cell_28,2.29,0.0,25.08,116,0,1068
2026-07-23 17:50:23,Cell_29,2.176,45.54,42.63,95,0,1090
2026-07-23 17:50:23,Cell_3,2.288,9.66,27.85,186,0,1003
2026-07-23 17:50:23,Cell_30,2.3,20.607,32.06,96,0,1090
2026-07-23 17:50:23,Cell_31,2.247,30.62,36.76,108,0,1085
2026-07-23 17:50:23,Cell_32,2.21,21.446,30.6,109,0,1089
2026-07-23 17:50:23,Cell_33,2.191,0.523,23.94,85,0,1110
2026-07-23 17:50:23,Cell_34,2.202,16.888,38.31,174,0,1025
2026-07-23 17:50:23,Cell_35,2.3,35.144,38.84,161,0,1028
2026-07-23 17:50:23,Cell_36,2.184,15.64,33.5,90,0,1104
2026-07-23 17:50:23,Cell_37,2.184,42.566,45.15,117,0,1064
2026-07-23 17:50:23,Cell_38,2.126,39.489,40.64,152,0,1035
2026-07-23 17:50:23,Cell_39,2.24,13.12,33.64,186,0,1000
2026-07-23 17:50:23,Cell_4,2.222,27.557,35.93,163,0,1035
2026-07-23 17:50:23,Cell_40,2.232,20.621,31.83,144,0,1038
2026-07-23 17:50:23,Cell_41,2.269,40.655,37.13,152,0,1045
2026-07-23 17:50:23,Cell_42,2.186,4.238,27.77,111,0,1085
2026-07-23 17:50:23,Cell_43,2.048,29.151,69.33,155,1,958
2026-07-23 17:50:23,Cell_44,2.3,27.196,37.46,109,0,1078
2026-07-23 17:50:23,Cell_45,2.27,16.978,35.45,130,0,1067
2026-07-23 17:50:23,Cell_46,2.188,35.435,40.65,74,0,1114
2026-07-23 17:50:23,Cell_47,2.148,22.498,34.06,154,0,1041
2026-07-23 17:50:23,Cell_48,2.203,10.82,29.53,76,0,1116
2026-07-23 17:50:23,Cell_49,2.07,23.788,60.0,151,1,1034
2026-07-23 17:50:23,Cell_5,2.3,26.285,36.66,140,0,1043
2026-07-23 17:50:23,Cell_50,2.141,27.044,33.03,206,0,981
2026-07-23 17:50:23,Cell_51,2.198,18.633,34.7,159,0,1036
2026-07-23 17:50:23,Cell_52,2.267,7.15,32.02,62,0,1133
2026-07-23 17:50:23,Cell_53,2.215,13.912,31.11,146,0,1040
2026-07-23 17:50:23,Cell_54,2.229,27.384,40.78,127,0,1062
2026-07-23 17:50:23,Cell_55,2.087,12.503,68.09,192,1,898
2026-07-23 17:50:23,Cell_6,1.9,34.458,84.93,143,2,966
2026-07-23 17:50:23,Cell_7,2.254,44.37,40.36,158,0,1034
2026-07-23 17:50:23,Cell_8,2.27,11.542,35.36,110,0,1075
2026-07-23 17:50:23,Cell_9,2.2,13.598,28.76,93,0,1097
2026-07-23 17:52:23,Cell_1,2.237,30.6,36.74,201,0,981
2026-07-23 17:52:23,Cell_10,2.216,26.651,37.14,175,0,1012
2026-07-23 17:52:23,Cell_11,2.253,25.94,38.4,137,0,1062
2026-07-23 17:52:23,Cell_12,2.182,23.249,38.04,151,0,1031
2026-07-23 17:52:23,Cell_13,2.228,26.374,32.25,51,0,1141
2026-07-23 17:52:23,Cell_14,2.156,30.206,40.53,128,0,1059
2026-07-23 17:52:23,Cell_15,2.123,30.566,40.04,71,0,1118
2026-07-23 17:52:23,Cell_16,2.21,26.235,36.34,148,0,1047
2026-07-23 17:52:23,Cell_17,2.124,18.102,33.47,191,0,1001
2026-07-23 17:52:23,Cell_18,2.17,32.418,37.51,159,0,1026
2026-07-23 17:52:23,Cell_19,2.098,40.001,60.0,132,1,1051
2026-07-23 17:52:23,Cell_2,2.172,23.757,31.65,131,0,1065
2026-07-23 17:52:23,Cell_20,2.18,26.868,37.62,147,0,1043
2026-07-23 17:52:23,Cell_21,2.275,6.499,23.52,60,0,1128
2026-07-23 17:52:23,Cell_22,2.271,17.435,34.84,165,0,1035
2026-07-23 17:52:23,Cell_23,2.269,24.033,37.08,161,0,1027
2026-07-23 17:52:23,Cell_24,2.181,15.606,36.55,181,0,1010
2026-07-23 17:52:23,Cell_25,2.127,24.713,30.27,102,0,1094
2026-07-23 17:52:23,Cell_26,2.164,10.307,30.7,198,0,999
2026-07-23 17:52:23,Cell_27,2.107,23.345,36.93,111,0,1089
2026-07-23 17:52:23,Cell_28,2.294,15.846,36.43,116,0,1069
2026-07-23 17:52:23,Cell_29,2.253,35.239,34.61,95,0,1101
2026-07-23 17:52:23,Cell_3,2.153,16.029,42.45,187,0,1009
2026-07-23 17:52:23,Cell_30,2.094,20.716,32.11,96,0,1095
2026-07-23 17:52:23,Cell_31,2.173,21.011,35.67,108,0,1083
2026-07-23 17:52:23,Cell_32,2.233,38.558,41.52,109,0,1083
2026-07-23 17:52:23,Cell_33,2.197,37.85,45.53,85,0,1109
2026-07-23 17:52:23,Cell_34,2.237,15.72,31.69,174,0,1008
2026-07-23 17:52:23,Cell_35,2.174,40.16,40.68,161,0,1027
2026-07-23 17:52:23,Cell_36,2.191,33.995,42.39,90,0,1095
2026-07-23 17:52:23,Cell_37,2.204,32.931,40.74,117,0,1079
2026-07-23 17:52:23,Cell_38,2.171,41.362,41.51,152,0,1031
2026-07-23 17:52:23,Cell_39,2.081,23.456,71.46,186,1,914
2026-07-23 17:52:23,Cell_4,2.059,16.464,66.29,163,1,954
2026-07-23 17:52:23,Cell_40,2.3,38.351,44.11,144,0,1042
2026-07-23 17:52:23,Cell_41,1.9,44.034,81.49,152,2,969
2026-07-23 17:52:23,Cell_42,2.107,18.623,67.43,111,1,1024
2026-07-23 17:52:23,Cell_43,2.13,18.827,32.64,155,0,1027
2026-07-23 17:52:23,Cell_44,2.269,27.873,37.96,109,0,1072
2026-07-23 17:52:23,Cell_45,2.208,27.533,35.45,130,0,1063
2026-07-23 17:52:23,Cell_46,2.21,31.76,33.74,74,0,1126
2026-07-23 17:52:23,Cell_47,2.127,8.925,74.13,154,1,961
2026-07-23 17:52:23,Cell_48,2.205,38.798,37.89,76,0,1117
2026-07-23 17:52:23,Cell_49,2.284,44.016,40.88,151,0,1045
2026-07-23 17:52:23,Cell_5,2.252,28.656,39.0,140,0,1057
2026-07-23 17:52:23,Cell_50,2.273,0.0,30.11,207,0,988
2026-07-23 17:52:23,Cell_51,2.189,37.335,38.85,159,0,1022
2026-07-23 17:52:23,Cell_52,2.252,44.434,44.95,62,0,1133
2026-07-23 17:52:23,Cell_53,2.194,22.368,30.52,146,0,1052
2026-07-23 17:52:23,Cell_54,2.19,21.2,33.99,127,0,1061
2026-07-23 17:52:23,Cell_55,2.152,9.103,35.55,193,0,990
2026-07-23 17:52:23,Cell_6,2.208,32.841,43.92,143,0,1050
2026-07-23 17:52:23,Cell_7,2.178,20.563,35.38,158,0,1024
2026-07-23 17:52:23,Cell_8,2.272,25.785,40.97,110,0,1076
2026-07-23 17:52:23,Cell_9,2.233,24.24,32.05,93,0,1097
2026-07-23 17:54:23,Cell_1,2.19,14.763,37.44,201,0,986
2026-07-23 17:54:23,Cell_10,2.151,24.052,37.69,175,0,1008
2026-07-23 17:54:23,Cell_11,2.277,27.44,35.7,137,0,1057
2026-07-23 17:54:23,Cell_12,2.18,22.671,41.28,151,0,1048
2026-07-23 17:54:23,Cell_13,2.195,22.403,32.54,51,0,1143
2026-07-23 17:54:23,Cell_14,2.161,38.56,38.62,128,0,1053
2026-07-23 17:54:23,Cell_15,2.219,17.462,35.98,71,0,1126
2026-07-23 17:54:23,Cell_16,2.256,14.478,28.75,148,0,1045
2026-07-23 17:54:23,Cell_17,2.22,33.059,41.91,191,0,990
2026-07-23 17:54:23,Cell_18,2.097,28.098,41.89,159,0,1022
2026-07-23 17:54:23,Cell_19,2.215,25.292,39.7,132,0,1050
2026-07-23 17:54:23,Cell_2,2.148,17.224,32.68,132,0,1053
2026-07-23 17:54:23,Cell_20,2.195,12.643,28.21,147,0,1034
2026-07-23 17:54:23,Cell_21,2.206,26.733,36.81,60,0,1127
2026-07-23 17:54:23,Cell_22,2.046,36.217,61.28,166,1,948
2026-07-23 17:54:23,Cell_23,2.223,17.54,27.72,161,0,1030
2026-07-23 17:54:23,Cell_24,2.218,23.525,37.2,181,0,1001
2026-07-23 17:54:23,Cell_25,2.051,17.153,66.64,102,1,1029
2026-07-23 17:54:23,Cell_26,2.143,33.325,43.44,198,0,1002
2026-07-23 17:54:23,Cell_27,2.152,18.308,35.93,111,0,1072
2026-07-23 17:54:23,Cell_28,2.229,36.248,39.98,116,0,1075
2026-07-23 17:54:23,Cell_29,2.225,23.451,35.09,95,0,1088
2026-07-23 17:54:23,Cell_3,2.142,34.515,42.97,187,0,1011
2026-07-23 17:54:23,Cell_30,2.263,14.427,33.3,96,0,1088
2026-07-23 17:54:23,Cell_31,2.217,16.505,27.96,109,0,1077
2026-07-23 17:54:23,Cell_32,2.159,32.36,39.46,109,0,1074
2026-07-23 17:54:23,Cell_33,2.281,33.15,36.61,85,0,1109
2026-07-23 17:54:23,Cell_34,2.14,34.356,43.8,174,0,1010
2026-07-23 17:54:23,Cell_35,2.279,15.659,31.58,161,0,1029
2026-07-23 17:54:23,Cell_36,2.248,40.326,42.93,90,0,1097
2026-07-23 17:54:23,Cell_37,2.195,39.014,42.22,117,0,1077
2026-07-23 17:54:23,Cell_38,2.194,27.567,33.29,152,0,1046
2026-07-23 17:54:23,Cell_39,2.143,11.988,23.71,186,0,998
2026-07-23 17:54:23,Cell_4,2.192,23.91,40.79,164,0,1024
2026-07-23 17:54:23,Cell_40,2.176,28.052,36.49,144,0,1056
2026-07-23 17:54:23,Cell_41,2.178,19.007,35.89,152,0,1043
2026-07-23 17:54:23,Cell_42,2.212,3.089,23.87,111,0,1080
2026-07-23 17:54:23,Cell_43,2.264,16.629,34.63,155,0,1028
2026-07-23 17:54:23,Cell_44,2.27,17.773,33.47,109,0,1088
2026-07-23 17:54:23,Cell_45,2.149,46.051,40.71,130,0,1055
2026-07-23 17:54:23,Cell_46,2.15,24.448,34.33,75,0,1121
2026-07-23 17:54:23,Cell_47,2.269,34.13,40.32,154,0,1039
2026-07-23 17:54:23,Cell_48,2.239,13.443,30.44,76,0,1111
2026-07-23 17:54:23,Cell_49,2.271,10.049,29.25,151,0,1041
2026-07-23 17:54:23,Cell_5,2.169,39.272,42.86,140,0,1054
2026-07-23 17:54:23,Cell_50,2.242,25.91,37.26,207,0,978
2026-07-23 17:54:23,Cell_51,2.203,50.0,45.91,159,0,1039
2026-07-23 17:54:23,Cell_52,2.178,31.492,33.89,62,0,1119
2026-07-23 17:54:23,Cell_53,2.082,17.713,60.08,146,1,972
2026-07-23 17:54:23,Cell_54,2.24,31.516,37.99,127,0,1071
2026-07-23 17:54:23,Cell_55,2.18,24.925,34.67,193,0,990
2026-07-23 17:54:23,Cell_6,2.138,35.187,41.59,143,0,1046
2026-07-23 17:54:23,Cell_7,2.136,22.003,61.4,158,1,945
2026-07-23 17:54:23,Cell_8,2.095,28.06,40.47,110,0,1085
2026-07-23 17:54:23,Cell_9,2.121,18.809,33.55,93,0,1089
2026-07-23 17:56:23,Cell_1,2.189,20.976,34.61,202,0,995
2026-07-23 17:56:23,Cell_10,2.122,24.193,40.57,175,0,1011
2026-07-23 17:56:23,Cell_11,2.187,24.32,36.84,137,0,1046
2026-07-23 17:56:23,Cell_12,2.253,30.61,43.29,151,0,1037
2026-07-23 17:56:23,Cell_13,2.202,20.023,36.24,51,0,1147
2026-07-23 17:56:23,Cell_14,2.162,2.48,20.45,128,0,1070
2026-07-23 17:56:23,Cell_15,2.174,29.667,38.29,71,0,1123
2026-07-23 17:56:23,Cell_16,2.198,27.305,39.32,148,0,1043
2026-07-23 17:56:23,Cell_17,2.241,17.034,32.72,192,0,1006
2026-07-23 17:56:23,Cell_18,2.191,22.571,36.55,159,0,1034
2026-07-23 17:56:23,Cell_19,2.151,14.915,31.93,132,0,1056
2026-07-23 17:56:23,Cell_2,2.213,14.114,28.44,132,0,1058
2026-07-23 17:56:23,Cell_20,2.186,4.022,23.17,147,0,1035
2026-07-23 17:56:23,Cell_21,2.223,15.652,28.75,60,0,1130
2026-07-23 17:56:23,Cell_22,2.281,27.34,39.16,166,0,1017
2026-07-23 17:56:23,Cell_23,2.218,33.198,38.22,161,0,1032
2026-07-23 17:56:23,Cell_24,2.203,10.568,30.78,181,0,1007
2026-07-23 17:56:23,Cell_25,2.265,9.772,33.42,102,0,1098
2026-07-23 17:56:23,Cell_26,2.115,10.294,67.56,198,1,886
2026-07-23 17:56:23,Cell_27,2.241,32.318,35.94,112,0,1076
2026-07-23 17:56:23,Cell_28,1.9,46.635,84.81,116,2,1007
2026-07-23 17:56:23,Cell_29,2.244,24.313,35.47,95,0,1104
2026-07-23 17:56:23,Cell_3,2.241,17.962,31.53,187,0,1006
2026-07-23 17:56:23,Cell_30,2.158,25.355,40.22,96,0,1085
2026-07-23 17:56:23,Cell_31,2.203,34.353,44.57,110,0,1089
2026-07-23 17:56:23,Cell_32,2.218,20.658,32.26,109,0,1082
2026-07-23 17:56:23,Cell_33,2.179,18.358,35.41,85,0,1098
2026-07-23 17:56:23,Cell_34,2.141,14.108,31.88,174,0,1019
2026-07-23 17:56:23,Cell_35,2.145,24.108,38.12,161,0,1032
2026-07-23 17:56:23,Cell_36,2.226,32.697,38.83,90,0,1099
2026-07-23 17:56:23,Cell_37,2.189,13.116,29.2,117,0,1082
2026-07-23 17:56:23,Cell_38,2.265,31.503,40.73,152,0,1037
2026-07-23 17:56:23,Cell_39,2.114,19.757,32.57,186,0,1005
2026-07-23 17:56:23,Cell_4,2.18,22.631,36.45,164,0,1020
2026-07-23 17:56:23,Cell_40,2.219,42.36,46.44,144,0,1045
2026-07-23 17:56:23,Cell_41,2.292,21.879,31.87,153,0,1031
2026-07-23 17:56:23,Cell_42,2.139,17.235,29.8,111,0,1080
2026-07-23 17:56:23,Cell_43,2.3,35.423,38.69,155,0,1036
2026-07-23 17:56:23,Cell_44,2.203,19.284,29.1,109,0,1079
2026-07-23 17:56:23,Cell_45,2.2,31.309,62.46,130,1,989
2026-07-23 17:56:23,Cell_46,2.199,24.109,38.17,75,0,1118
2026-07-23 17:56:23,Cell_47,2.105,15.697,36.27,154,0,1042
2026-07-23 17:56:23,Cell_48,2.123,20.093,70.14,76,1,1080
2026-07-23 17:56:23,Cell_49,2.188,17.506,28.76,151,0,1046
2026-07-23 17:56:23,Cell_5,2.239,24.936,35.56,140,0,1054
2026-07-23 17:56:23,Cell_50,2.142,0.0,24.07,207,0,975
2026-07-23 17:56:23,Cell_51,2.173,32.416,38.32,159,0,1023
2026-07-23 17:56:23,Cell_52,2.145,50.0,46.51,62,0,1119
2026-07-23 17:56:23,Cell_53,2.181,35.461,43.47,146,0,1054
2026-07-23 17:56:23,Cell_54,2.162,32.475,34.78,127,0,1069
2026-07-23 17:56:23,Cell_55,2.101,27.179,70.74,193,1,892
2026-07-23 17:56:23,Cell_6,2.3,16.09,24.72,143,0,1050
2026-07-23 17:56:23,Cell_7,2.3,29.252,38.32,158,0,1029
2026-07-23 17:56:23,Cell_8,2.14,11.321,34.42,110,0,1089
2026-07-23 17:56:23,Cell_9,2.137,14.129,29.67,93,0,1100
2026-07-23 17:58:23,Cell_1,2.175,38.165,41.01,202,0,996
2026-07-23 17:58:23,Cell_10,2.158,16.944,34.33,175,0,1021
2026-07-23 17:58:23,Cell_11,2.206,31.249,39.24,137,0,1063
2026-07-23 17:58:23,Cell_12,2.103,9.675,33.43,151,0,1032
2026-07-23 17:58:23,Cell_13,2.154,20.006,35.01,51,0,1137
2026-07-23 17:58:23,Cell_14,2.247,46.047,47.74,128,0,1062
2026-07-23 17:58:23,Cell_15,2.168,28.147,34.03,71,0,1115
2026-07-23 17:58:23,Cell_16,2.3,33.724,35.2,148,0,1048
2026-07-23 17:58:23,Cell_17,2.202,19.835,30.47,192,0,1007
2026-07-23 17:58:23,Cell_18,2.205,38.337,40.02,159,0,1030
2026-07-23 17:58:23,Cell_19,2.26,38.65,43.9,132,0,1066
2026-07-23 17:58:23,Cell_2,2.211,20.441,35.82,132,0,1067
2026-07-23 17:58:23,Cell_20,2.082,33.694,44.32,147,0,1039
2026-07-23 17:58:23,Cell_21,2.3,18.473,31.0,60,0,1128
2026-07-23 17:58:23,Cell_22,2.044,0.0,65.79,166,1,948
2026-07-23 17:58:23,Cell_23,2.227,26.752,39.14,161,0,1037
2026-07-23 17:58:23,Cell_24,2.082,27.559,35.19,182,0,1011
2026-07-23 17:58:23,Cell_25,2.219,18.692,30.67,102,0,1088
2026-07-23 17:58:23,Cell_26,2.233,26.813,41.24,198,0,988
2026-07-23 17:58:23,Cell_27,2.213,2.59,20.0,112,0,1076
2026-07-23 17:58:23,Cell_28,2.223,19.318,30.84,116,0,1076
2026-07-23 17:58:23,Cell_29,2.201,28.803,37.4,95,0,1091
2026-07-23 17:58:23,Cell_3,2.225,14.595,26.86,187,0,1013
2026-07-23 17:58:23,Cell_30,2.233,37.416,39.54,96,0,1102
2026-07-23 17:58:23,Cell_31,2.186,30.036,35.64,110,0,1090
2026-07-23 17:58:23,Cell_32,2.247,33.893,39.2,109,0,1090
2026-07-23 17:58:23,Cell_33,2.162,34.68,39.51,85,0,1106
2026-07-23 17:58:23,Cell_34,2.159,29.143,38.06,174,0,1017
2026-07-23 17:58:23,Cell_35,2.227,10.88,30.97,161,0,1036
2026-07-23 17:58:23,Cell_36,2.217,17.137,33.88,90,0,1096
2026-07-23 17:58:23,Cell_37,1.87,48.967,79.01,117,2,1015
2026-07-23 17:58:23,Cell_38,2.224,19.94,30.37,152,0,1047
2026-07-23 17:58:23,Cell_39,2.3,17.556,38.53,186,0,1008
2026-07-23 17:58:23,Cell_4,2.205,19.33,36.07,164,0,1035
2026-07-23 17:58:23,Cell_40,2.173,34.527,61.04,144,1,983
2026-07-23 17:58:23,Cell_41,2.222,27.446,36.73,153,0,1040
2026-07-23 17:58:23,Cell_42,2.227,18.324,32.82,111,0,1084
2026-07-23 17:58:23,Cell_43,2.247,42.218,41.66,155,0,1033
2026-07-23 17:58:23,Cell_44,2.178,15.783,36.61,109,0,1079
2026-07-23 17:58:23,Cell_45,2.15,32.31,41.48,130,0,1056
2026-07-23 17:58:23,Cell_46,2.187,25.77,34.93,75,0,1121
2026-07-23 17:58:23,Cell_47,2.212,19.08,33.68,154,0,1046
2026-07-23 17:58:23,Cell_48,2.167,26.23,29.2,77,0,1105
2026-07-23 17:58:23,Cell_49,2.112,19.677,30.04,151,0,1048
2026-07-23 17:58:23,Cell_5,2.277,23.199,31.64,140,0,1058
2026-07-23 17:58:23,Cell_50,2.188,23.376,35.08,207,0,992
2026-07-23 17:58:23,Cell_51,2.267,12.472,32.13,160,0,1026
2026-07-23 17:58:23,Cell_52,2.3,18.719,34.8,62,0,1123
2026-07-23 17:58:23,Cell_53,2.219,28.877,37.15,146,0,1042
2026-07-23 17:58:23,Cell_54,2.174,21.17,33.42,127,0,1073
2026-07-23 17:58:23,Cell_55,2.126,32.407,39.45,193,0,1006
2026-07-23 17:58:23,Cell_6,2.182,33.95,44.76,143,0,1046
2026-07-23 17:58:23,Cell_7,2.233,21.012,31.0,158,0,1034
2026-07-23 17:58:23,Cell_8,2.239,11.628,33.4,110,0,1080
2026-07-23 17:58:23,Cell_9,2.234,38.505,42.76,93,0,1095
2026-07-23 18:00:23,Cell_1,2.23,25.76,35.43,202,0,981
2026-07-23 18:00:23,Cell_10,2.226,38.409,40.2,175,0,1024
2026-07-23 18:00:23,Cell_11,2.3,38.06,44.74,137,0,1045
2026-07-23 18:00:23,Cell_12,2.276,38.176,40.84,151,0,1035
2026-07-23 18:00:23,Cell_13,2.247,8.241,29.71,51,0,1132
2026-07-23 18:00:23,Cell_14,1.836,45.619,83.07,128,2,998
2026-07-23 18:00:23,Cell_15,2.151,18.699,33.96,72,0,1110
2026-07-23 18:00:23,Cell_16,2.189,23.485,32.45,148,0,1045
2026-07-23 18:00:23,Cell_17,2.136,26.365,40.87,192,0,1003
2026-07-23 18:00:23,Cell_18,2.14,15.013,31.39,159,0,1039
2026-07-23 18:00:23,Cell_19,2.208,18.929,35.08,132,0,1055
2026-07-23 18:00:23,Cell_2,2.146,20.626,36.28,132,0,1049
2026-07-23 18:00:23,Cell_20,2.154,40.692,35.38,147,0,1045
2026-07-23 18:00:23,Cell_21,2.3,18.904,35.5,60,0,1122
2026-07-23 18:00:23,Cell_22,2.036,31.033,60.61,166,1,937
2026-07-23 18:00:23,Cell_23,2.205,24.982,40.69,161,0,1024
2026-07-23 18:00:23,Cell_24,2.149,29.746,41.3,182,0,1007
2026-07-23 18:00:23,Cell_25,2.269,4.493,31.63,102,0,1080
2026-07-23 18:00:23,Cell_26,2.276,31.657,38.57,198,0,1001
2026-07-23 18:00:23,Cell_27,2.233,22.066,37.19,112,0,1078
2026-07-23 18:00:23,Cell_28,2.14,10.082,60.0,116,1,1072
2026-07-23 18:00:23,Cell_29,2.237,31.783,37.71,95,0,1104
2026-07-23 18:00:23,Cell_3,1.882,23.834,82.77,187,2,900
2026-07-23 18:00:23,Cell_30,2.123,25.977,33.54,97,0,1088
2026-07-23 18:00:23,Cell_31,2.226,19.437,34.76,110,0,1084
2026-07-23 18:00:23,Cell_32,2.213,22.306,35.24,109,0,1087
2026-07-23 18:00:23,Cell_33,2.187,33.721,41.25,85,0,1100
2026-07-23 18:00:23,Cell_34,2.219,32.934,44.38,174,0,1016
2026-07-23 18:00:23,Cell_35,2.188,29.959,39.01,161,0,1020
2026-07-23 18:00:23,Cell_36,2.247,21.985,36.17,90,0,1106
2026-07-23 18:00:23,Cell_37,2.209,18.187,36.21,117,0,1077
2026-07-23 18:00:23,Cell_38,2.235,26.049,36.74,152,0,1048
2026-07-23 18:00:23,Cell_39,2.21,34.217,38.38,186,0,1000
2026-07-23 18:00:23,Cell_4,2.217,19.148,36.07,164,0,1020
2026-07-23 18:00:23,Cell_40,2.26,29.022,34.29,144,0,1038
2026-07-23 18:00:23,Cell_41,2.151,24.466,34.23,153,0,1033
2026-07-23 18:00:23,Cell_42,2.134,18.698,32.78,111,0,1079
2026-07-23 18:00:23,Cell_43,2.105,10.666,31.93,155,0,1039
2026-07-23 18:00:23,Cell_44,2.16,48.46,43.63,109,0,1091
2026-07-23 18:00:23,Cell_45,1.891,39.753,90.0,130,2,1003
2026-07-23 18:00:23,Cell_46,2.259,34.986,37.71,75,0,1118
2026-07-23 18:00:23,Cell_47,2.252,36.959,38.0,154,0,1035
2026-07-23 18:00:23,Cell_48,2.235,25.238,32.23,77,0,1118
2026-07-23 18:00:23,Cell_49,2.161,19.558,67.42,151,1,954
2026-07-23 18:00:23,Cell_5,2.182,26.321,41.63,140,0,1043
2026-07-23 18:00:23,Cell_50,2.192,21.736,36.16,207,0,991
2026-07-23 18:00:23,Cell_51,2.146,25.16,39.46,160,0,1028
2026-07-23 18:00:23,Cell_52,2.254,20.261,30.89,62,0,1128
2026-07-23 18:00:23,Cell_53,2.257,24.884,34.13,146,0,1038
2026-07-23 18:00:23,Cell_54,2.207,27.227,33.62,127,0,1061
2026-07-23 18:00:23,Cell_55,2.222,39.975,44.73,193,0,1001
2026-07-23 18:00:23,Cell_6,2.17,0.0,24.82,143,0,1050
2026-07-23 18:00:23,Cell_7,2.249,8.903,36.06,158,0,1031
2026-07-23 18:00:23,Cell_8,2.212,15.243,27.46,110,0,1078
2026-07-23 18:00:23,Cell_9,2.127,27.193,66.18,93,1,1052
2026-07-23 18:02:23,Cell_1,2.278,9.133,34.68,202,0,992
2026-07-23 18:02:23,Cell_10,2.222,26.534,37.84,176,0,1018
2026-07-23 18:02:23,Cell_11,2.141,24.621,34.33,137,0,1057
2026-07-23 18:02:23,Cell_12,2.076,21.117,63.35,151,1,971
2026-07-23 18:02:23,Cell_13,2.254,33.985,42.43,51,0,1132
2026-07-23 18:02:23,Cell_14,2.118,21.221,28.04,128,0,1063
2026-07-23 18:02:23,Cell_15,2.127,14.526,28.83,72,0,1111
2026-07-23 18:02:23,Cell_16,2.25,39.052,44.49,148,0,1033
2026-07-23 18:02:23,Cell_17,2.25,11.734,29.57,192,0,992
2026-07-23 18:02:23,Cell_18,2.096,35.04,38.28,159,0,1027
2026-07-23 18:02:23,Cell_19,2.183,13.924,32.46,132,0,1063
2026-07-23 18:02:23,Cell_2,2.19,19.355,34.36,133,0,1067
2026-07-23 18:02:23,Cell_20,2.233,21.021,38.46,147,0,1037
2026-07-23 18:02:23,Cell_21,2.201,25.549,32.16,60,0,1127
2026-07-23 18:02:23,Cell_22,2.107,32.543,37.04,166,0,1033
2026-07-23 18:02:23,Cell_23,2.121,19.057,31.89,161,0,1029
2026-07-23 18:02:23,Cell_24,2.231,7.509,30.96,182,0,1015
2026-07-23 18:02:23,Cell_25,2.183,9.602,31.92,102,0,1095
2026-07-23 18:02:23,Cell_26,2.204,29.34,41.39,198,0,992
2026-07-23 18:02:23,Cell_27,2.23,17.736,34.37,112,0,1088
2026-07-23 18:02:23,Cell_28,2.244,31.053,39.65,116,0,1076
2026-07-23 18:02:23,Cell_29,2.224,16.096,33.59,95,0,1091
2026-07-23 18:02:23,Cell_3,2.116,37.166,45.29,187,0,1003
2026-07-23 18:02:23,Cell_30,2.233,4.753,26.71,97,0,1092
2026-07-23 18:02:23,Cell_31,2.262,18.606,33.59,111,0,1082
2026-07-23 18:02:23,Cell_32,2.185,20.526,31.84,110,0,1072
2026-07-23 18:02:23,Cell_33,2.243,28.749,43.55,85,0,1100
2026-07-23 18:02:23,Cell_34,2.3,14.793,33.02,174,0,1022
2026-07-23 18:02:23,Cell_35,2.175,24.387,39.0,161,0,1022
2026-07-23 18:02:23,Cell_36,2.222,35.773,42.35,90,0,1103
2026-07-23 18:02:23,Cell_37,2.245,19.684,32.64,117,0,1067
2026-07-23 18:02:23,Cell_38,2.239,24.598,32.46,153,0,1047
2026-07-23 18:02:23,Cell_39,2.219,33.443,43.48,186,0,1009
2026-07-23 18:02:23,Cell_4,2.253,5.804,24.98,164,0,1021
2026-07-23 18:02:23,Cell_40,2.161,41.14,38.15,144,0,1040
2026-07-23 18:02:23,Cell_41,2.149,22.151,32.53,153,0,1036
2026-07-23 18:02:23,Cell_42,2.179,18.333,31.34,112,0,1072
2026-07-23 18:02:23,Cell_43,2.206,22.397,40.55,155,0,1030
2026-07-23 18:02:23,Cell_44,2.261,18.082,34.02,109,0,1085
2026-07-23 18:02:23,Cell_45,2.274,39.731,39.08,130,0,1056
2026-07-23 18:02:23,Cell_46,2.229,41.484,43.16,75,0,1108
2026-07-23 18:02:23,Cell_47,2.257,38.685,39.53,154,0,1046
2026-07-23 18:02:23,Cell_48,2.217,32.631,42.89,77,0,1123
2026-07-23 18:02:23,Cell_49,2.253,38.713,38.16,151,0,1046
2026-07-23 18:02:23,Cell_5,2.235,31.433,38.17,140,0,1060
2026-07-23 18:02:23,Cell_50,2.111,25.983,33.89,207,0,978
2026-07-23 18:02:23,Cell_51,2.131,19.898,37.58,160,0,1032
2026-07-23 18:02:23,Cell_52,2.282,9.192,25.98,62,0,1129
2026-07-23 18:02:23,Cell_53,2.247,33.664,36.13,146,0,1045
2026-07-23 18:02:23,Cell_54,2.168,16.619,32.17,127,0,1064
2026-07-23 18:02:23,Cell_55,2.148,35.433,41.67,193,0,1005
2026-07-23 18:02:23,Cell_6,2.208,26.095,31.35,143,0,1056
2026-07-23 18:02:23,Cell_7,2.123,26.321,37.28,158,0,1028
2026-07-23 18:02:23,Cell_8,2.238,34.414,36.76,110,0,1083
2026-07-23 18:02:23,Cell_9,2.218,16.914,36.69,93,0,1104
2026-07-23 18:04:23,Cell_1,2.17,23.687,38.01,202,0,979
2026-07-23 18:04:23,Cell_10,2.143,24.683,33.54,176,0,1009
2026-07-23 18:04:23,Cell_11,2.129,44.074,39.47,137,0,1058
2026-07-23 18:04:23,Cell_12,2.199,18.005,33.67,151,0,1032
2026-07-23 18:04:23,Cell_13,2.177,32.304,34.65,51,0,1130
2026-07-23 18:04:23,Cell_14,2.247,33.613,36.32,128,0,1062
2026-07-23 18:04:23,Cell_15,2.207,26.853,33.01,72,0,1118
2026-07-23 18:04:23,Cell_16,2.117,13.606,33.72,148,0,1044
2026-07-23 18:04:23,Cell_17,2.266,24.245,32.33,192,0,1008
2026-07-23 18:04:23,Cell_18,2.206,46.319,43.14,159,0,1031
2026-07-23 18:04:23,Cell_19,2.291,17.981,34.78,132,0,1054
2026-07-23 18:04:23,Cell_2,2.216,22.916,26.08,133,0,1055
2026-07-23 18:04:23,Cell_20,2.193,23.686,30.31,147,0,1044
2026-07-23 18:04:23,Cell_21,2.246,33.286,35.93,60,0,1140
2026-07-23 18:04:23,Cell_22,2.3,23.962,35.54,166,0,1034
2026-07-23 18:04:23,Cell_23,2.241,28.797,38.63,161,0,1026
2026-07-23 18:04:23,Cell_24,2.261,11.594,29.02,182,0,1005
2026-07-23 18:04:23,Cell_25,2.239,36.885,39.87,102,0,1081
2026-07-23 18:04:23,Cell_26,2.182,10.251,31.62,198,0,986
2026-07-23 18:04:23,Cell_27,2.196,38.785,39.4,112,0,1077
2026-07-23 18:04:23,Cell_28,2.196,13.918,35.26,116,0,1071
2026-07-23 18:04:23,Cell_29,2.27,24.28,35.63,95,0,1093
2026-07-23 18:04:23,Cell_3,2.167,31.435,41.08,187,0,1003
2026-07-23 18:04:23,Cell_30,2.277,21.442,35.32,97,0,1097
2026-07-23 18:04:23,Cell_31,2.19,26.094,38.81,111,0,1078
2026-07-23 18:04:23,Cell_32,2.3,36.94,47.18,110,0,1080
2026-07-23 18:04:23,Cell_33,2.282,23.569,28.65,85,0,1113
2026-07-23 18:04:23,Cell_34,2.159,14.102,32.85,174,0,1019
2026-07-23 18:04:23,Cell_35,2.259,9.841,28.06,161,0,1039
2026-07-23 18:04:23,Cell_36,2.231,34.54,37.92,90,0,1108
2026-07-23 18:04:23,Cell_37,2.221,23.786,36.49,117,0,1076
2026-07-23 18:04:23,Cell_38,2.17,29.622,41.3,153,0,1040
2026-07-23 18:04:23,Cell_39,2.122,25.668,33.88,186,0,1011
2026-07-23 18:04:23,Cell_4,2.199,32.275,34.94,164,0,1026
2026-07-23 18:04:23,Cell_40,2.18,37.157,39.91,144,0,1052
2026-07-23 18:04:23,Cell_41,2.185,9.605,23.0,153,0,1034
2026-07-23 18:04:23,Cell_42,2.147,34.291,38.99,112,0,1082
2026-07-23 18:04:23,Cell_43,2.1,33.179,41.98,155,0,1026
2026-07-23 18:04:23,Cell_44,2.187,30.517,31.5,109,0,1076
2026-07-23 18:04:23,Cell_45,2.265,31.676,40.79,130,0,1069
2026-07-23 18:04:23,Cell_46,2.191,16.207,33.52,75,0,1115
2026-07-23 18:04:23,Cell_47,2.268,31.284,40.87,154,0,1040
2026-07-23 18:04:23,Cell_48,2.197,41.688,60.0,77,1,1121
2026-07-23 18:04:23,Cell_49,2.117,18.117,33.07,151,0,1049
2026-07-23 18:04:23,Cell_5,2.093,0.743,26.23,140,0,1047
2026-07-23 18:04:23,Cell_50,2.124,9.132,28.64,207,0,992
2026-07-23 18:04:23,Cell_51,2.205,26.603,38.66,160,0,1037
2026-07-23 18:04:23,Cell_52,2.263,16.964,28.37,62,0,1128
2026-07-23 18:04:23,Cell_53,2.268,24.813,40.24,146,0,1048
2026-07-23 18:04:23,Cell_54,2.217,31.813,36.52,128,0,1053
2026-07-23 18:04:23,Cell_55,2.23,47.419,46.57,194,0,1002
2026-07-23 18:04:23,Cell_6,2.213,18.224,33.97,143,0,1045
2026-07-23 18:04:23,Cell_7,2.16,46.031,43.55,158,0,1039
2026-07-23 18:04:23,Cell_8,2.238,14.551,27.38,110,0,1090
2026-07-23 18:04:23,Cell_9,2.247,23.405,33.98,93,0,1090
2026-07-23 18:06:23,Cell_1,2.122,25.285,39.75,202,0,981
2026-07-23 18:06:23,Cell_10,2.257,42.483,45.15,176,0,1018
2026-07-23 18:06:23,Cell_11,2.248,24.528,34.39,137,0,1057
2026-07-23 18:06:23,Cell_12,2.174,21.372,36.1,151,0,1036
2026-07-23 18:06:23,Cell_13,2.174,4.454,23.24,51,0,1143
2026-07-23 18:06:23,Cell_14,2.19,0.755,28.82,128,0,1061
2026-07-23 18:06:23,Cell_15,2.262,45.544,45.87,73,0,1108
2026-07-23 18:06:23,Cell_16,2.294,15.796,30.85,148,0,1047
2026-07-23 18:06:23,Cell_17,2.284,31.857,43.28,192,0,994
2026-07-23 18:06:23,Cell_18,2.202,0.275,28.15,159,0,1032
2026-07-23 18:06:23,Cell_19,2.214,28.541,32.73,132,0,1062
2026-07-23 18:06:23,Cell_2,2.263,45.618,41.71,133,0,1052
2026-07-23 18:06:23,Cell_20,2.16,8.383,27.68,147,0,1036
2026-07-23 18:06:23,Cell_21,2.273,39.407,36.14,60,0,1122
2026-07-23 18:06:23,Cell_22,2.188,22.205,32.99,166,0,1020
2026-07-23 18:06:23,Cell_23,2.232,18.383,34.03,161,0,1020
2026-07-23 18:06:23,Cell_24,2.218,18.894,34.66,183,0,1013
2026-07-23 18:06:23,Cell_25,2.235,36.059,42.11,102,0,1095
2026-07-23 18:06:23,Cell_26,2.159,14.481,30.88,198,0,993
2026-07-23 18:06:23,Cell_27,2.235,8.898,31.68,112,0,1081
2026-07-23 18:06:23,Cell_28,1.9,43.376,75.0,116,2,1026
2026-07-23 18:06:23,Cell_29,2.208,33.253,42.66,95,0,1104
2026-07-23 18:06:23,Cell_3,2.228,34.579,40.95,187,0,995
2026-07-23 18:06:23,Cell_30,2.182,21.961,34.23,97,0,1094
2026-07-23 18:06:23,Cell_31,2.178,25.531,42.13,111,0,1088
2026-07-23 18:06:23,Cell_32,2.159,21.604,33.26,110,0,1085
2026-07-23 18:06:23,Cell_33,2.132,19.253,30.48,85,0,1096
2026-07-23 18:06:23,Cell_34,2.195,16.619,34.17,174,0,1024
2026-07-23 18:06:23,Cell_35,2.155,10.107,66.65,161,1,958
2026-07-23 18:06:23,Cell_36,2.188,46.934,48.56,90,0,1110
2026-07-23 18:06:23,Cell_37,2.253,26.924,38.77,118,0,1080
2026-07-23 18:06:23,Cell_38,2.092,25.221,40.81,153,0,1038
2026-07-23 18:06:23,Cell_39,2.3,30.885,37.34,186,0,1000
2026-07-23 18:06:23,Cell_4,2.228,21.2,35.16,164,0,1023
2026-07-23 18:06:23,Cell_40,2.205,21.592,38.56,144,0,1038
2026-07-23 18:06:23,Cell_41,2.142,16.395,31.02,153,0,1040
2026-07-23 18:06:23,Cell_42,2.262,25.081,34.76,112,0,1085
2026-07-23 18:06:23,Cell_43,2.216,30.933,37.26,155,0,1030
2026-07-23 18:06:23,Cell_44,2.3,18.514,32.04,109,0,1087
2026-07-23 18:06:23,Cell_45,2.177,18.816,39.59,130,0,1061
2026-07-23 18:06:23,Cell_46,2.187,35.066,37.06,75,0,1108
2026-07-23 18:06:23,Cell_47,2.25,28.845,38.59,154,0,1035
2026-07-23 18:06:23,Cell_48,2.288,23.146,35.9,77,0,1113
2026-07-23 18:06:23,Cell_49,2.171,20.85,33.55,151,0,1045
2026-07-23 18:06:23,Cell_5,2.221,16.335,36.61,140,0,1050
2026-07-23 18:06:23,Cell_50,2.187,21.679,35.94,207,0,974
2026-07-23 18:06:23,Cell_51,2.241,11.964,36.8,160,0,1026
2026-07-23 18:06:23,Cell_52,2.221,40.928,38.52,62,0,1130
2026-07-23 18:06:23,Cell_53,2.214,30.433,37.95,146,0,1045
2026-07-23 18:06:23,Cell_54,2.232,28.251,36.75,128,0,1059
2026-07-23 18:06:23,Cell_55,2.119,25.855,30.95,194,0,987
2026-07-23 18:06:23,Cell_6,2.232,15.676,33.17,143,0,1049
2026-07-23 18:06:23,Cell_7,2.143,35.902,42.83,158,0,1040
2026-07-23 18:06:23,Cell_8,2.167,21.655,34.22,110,0,1088
2026-07-23 18:06:23,Cell_9,2.12,25.912,34.46,93,0,1091
2026-07-23 18:08:23,Cell_1,2.222,15.984,37.82,202,0,988
2026-07-23 18:08:23,Cell_10,2.123,9.8,34.16,176,0,1015
2026-07-23 18:08:23,Cell_11,1.9,24.38,80.96,137,2,985
2026-07-23 18:08:23,Cell_12,2.246,12.711,37.11,151,0,1038
2026-07-23 18:08:23,Cell_13,2.211,0.0,21.8,51,0,1130
2026-07-23 18:08:23,Cell_14,2.228,11.81,29.48,128,0,1068
2026-07-23 18:08:23,Cell_15,2.205,1.654,24.88,73,0,1126
2026-07-23 18:08:23,Cell_16,2.154,22.398,30.4,148,0,1047
2026-07-23 18:08:23,Cell_17,2.21,17.5,32.84,192,0,997
2026-07-23 18:08:23,Cell_18,2.155,41.239,43.48,160,0,1032
2026-07-23 18:08:23,Cell_19,2.29,19.691,39.52,132,0,1061
2026-07-23 18:08:23,Cell_2,2.239,34.069,40.4,133,0,1050
2026-07-23 18:08:23,Cell_20,2.195,33.16,37.64,147,0,1053
2026-07-23 18:08:23,Cell_21,2.278,23.692,32.06,60,0,1128
2026-07-23 18:08:23,Cell_22,2.205,14.376,36.81,166,0,1017
2026-07-23 18:08:23,Cell_23,2.16,28.273,61.88,161,1,946
2026-07-23 18:08:23,Cell_24,2.254,28.191,33.56,183,0,1014
2026-07-23 18:08:23,Cell_25,2.135,34.655,70.56,102,1,1037
2026-07-23 18:08:23,Cell_26,2.163,23.802,34.01,198,0,994
2026-07-23 18:08:23,Cell_27,2.125,16.912,37.81,112,0,1070
2026-07-23 18:08:23,Cell_28,2.253,44.65,46.59,116,0,1073
2026-07-23 18:08:23,Cell_29,2.137,24.192,68.13,95,1,1038
2026-07-23 18:08:23,Cell_3,2.086,26.183,46.09,187,0,1011
2026-07-23 18:08:23,Cell_30,2.27,39.596,41.82,97,0,1100
2026-07-23 18:08:23,Cell_31,2.209,29.825,33.79,111,0,1083
2026-07-23 18:08:23,Cell_32,2.229,25.383,35.3,110,0,1082
2026-07-23 18:08:23,Cell_33,2.242,24.205,34.08,85,0,1106
2026-07-23 18:08:23,Cell_34,2.222,20.23,29.68,174,0,1023
2026-07-23 18:08:23,Cell_35,2.232,37.716,41.94,161,0,1034
2026-07-23 18:08:23,Cell_36,2.077,30.623,64.84,90,1,1058
2026-07-23 18:08:23,Cell_37,2.123,17.413,34.51,118,0,1070
2026-07-23 18:08:23,Cell_38,2.133,38.294,44.76,153,0,1036
2026-07-23 18:08:23,Cell_39,2.228,29.335,35.62,186,0,1002
2026-07-23 18:08:23,Cell_4,2.153,25.788,30.89,164,0,1031
2026-07-23 18:08:23,Cell_40,2.259,25.0,31.23,144,0,1056
2026-07-23 18:08:23,Cell_41,2.143,26.134,37.93,153,0,1036
2026-07-23 18:08:23,Cell_42,2.181,17.924,34.82,112,0,1077
2026-07-23 18:08:23,Cell_43,2.184,21.631,35.74,155,0,1028
2026-07-23 18:08:23,Cell_44,2.177,21.738,39.15,110,0,1077
2026-07-23 18:08:23,Cell_45,2.257,24.957,33.51,130,0,1058
2026-07-23 18:08:23,Cell_46,2.255,14.637,28.56,75,0,1107
2026-07-23 18:08:23,Cell_47,2.262,19.987,35.9,154,0,1044
2026-07-23 18:08:23,Cell_48,2.244,14.733,32.42,77,0,1114
2026-07-23 18:08:23,Cell_49,2.167,19.574,32.34,151,0,1037
2026-07-23 18:08:23,Cell_5,2.177,20.307,33.93,140,0,1049
2026-07-23 18:08:23,Cell_50,2.299,21.034,31.52,207,0,993
2026-07-23 18:08:23,Cell_51,2.216,23.708,34.94,160,0,1033
2026-07-23 18:08:23,Cell_52,2.15,23.549,35.88,62,0,1122
2026-07-23 18:08:23,Cell_53,2.179,26.829,33.76,147,0,1048
2026-07-23 18:08:23,Cell_54,2.232,28.712,37.45,128,0,1053
2026-07-23 18:08:23,Cell_55,2.213,29.419,41.09,194,0,987
2026-07-23 18:08:23,Cell_6,2.197,28.26,33.47,143,0,1041
2026-07-23 18:08:23,Cell_7,2.179,42.71,46.55,158,0,1023
2026-07-23 18:08:23,Cell_8,2.195,35.247,45.34,110,0,1079
2026-07-23 18:08:23,Cell_9,2.206,21.826,39.01,93,0,1099
2026-07-23 18:10:23,Cell_1,1.9,50.0,75.0,202,2,886
2026-07-23 18:10:23,Cell_10,2.226,11.846,34.69,176,0,1013
2026-07-23 18:10:23,Cell_11,2.082,32.888,40.47,137,0,1044
2026-07-23 18:10:23,Cell_12,2.181,15.872,33.57,151,0,1044
2026-07-23 18:10:23,Cell_13,2.236,7.313,27.64,51,0,1140
2026-07-23 18:10:23,Cell_14,2.283,21.622,36.25,128,0,1058
2026-07-23 18:10:23,Cell_15,1.9,35.93,81.23,73,2,1071
2026-07-23 18:10:23,Cell_16,2.223,30.137,37.98,148,0,1042
2026-07-23 18:10:23,Cell_17,2.141,15.565,30.24,192,0,1002
2026-07-23 18:10:23,Cell_18,2.131,0.872,23.89,160,0,1039
2026-07-23 18:10:23,Cell_19,2.16,22.246,36.24,132,0,1059
2026-07-23 18:10:23,Cell_2,2.26,36.169,37.76,133,0,1054
2026-07-23 18:10:23,Cell_20,2.159,26.682,72.24,147,1,966
2026-07-23 18:10:23,Cell_21,2.252,15.457,32.99,60,0,1121
2026-07-23 18:10:23,Cell_22,2.184,19.433,36.68,166,0,1018
2026-07-23 18:10:23,Cell_23,2.105,26.18,66.36,161,1,939
2026-07-23 18:10:23,Cell_24,2.251,34.769,44.8,183,0,998
2026-07-23 18:10:23,Cell_25,2.234,11.383,29.35,102,0,1097
2026-07-23 18:10:23,Cell_26,1.836,50.0,86.39,198,2,887
2026-07-23 18:10:23,Cell_27,2.219,29.89,39.2,112,0,1088
2026-07-23 18:10:23,Cell_28,2.169,31.887,41.91,116,0,1069
2026-07-23 18:10:23,Cell_29,2.189,36.285,38.03,95,0,1091
2026-07-23 18:10:23,Cell_3,2.182,32.404,40.58,187,0,1000
2026-07-23 18:10:23,Cell_30,2.191,15.517,27.36,97,0,1100
2026-07-23 18:10:23,Cell_31,2.181,20.213,36.04,111,0,1070
2026-07-23 18:10:23,Cell_32,2.141,23.582,39.5,110,0,1084
2026-07-23 18:10:23,Cell_33,2.217,12.401,28.17,85,0,1111
2026-07-23 18:10:23,Cell_34,2.161,35.262,40.25,174,0,1014
2026-07-23 18:10:23,Cell_35,2.254,34.999,36.23,161,0,1030
2026-07-23 18:10:23,Cell_36,2.148,33.713,40.26,90,0,1100
2026-07-23 18:10:23,Cell_37,2.242,18.943,36.06,118,0,1065
2026-07-23 18:10:23,Cell_38,2.197,25.182,35.72,153,0,1035
2026-07-23 18:10:23,Cell_39,2.206,11.288,28.86,186,0,1010
2026-07-23 18:10:23,Cell_4,2.291,31.637,38.29,164,0,1022
2026-07-23 18:10:23,Cell_40,2.205,2.591,24.63,144,0,1054
2026-07-23 18:10:23,Cell_41,1.9,48.049,84.79,153,2,955
2026-07-23 18:10:23,Cell_42,2.221,26.403,35.71,112,0,1084
2026-07-23 18:10:23,Cell_43,2.207,38.349,38.16,155,0,1040
2026-07-23 18:10:23,Cell_44,2.238,18.553,33.9,111,0,1080
2026-07-23 18:10:23,Cell_45,2.226,41.592,41.55,130,0,1065
2026-07-23 18:10:23,Cell_46,2.079,26.966,60.0,75,1,1120
2026-07-23 18:10:23,Cell_47,2.145,6.323,26.8,154,0,1027
2026-07-23 18:10:23,Cell_48,2.18,16.477,30.66,77,0,1121
2026-07-23 18:10:23,Cell_49,2.184,21.141,29.88,151,0,1031
2026-07-23 18:10:23,Cell_5,2.163,28.242,37.52,140,0,1048
2026-07-23 18:10:23,Cell_50,2.209,30.432,34.59,207,0,981
2026-07-23 18:10:23,Cell_51,2.159,28.061,44.01,160,0,1025
2026-07-23 18:10:23,Cell_52,2.2,36.753,42.82,62,0,1135
2026-07-23 18:10:23,Cell_53,1.879,17.605,80.32,147,2,960
2026-07-23 18:10:23,Cell_54,2.233,14.634,27.67,128,0,1067
2026-07-23 18:10:23,Cell_55,2.122,15.615,35.16,194,0,996
2026-07-23 18:10:23,Cell_6,2.239,16.6,34.67,143,0,1056
2026-07-23 18:10:23,Cell_7,2.149,17.6,30.85,158,0,1040
2026-07-23 18:10:23,Cell_8,2.186,27.667,36.8,110,0,1088
2026-07-23 18:10:23,Cell_9,2.171,21.782,32.55,93,0,1107
2026-07-23 18:12:23,Cell_1,2.174,19.248,36.56,202,0,993
2026-07-23 18:12:23,Cell_10,2.3,24.098,37.94,176,0,1009
2026-07-23 18:12:23,Cell_11,2.134,34.689,74.31,137,1,979
2026-07-23 18:12:23,Cell_12,2.194,14.478,34.95,151,0,1039
2026-07-23 18:12:23,Cell_13,2.274,22.531,28.24,51,0,1146
2026-07-23 18:12:23,Cell_14,2.153,36.655,48.46,128,0,1062
2026-07-23 18:12:23,Cell_15,2.204,18.589,35.51,73,0,1123
2026-07-23 18:12:23,Cell_16,2.162,0.0,21.12,148,0,1048
2026-07-23 18:12:23,Cell_17,2.272,16.045,28.48,192,0,1008
2026-07-23 18:12:23,Cell_18,2.177,31.59,37.61,160,0,1032
2026-07-23 18:12:23,Cell_19,2.202,37.295,44.11,132,0,1055
2026-07-23 18:12:23,Cell_2,2.243,33.058,36.88,133,0,1062
2026-07-23 18:12:23,Cell_20,2.182,24.314,31.6,147,0,1043
2026-07-23 18:12:23,Cell_21,2.211,22.192,36.44,60,0,1139
2026-07-23 18:12:23,Cell_22,2.247,28.574,37.59,166,0,1019
2026-07-23 18:12:23,Cell_23,2.14,24.39,37.16,161,0,1025
2026-07-23 18:12:23,Cell_24,2.217,16.785,32.78,183,0,1008
2026-07-23 18:12:23,Cell_25,2.277,45.287,45.63,102,0,1082
2026-07-23 18:12:23,Cell_26,2.22,30.206,39.66,198,0,987
2026-07-23 18:12:23,Cell_27,2.265,23.138,33.09,113,0,1083
2026-07-23 18:12:23,Cell_28,2.224,31.3,34.16,116,0,1078
2026-07-23 18:12:23,Cell_29,2.176,35.478,41.3,95,0,1091
2026-07-23 18:12:23,Cell_3,2.226,7.702,27.26,187,0,1000
2026-07-23 18:12:23,Cell_30,2.284,24.805,34.14,97,0,1092
2026-07-23 18:12:23,Cell_31,2.199,18.302,37.84,111,0,1083
2026-07-23 18:12:23,Cell_32,2.115,24.048,39.28,110,0,1083
2026-07-23 18:12:23,Cell_33,2.191,26.299,37.69,85,0,1099
2026-07-23 18:12:23,Cell_34,2.228,24.372,40.24,174,0,1013
2026-07-23 18:12:23,Cell_35,2.289,36.902,45.13,161,0,1036
2026-07-23 18:12:23,Cell_36,2.246,14.864,30.38,90,0,1100
2026-07-23 18:12:23,Cell_37,2.151,26.32,40.62,118,0,1070
2026-07-23 18:12:23,Cell_38,2.207,1.068,25.43,153,0,1036
2026-07-23 18:12:23,Cell_39,2.202,28.754,39.78,187,0,1012
2026-07-23 18:12:23,Cell_4,2.132,22.07,37.55,164,0,1028
2026-07-23 18:12:23,Cell_40,2.18,6.638,27.71,144,0,1041
2026-07-23 18:12:23,Cell_41,2.198,12.995,32.43,153,0,1033
2026-07-23 18:12:23,Cell_42,2.3,35.509,39.36,112,0,1087
2026-07-23 18:12:23,Cell_43,2.146,17.385,33.13,155,0,1032
2026-07-23 18:12:23,Cell_44,2.223,20.418,31.82,111,0,1082
2026-07-23 18:12:23,Cell_45,2.297,22.21,40.41,130,0,1054
2026-07-23 18:12:23,Cell_46,2.276,29.201,34.62,75,0,1116
2026-07-23 18:12:23,Cell_47,2.22,23.378,35.35,154,0,1033
2026-07-23 18:12:23,Cell_48,2.207,21.635,38.61,77,0,1120
2026-07-23 18:12:23,Cell_49,2.137,25.694,39.6,151,0,1048
2026-07-23 18:12:23,Cell_5,2.232,23.714,36.47,140,0,1041
2026-07-23 18:12:23,Cell_50,2.188,30.31,42.23,207,0,978
2026-07-23 18:12:23,Cell_51,2.217,40.651,42.75,160,0,1034
2026-07-23 18:12:23,Cell_52,2.249,32.893,41.18,62,0,1122
2026-07-23 18:12:23,Cell_53,2.066,20.771,31.01,147,0,1050
2026-07-23 18:12:23,Cell_54,2.192,25.17,37.42,128,0,1066
2026-07-23 18:12:23,Cell_55,2.148,3.522,63.64,194,1,905
2026-07-23 18:12:23,Cell_6,2.236,19.648,33.76,143,0,1052
2026-07-23 18:12:23,Cell_7,2.201,14.784,33.58,158,0,1035
2026-07-23 18:12:23,Cell_8,2.3,18.334,29.65,110,0,1079
2026-07-23 18:12:23,Cell_9,2.192,33.771,38.04,93,0,1088
2026-07-23 18:14:23,Cell_1,2.177,27.323,34.27,202,0,996
2026-07-23 18:14:23,Cell_10,2.188,26.581,37.97,176,0,1007
2026-07-23 18:14:23,Cell_11,2.215,12.206,31.37,137,0,1055
2026-07-23 18:14:23,Cell_12,2.265,22.959,35.98,151,0,1037
2026-07-23 18:14:23,Cell_13,2.3,29.31,35.24,51,0,1133
2026-07-23 18:14:23,Cell_14,2.245,50.0,41.4,128,0,1058
2026-07-23 18:14:23,Cell_15,2.119,33.391,67.62,73,1,1077
2026-07-23 18:14:23,Cell_16,2.264,28.632,38.04,148,0,1047
2026-07-23 18:14:23,Cell_17,2.275,3.192,28.48,192,0,1003
2026-07-23 18:14:23,Cell_18,2.172,15.148,35.15,160,0,1034
2026-07-23 18:14:23,Cell_19,2.23,29.235,38.85,132,0,1064
2026-07-23 18:14:23,Cell_2,2.197,17.213,35.75,133,0,1064
2026-07-23 18:14:23,Cell_20,2.213,11.845,32.61,147,0,1035
2026-07-23 18:14:23,Cell_21,2.137,18.803,31.85,60,0,1125
2026-07-23 18:14:23,Cell_22,2.211,31.052,36.24,166,0,1029
2026-07-23 18:14:23,Cell_23,2.215,18.417,36.97,161,0,1032
2026-07-23 18:14:23,Cell_24,2.267,31.597,37.78,183,0,1000
2026-07-23 18:14:23,Cell_25,2.268,16.264,32.1,102,0,1085
2026-07-23 18:14:23,Cell_26,2.132,19.179,33.31,198,0,992
2026-07-23 18:14:23,Cell_27,2.173,23.804,38.07,113,0,1071
2026-07-23 18:14:23,Cell_28,2.188,34.707,36.3,116,0,1071
2026-07-23 18:14:23,Cell_29,2.196,31.421,34.86,95,0,1103
2026-07-23 18:14:23,Cell_3,2.191,16.796,31.89,187,0,998
2026-07-23 18:14:23,Cell_30,2.179,25.2,34.94,97,0,1092
2026-07-23 18:14:23,Cell_31,2.21,37.706,40.38,112,0,1072
2026-07-23 18:14:23,Cell_32,2.098,21.208,60.0,110,1,1078
2026-07-23 18:14:23,Cell_33,2.181,4.625,25.07,85,0,1107
2026-07-23 18:14:23,Cell_34,2.245,36.282,41.79,174,0,1021
2026-07-23 18:14:23,Cell_35,2.168,26.141,37.53,161,0,1032
2026-07-23 18:14:23,Cell_36,2.237,13.658,37.2,90,0,1097
2026-07-23 18:14:23,Cell_37,2.274,24.467,36.23,118,0,1078
2026-07-23 18:14:23,Cell_38,2.218,20.275,33.4,153,0,1035
2026-07-23 18:14:23,Cell_39,2.278,34.559,39.21,187,0,1009
2026-07-23 18:14:23,Cell_4,2.161,16.544,30.92,164,0,1018
2026-07-23 18:14:23,Cell_40,2.166,38.295,39.93,144,0,1044
2026-07-23 18:14:23,Cell_41,2.207,8.35,28.42,153,0,1040
2026-07-23 18:14:23,Cell_42,2.218,26.743,34.14,112,0,1086
2026-07-23 18:14:23,Cell_43,2.173,27.451,37.54,155,0,1042
2026-07-23 18:14:23,Cell_44,2.182,48.239,40.81,111,0,1070
2026-07-23 18:14:23,Cell_45,2.21,7.786,26.62,131,0,1056
2026-07-23 18:14:23,Cell_46,2.218,41.998,41.98,75,0,1110
2026-07-23 18:14:23,Cell_47,2.201,32.132,43.83,154,0,1040
2026-07-23 18:14:23,Cell_48,2.276,22.044,30.18,77,0,1105
2026-07-23 18:14:23,Cell_49,2.132,34.427,36.04,151,0,1033
2026-07-23 18:14:23,Cell_5,2.13,22.43,31.63,140,0,1057
2026-07-23 18:14:23,Cell_50,2.215,7.891,25.99,207,0,987
2026-07-23 18:14:23,Cell_51,2.186,22.505,31.92,160,0,1029
2026-07-23 18:14:23,Cell_52,2.215,22.577,42.05,62,0,1132
2026-07-23 18:14:23,Cell_53,2.233,21.387,35.58,147,0,1036
2026-07-23 18:14:23,Cell_54,2.185,20.346,34.78,128,0,1067
2026-07-23 18:14:23,Cell_55,2.223,39.508,46.17,194,0,990
2026-07-23 18:14:23,Cell_6,2.224,22.127,33.25,143,0,1048
2026-07-23 18:14:23,Cell_7,2.277,27.103,36.61,158,0,1034
2026-07-23 18:14:23,Cell_8,2.194,29.134,35.87,110,0,1077
2026-07-23 18:14:23,Cell_9,2.23,39.722,38.23,93,0,1092
2026-07-23 18:16:23,Cell_1,2.219,35.519,42.48,202,0,983
2026-07-23 18:16:23,Cell_10,2.254,30.6,37.57,176,0,1007
2026-07-23 18:16:23,Cell_11,2.188,15.261,36.18,137,0,1060
2026-07-23 18:16:23,Cell_12,2.183,23.525,35.81,151,0,1047
2026-07-23 18:16:23,Cell_13,2.269,17.82,29.79,52,0,1139
2026-07-23 18:16:23,Cell_14,2.192,19.922,36.63,128,0,1063
2026-07-23 18:16:23,Cell_15,2.218,28.012,34.34,73,0,1121
2026-07-23 18:16:23,Cell_16,2.149,27.709,33.52,148,0,1045
2026-07-23 18:16:23,Cell_17,2.268,42.716,40.6,192,0,996
2026-07-23 18:16:23,Cell_18,2.041,32.529,60.0,160,1,1022
2026-07-23 18:16:23,Cell_19,2.215,16.592,36.61,132,0,1052
2026-07-23 18:16:23,Cell_2,2.199,20.607,28.8,133,0,1054
2026-07-23 18:16:23,Cell_20,2.155,10.058,27.83,147,0,1036
2026-07-23 18:16:23,Cell_21,2.248,23.938,30.08,60,0,1137
2026-07-23 18:16:23,Cell_22,2.066,37.551,41.51,166,0,1032
2026-07-23 18:16:23,Cell_23,2.17,31.439,34.17,161,0,1039
2026-07-23 18:16:23,Cell_24,2.146,21.123,38.27,184,0,997
2026-07-23 18:16:23,Cell_25,2.232,34.605,38.09,102,0,1098
2026-07-23 18:16:23,Cell_26,2.207,8.582,28.85,198,0,985
2026-07-23 18:16:23,Cell_27,2.161,11.632,26.84,113,0,1077
2026-07-23 18:16:23,Cell_28,2.178,24.374,34.48,116,0,1066
2026-07-23 18:16:23,Cell_29,2.202,37.73,41.86,95,0,1095
2026-07-23 18:16:23,Cell_3,2.247,15.43,33.43,187,0,994
2026-07-23 18:16:23,Cell_30,1.9,18.573,82.79,97,2,1049
2026-07-23 18:16:23,Cell_31,2.186,22.626,38.9,113,0,1072
2026-07-23 18:16:23,Cell_32,2.249,26.019,33.71,110,0,1083
2026-07-23 18:16:23,Cell_33,2.206,24.686,30.75,85,0,1103
2026-07-23 18:16:23,Cell_34,2.208,33.255,41.15,174,0,1022
2026-07-23 18:16:23,Cell_35,2.228,29.555,37.67,161,0,1035
2026-07-23 18:16:23,Cell_36,2.146,26.964,37.71,90,0,1104
2026-07-23 18:16:23,Cell_37,2.23,25.886,40.35,119,0,1074
2026-07-23 18:16:23,Cell_38,2.227,25.525,34.35,153,0,1045
2026-07-23 18:16:23,Cell_39,2.227,29.227,38.44,187,0,1011
2026-07-23 18:16:23,Cell_4,2.06,37.342,65.91,164,1,935
2026-07-23 18:16:23,Cell_40,2.075,21.946,65.02,145,1,972
2026-07-23 18:16:23,Cell_41,2.154,38.551,41.45,153,0,1038
2026-07-23 18:16:23,Cell_42,2.203,25.343,32.85,112,0,1085
2026-07-23 18:16:23,Cell_43,2.24,33.222,40.02,156,0,1031
2026-07-23 18:16:23,Cell_44,2.168,46.556,40.34,111,0,1084
2026-07-23 18:16:23,Cell_45,2.256,40.809,40.48,131,0,1050
2026-07-23 18:16:23,Cell_46,2.18,9.358,33.07,75,0,1114
2026-07-23 18:16:23,Cell_47,2.192,19.003,36.86,154,0,1034
2026-07-23 18:16:23,Cell_48,2.169,9.659,60.0,77,1,1109
2026-07-23 18:16:23,Cell_49,2.256,39.631,39.39,151,0,1034
2026-07-23 18:16:23,Cell_5,2.251,32.731,38.77,140,0,1057
2026-07-23 18:16:23,Cell_50,2.185,29.504,40.23,207,0,986
2026-07-23 18:16:23,Cell_51,2.169,16.663,32.01,160,0,1035
2026-07-23 18:16:23,Cell_52,2.225,36.988,41.65,62,0,1137
2026-07-23 18:16:23,Cell_53,2.248,10.59,29.99,147,0,1047
2026-07-23 18:16:23,Cell_54,2.207,21.923,32.21,128,0,1067
2026-07-23 18:16:23,Cell_55,2.092,25.091,73.9,194,1,909
2026-07-23 18:16:23,Cell_6,2.188,40.006,46.75,143,0,1047
2026-07-23 18:16:23,Cell_7,2.278,20.449,30.71,158,0,1030
2026-07-23 18:16:23,Cell_8,2.182,20.816,37.15,110,0,1078
2026-07-23 18:16:23,Cell_9,2.236,15.986,41.88,93,0,1093
2026-07-23 18:18:23,Cell_1,2.208,9.724,27.13,202,0,979
2026-07-23 18:18:23,Cell_10,1.872,43.377,75.0,176,2,934
2026-07-23 18:18:23,Cell_11,2.171,26.207,35.59,137,0,1052
2026-07-23 18:18:23,Cell_12,2.126,33.229,37.37,151,0,1034
2026-07-23 18:18:23,Cell_13,2.215,11.109,30.71,52,0,1140
2026-07-23 18:18:23,Cell_14,2.143,17.066,33.65,128,0,1063
2026-07-23 18:18:23,Cell_15,2.3,45.537,49.37,73,0,1118
2026-07-23 18:18:23,Cell_16,2.198,34.945,41.31,148,0,1045
2026-07-23 18:18:23,Cell_17,2.176,27.425,34.69,192,0,1006
2026-07-23 18:18:23,Cell_18,2.037,39.398,60.06,160,1,952
2026-07-23 18:18:23,Cell_19,2.163,0.0,26.01,132,0,1061
2026-07-23 18:18:23,Cell_2,2.187,34.785,40.58,133,0,1064
2026-07-23 18:18:23,Cell_20,2.177,27.565,35.97,147,0,1047
2026-07-23 18:18:23,Cell_21,2.163,13.444,35.18,60,0,1122
2026-07-23 18:18:23,Cell_22,2.138,32.063,39.65,166,0,1031
2026-07-23 18:18:23,Cell_23,2.092,15.803,39.3,162,0,1038
2026-07-23 18:18:23,Cell_24,2.287,25.749,30.91,184,0,1000
2026-07-23 18:18:23,Cell_25,1.9,48.292,79.11,102,2,1045
2026-07-23 18:18:23,Cell_26,2.188,25.202,35.11,198,0,1000
2026-07-23 18:18:23,Cell_27,2.28,4.876,26.53,113,0,1078
2026-07-23 18:18:23,Cell_28,2.262,27.797,33.15,116,0,1084
2026-07-23 18:18:23,Cell_29,2.174,35.444,35.99,95,0,1098
2026-07-23 18:18:23,Cell_3,2.193,37.955,40.49,187,0,1002
2026-07-23 18:18:23,Cell_30,2.287,20.073,34.11,97,0,1097
2026-07-23 18:18:23,Cell_31,2.207,21.907,33.79,113,0,1081
2026-07-23 18:18:23,Cell_32,2.228,31.701,37.58,110,0,1071
2026-07-23 18:18:23,Cell_33,2.281,46.377,43.38,85,0,1099
2026-07-23 18:18:23,Cell_34,2.111,19.455,34.38,174,0,1012
2026-07-23 18:18:23,Cell_35,2.113,18.684,67.29,161,1,941
2026-07-23 18:18:23,Cell_36,2.238,35.551,39.3,90,0,1105
2026-07-23 18:18:23,Cell_37,2.112,17.738,30.46,119,0,1074
2026-07-23 18:18:23,Cell_38,2.193,17.04,28.07,153,0,1029
2026-07-23 18:18:23,Cell_39,2.154,21.559,36.71,187,0,994
2026-07-23 18:18:23,Cell_4,2.164,10.237,28.41,164,0,1035
2026-07-23 18:18:23,Cell_40,2.111,11.977,27.31,145,0,1049
2026-07-23 18:18:23,Cell_41,2.157,27.47,40.29,153,0,1032
2026-07-23 18:18:23,Cell_42,2.182,31.637,37.54,112,0,1069
2026-07-23 18:18:23,Cell_43,2.208,24.258,40.84,156,0,1042
2026-07-23 18:18:23,Cell_44,2.22,17.314,28.07,111,0,1088
2026-07-23 18:18:23,Cell_45,2.221,22.759,37.01,131,0,1059
2026-07-23 18:18:23,Cell_46,2.263,5.586,30.01,75,0,1106
2026-07-23 18:18:23,Cell_47,1.9,36.318,75.0,154,2,961
2026-07-23 18:18:23,Cell_48,2.158,17.997,32.57,77,0,1116
2026-07-23 18:18:23,Cell_49,2.248,18.827,37.2,151,0,1036
2026-07-23 18:18:23,Cell_5,2.198,11.337,26.45,140,0,1043
2026-07-23 18:18:23,Cell_50,2.12,6.616,27.96,207,0,981
2026-07-23 18:18:23,Cell_51,2.222,15.909,32.12,160,0,1034
2026-07-23 18:18:23,Cell_52,2.291,24.913,41.3,62,0,1133
2026-07-23 18:18:23,Cell_53,1.996,33.43,60.0,147,1,1049
2026-07-23 18:18:23,Cell_54,2.261,20.723,33.9,128,0,1071
2026-07-23 18:18:23,Cell_55,2.216,16.159,35.15,194,0,1000
2026-07-23 18:18:23,Cell_6,2.197,24.245,37.59,143,0,1041
2026-07-23 18:18:23,Cell_7,2.259,34.438,41.09,158,0,1024
2026-07-23 18:18:23,Cell_8,2.098,20.352,66.63,110,1,1031
2026-07-23 18:18:23,Cell_9,2.214,28.313,39.62,93,0,1094
2026-07-23 18:20:23,Cell_1,2.24,28.676,35.93,202,0,984
2026-07-23 18:20:23,Cell_10,2.2,25.283,27.92,176,0,1012
2026-07-23 18:20:23,Cell_11,2.105,34.24,40.9,137,0,1053
2026-07-23 18:20:23,Cell_12,2.18,14.678,33.03,151,0,1041
2026-07-23 18:20:23,Cell_13,2.25,20.925,36.63,52,0,1129
2026-07-23 18:20:23,Cell_14,2.172,29.989,38.26,128,0,1059
2026-07-23 18:20:23,Cell_15,2.148,27.234,35.71,73,0,1125
2026-07-23 18:20:23,Cell_16,2.299,23.587,37.61,148,0,1049
2026-07-23 18:20:23,Cell_17,2.18,16.92,31.15,192,0,992
2026-07-23 18:20:23,Cell_18,2.266,15.385,33.78,160,0,1038
2026-07-23 18:20:23,Cell_19,2.205,18.176,33.2,132,0,1066
2026-07-23 18:20:23,Cell_2,2.181,40.274,38.0,133,0,1061
2026-07-23 18:20:23,Cell_20,2.191,39.644,46.43,147,0,1044
2026-07-23 18:20:23,Cell_21,2.182,18.207,27.21,60,0,1138
2026-07-23 18:20:23,Cell_22,2.201,26.473,36.79,166,0,1025
2026-07-23 18:20:23,Cell_23,2.149,26.351,37.22,162,0,1024
2026-07-23 18:20:23,Cell_24,2.12,4.577,27.61,184,0,1007
2026-07-23 18:20:23,Cell_25,2.224,28.138,37.39,102,0,1097
2026-07-23 18:20:23,Cell_26,2.118,19.506,34.43,198,0,989
2026-07-23 18:20:23,Cell_27,2.23,19.658,31.12,113,0,1079
2026-07-23 18:20:23,Cell_28,2.167,24.493,36.66,116,0,1071
2026-07-23 18:20:23,Cell_29,2.276,29.531,35.19,95,0,1089
2026-07-23 18:20:23,Cell_3,2.143,16.95,34.44,188,0,998
2026-07-23 18:20:23,Cell_30,2.162,34.667,42.71,97,0,1089
2026-07-23 18:20:23,Cell_31,2.273,19.583,36.56,113,0,1073
2026-07-23 18:20:23,Cell_32,2.127,15.473,31.32,110,0,1071
2026-07-23 18:20:23,Cell_33,2.143,23.683,63.14,85,1,1070
2026-07-23 18:20:23,Cell_34,2.215,24.636,35.51,174,0,1013
2026-07-23 18:20:23,Cell_35,2.214,36.664,40.66,161,0,1020
2026-07-23 18:20:23,Cell_36,2.257,13.895,29.44,90,0,1098
2026-07-23 18:20:23,Cell_37,2.179,21.761,37.21,119,0,1063
2026-07-23 18:20:23,Cell_38,2.199,29.426,34.07,153,0,1045
2026-07-23 18:20:23,Cell_39,2.106,24.649,39.96,187,0,995
2026-07-23 18:20:23,Cell_4,2.164,31.843,40.28,164,0,1017
2026-07-23 18:20:23,Cell_40,2.183,28.601,34.79,145,0,1051
2026-07-23 18:20:23,Cell_41,2.124,42.904,37.61,153,0,1034
2026-07-23 18:20:23,Cell_42,2.298,21.563,34.01,112,0,1085
2026-07-23 18:20:23,Cell_43,1.9,33.672,75.0,156,2,958
2026-07-23 18:20:23,Cell_44,2.236,29.112,36.3,111,0,1085
2026-07-23 18:20:23,Cell_45,2.239,35.589,38.18,131,0,1050
2026-07-23 18:20:23,Cell_46,2.167,16.366,26.64,75,0,1109
2026-07-23 18:20:23,Cell_47,2.176,28.769,33.66,154,0,1033
2026-07-23 18:20:23,Cell_48,2.251,16.531,30.81,77,0,1112
2026-07-23 18:20:23,Cell_49,2.203,42.139,47.25,151,0,1045
2026-07-23 18:20:23,Cell_5,2.161,9.013,28.83,140,0,1052
2026-07-23 18:20:23,Cell_50,2.054,4.565,68.01,207,1,887
2026-07-23 18:20:23,Cell_51,2.196,13.321,33.09,160,0,1035
2026-07-23 18:20:23,Cell_52,2.094,23.778,63.01,62,1,1088
2026-07-23 18:20:23,Cell_53,2.189,25.055,37.97,147,0,1044
2026-07-23 18:20:23,Cell_54,2.043,31.936,65.75,128,1,1002
2026-07-23 18:20:23,Cell_55,2.157,11.995,25.61,194,0,1003
2026-07-23 18:20:23,Cell_6,1.823,50.0,80.31,143,2,970
2026-07-23 18:20:23,Cell_7,2.177,30.197,33.77,158,0,1041
2026-07-23 18:20:23,Cell_8,2.208,31.125,41.24,110,0,1090
2026-07-23 18:20:23,Cell_9,2.202,22.48,32.02,93,0,1097
2026-07-23 18:22:23,Cell_1,2.14,16.002,33.29,202,0,984
2026-07-23 18:22:23,Cell_10,2.202,27.974,34.19,176,0,1024
2026-07-23 18:22:23,Cell_11,2.197,20.272,32.74,137,0,1059
2026-07-23 18:22:23,Cell_12,2.196,28.59,32.7,151,0,1048
2026-07-23 18:22:23,Cell_13,2.272,16.957,29.88,53,0,1140
2026-07-23 18:22:23,Cell_14,2.181,9.493,30.38,128,0,1053
2026-07-23 18:22:23,Cell_15,2.278,29.063,42.95,73,0,1119
2026-07-23 18:22:23,Cell_16,2.216,37.545,40.13,148,0,1037
2026-07-23 18:22:23,Cell_17,2.179,22.975,41.29,192,0,992
2026-07-23 18:22:23,Cell_18,2.097,10.555,27.81,160,0,1021
2026-07-23 18:22:23,Cell_19,2.204,26.045,35.36,132,0,1061
2026-07-23 18:22:23,Cell_2,2.194,1.537,26.2,133,0,1052
2026-07-23 18:22:23,Cell_20,2.13,6.9,65.72,147,1,963
2026-07-23 18:22:23,Cell_21,2.249,5.038,28.84,60,0,1129
2026-07-23 18:22:23,Cell_22,2.233,30.556,40.64,166,0,1018
2026-07-23 18:22:23,Cell_23,2.123,19.742,34.92,162,0,1019
2026-07-23 18:22:23,Cell_24,2.199,11.219,32.42,184,0,1011
2026-07-23 18:22:23,Cell_25,2.216,36.327,37.4,103,0,1086
2026-07-23 18:22:23,Cell_26,2.224,25.176,40.05,198,0,988
2026-07-23 18:22:23,Cell_27,2.171,13.559,27.22,113,0,1078
2026-07-23 18:22:23,Cell_28,2.3,24.106,40.22,117,0,1066
2026-07-23 18:22:23,Cell_29,2.212,23.884,39.1,95,0,1092
2026-07-23 18:22:23,Cell_3,2.124,28.237,35.13,188,0,998
2026-07-23 18:22:23,Cell_30,2.213,10.897,32.15,97,0,1088
2026-07-23 18:22:23,Cell_31,2.22,2.679,32.72,113,0,1070
2026-07-23 18:22:23,Cell_32,2.247,33.851,39.61,110,0,1090
2026-07-23 18:22:23,Cell_33,2.067,32.542,38.13,85,0,1114
2026-07-23 18:22:23,Cell_34,2.243,16.145,36.75,174,0,1015
2026-07-23 18:22:23,Cell_35,2.235,21.518,32.46,161,0,1024
2026-07-23 18:22:23,Cell_36,2.157,34.654,35.4,90,0,1092
2026-07-23 18:22:23,Cell_37,2.084,30.919,33.82,119,0,1071
2026-07-23 18:22:23,Cell_38,2.148,20.564,34.8,153,0,1040
2026-07-23 18:22:23,Cell_39,2.133,23.237,37.2,187,0,1005
2026-07-23 18:22:23,Cell_4,2.141,36.595,41.03,165,0,1025
2026-07-23 18:22:23,Cell_40,2.034,22.954,60.0,145,1,1055
2026-07-23 18:22:23,Cell_41,2.256,35.471,42.69,153,0,1040
2026-07-23 18:22:23,Cell_42,2.154,29.019,40.39,112,0,1071
2026-07-23 18:22:23,Cell_43,2.113,31.476,36.65,156,0,1033
2026-07-23 18:22:23,Cell_44,2.139,25.556,36.26,111,0,1073
2026-07-23 18:22:23,Cell_45,2.266,29.393,37.98,131,0,1068
2026-07-23 18:22:23,Cell_46,2.199,27.99,38.54,75,0,1112
2026-07-23 18:22:23,Cell_47,2.256,19.047,37.36,154,0,1031
2026-07-23 18:22:23,Cell_48,2.141,22.07,40.32,77,0,1118
2026-07-23 18:22:23,Cell_49,2.232,24.507,36.85,151,0,1032
2026-07-23 18:22:23,Cell_5,2.052,37.938,64.58,140,1,989
2026-07-23 18:22:23,Cell_50,2.127,30.006,40.67,207,0,977
2026-07-23 18:22:23,Cell_51,2.259,13.865,29.61,160,0,1040
2026-07-23 18:22:23,Cell_52,2.213,19.214,32.98,62,0,1122
2026-07-23 18:22:23,Cell_53,2.131,13.937,25.46,147,0,1044
2026-07-23 18:22:23,Cell_54,2.175,39.954,46.85,128,0,1053
2026-07-23 18:22:23,Cell_55,2.235,13.051,30.42,194,0,1000
2026-07-23 18:22:23,Cell_6,2.262,30.244,31.08,143,0,1045
2026-07-23 18:22:23,Cell_7,2.281,18.524,32.34,158,0,1039
2026-07-23 18:22:23,Cell_8,2.166,20.091,30.03,110,0,1084
2026-07-23 18:22:23,Cell_9,2.194,16.267,32.56,93,0,1088
2026-07-23 18:24:23,Cell_1,2.236,15.683,31.97,202,0,983
2026-07-23 18:24:23,Cell_10,1.9,34.367,86.06,176,2,917
2026-07-23 18:24:23,Cell_11,2.139,39.256,46.3,137,0,1060
2026-07-23 18:24:23,Cell_12,2.249,34.469,45.12,151,0,1048
2026-07-23 18:24:23,Cell_13,2.178,19.023,34.12,53,0,1144
2026-07-23 18:24:23,Cell_14,2.167,34.84,39.65,128,0,1061
2026-07-23 18:24:23,Cell_15,2.238,24.666,34.54,73,0,1121
2026-07-23 18:24:23,Cell_16,2.191,18.206,37.84,148,0,1033
2026-07-23 18:24:23,Cell_17,2.128,50.0,47.32,192,0,1006
2026-07-23 18:24:23,Cell_18,2.255,32.116,38.56,160,0,1031
2026-07-23 18:24:23,Cell_19,2.238,30.47,37.48,132,0,1058
2026-07-23 18:24:23,Cell_2,2.192,11.689,32.2,134,0,1059
2026-07-23 18:24:23,Cell_20,2.131,30.096,41.01,147,0,1035
2026-07-23 18:24:23,Cell_21,2.11,22.814,72.16,60,1,1106
2026-07-23 18:24:23,Cell_22,2.147,33.583,36.4,166,0,1032
2026-07-23 18:24:23,Cell_23,2.071,25.866,37.06,162,0,1029
2026-07-23 18:24:23,Cell_24,2.222,17.637,32.89,185,0,1012
2026-07-23 18:24:23,Cell_25,2.165,19.001,33.49,103,0,1082
2026-07-23 18:24:23,Cell_26,2.21,33.689,46.78,199,0,998
2026-07-23 18:24:23,Cell_27,2.206,26.128,35.99,113,0,1083
2026-07-23 18:24:23,Cell_28,2.222,18.865,32.86,117,0,1076
2026-07-23 18:24:23,Cell_29,2.223,13.815,34.44,95,0,1094
2026-07-23 18:24:23,Cell_3,2.22,10.648,29.17,188,0,1007
2026-07-23 18:24:23,Cell_30,2.221,29.365,37.07,97,0,1085
2026-07-23 18:24:23,Cell_31,2.124,24.625,35.52,113,0,1082
2026-07-23 18:24:23,Cell_32,2.222,26.582,36.8,110,0,1084
2026-07-23 18:24:23,Cell_33,2.24,26.035,35.56,85,0,1096
2026-07-23 18:24:23,Cell_34,2.183,19.528,34.82,174,0,1011
2026-07-23 18:24:23,Cell_35,2.195,29.875,37.98,161,0,1021
2026-07-23 18:24:23,Cell_36,2.265,19.907,35.06,90,0,1098
2026-07-23 18:24:23,Cell_37,2.12,18.928,31.59,119,0,1077
2026-07-23 18:24:23,Cell_38,2.257,26.884,35.84,153,0,1034
2026-07-23 18:24:23,Cell_39,2.167,6.1,31.99,187,0,999
2026-07-23 18:24:23,Cell_4,2.202,27.115,31.84,165,0,1025
2026-07-23 18:24:23,Cell_40,2.123,9.711,30.65,145,0,1039
2026-07-23 18:24:23,Cell_41,2.21,34.914,34.77,153,0,1040
2026-07-23 18:24:23,Cell_42,2.163,16.901,32.89,112,0,1070
2026-07-23 18:24:23,Cell_43,2.158,21.684,33.51,156,0,1043
2026-07-23 18:24:23,Cell_44,2.223,22.203,39.74,111,0,1071
2026-07-23 18:24:23,Cell_45,1.9,46.822,79.94,131,2,998
2026-07-23 18:24:23,Cell_46,2.211,22.985,31.01,76,0,1122
2026-07-23 18:24:23,Cell_47,2.177,31.642,33.04,154,0,1034
2026-07-23 18:24:23,Cell_48,2.279,30.618,42.27,77,0,1120
2026-07-23 18:24:23,Cell_49,2.259,20.717,38.36,151,0,1047
2026-07-23 18:24:23,Cell_5,2.136,26.708,62.03,140,1,986
2026-07-23 18:24:23,Cell_50,2.185,34.911,43.92,207,0,990
2026-07-23 18:24:23,Cell_51,2.17,23.276,37.08,160,0,1039
2026-07-23 18:24:23,Cell_52,2.168,30.646,35.39,62,0,1120
2026-07-23 18:24:23,Cell_53,2.141,24.089,34.88,147,0,1046
2026-07-23 18:24:23,Cell_54,2.237,27.076,36.48,128,0,1059
2026-07-23 18:24:23,Cell_55,2.166,25.653,37.19,194,0,992
2026-07-23 18:24:23,Cell_6,2.149,12.95,29.64,143,0,1040
2026-07-23 18:24:23,Cell_7,2.156,32.287,41.71,158,0,1024
2026-07-23 18:24:23,Cell_8,2.201,18.69,36.23,110,0,1075
2026-07-23 18:24:23,Cell_9,2.197,17.921,31.52,93,0,1098
2026-07-23 18:26:23,Cell_1,2.242,26.375,40.29,202,0,991
2026-07-23 18:26:23,Cell_10,2.207,16.232,31.85,176,0,1006
2026-07-23 18:26:23,Cell_11,2.182,12.881,30.98,137,0,1048
2026-07-23 18:26:23,Cell_12,2.278,31.489,38.06,151,0,1048
2026-07-23 18:26:23,Cell_13,2.108,17.927,31.12,53,0,1139
2026-07-23 18:26:23,Cell_14,2.232,36.638,43.76,128,0,1067
2026-07-23 18:26:23,Cell_15,2.169,23.711,42.47,73,0,1118
2026-07-23 18:26:23,Cell_16,2.21,14.436,25.61,149,0,1041
2026-07-23 18:26:23,Cell_17,2.028,0.824,67.49,192,1,902
2026-07-23 18:26:23,Cell_18,2.052,15.64,27.59,160,0,1026
2026-07-23 18:26:23,Cell_19,2.196,41.374,40.59,132,0,1061
2026-07-23 18:26:23,Cell_2,2.219,38.246,43.71,134,0,1063
2026-07-23 18:26:23,Cell_20,2.178,38.267,43.32,147,0,1048
2026-07-23 18:26:23,Cell_21,2.234,29.817,38.58,60,0,1135
2026-07-23 18:26:23,Cell_22,2.13,24.528,34.52,166,0,1019
2026-07-23 18:26:23,Cell_23,2.099,13.481,31.97,162,0,1033
2026-07-23 18:26:23,Cell_24,2.25,27.922,36.54,185,0,1012
2026-07-23 18:26:23,Cell_25,2.101,37.058,40.48,103,0,1080
2026-07-23 18:26:23,Cell_26,2.085,32.656,64.31,199,1,892
2026-07-23 18:26:23,Cell_27,2.221,20.646,33.29,113,0,1086
2026-07-23 18:26:23,Cell_28,2.159,25.951,34.26,117,0,1070
2026-07-23 18:26:23,Cell_29,2.252,24.067,37.7,95,0,1091
2026-07-23 18:26:23,Cell_3,2.145,31.929,39.74,188,0,998
2026-07-23 18:26:23,Cell_30,2.229,50.0,39.6,97,0,1101
2026-07-23 18:26:23,Cell_31,2.212,21.346,35.36,113,0,1082
2026-07-23 18:26:23,Cell_32,2.224,27.627,34.57,110,0,1087
2026-07-23 18:26:23,Cell_33,2.215,40.248,38.31,85,0,1101
2026-07-23 18:26:23,Cell_34,2.248,18.54,35.35,174,0,1017
2026-07-23 18:26:23,Cell_35,2.141,33.585,37.44,161,0,1031
2026-07-23 18:26:23,Cell_36,2.251,19.464,36.96,90,0,1098
2026-07-23 18:26:23,Cell_37,2.159,23.977,34.76,119,0,1075
2026-07-23 18:26:23,Cell_38,2.267,35.724,37.03,153,0,1035
2026-07-23 18:26:23,Cell_39,2.072,38.432,42.86,187,0,1013
2026-07-23 18:26:23,Cell_4,2.201,30.817,37.39,165,0,1017
2026-07-23 18:26:23,Cell_40,2.141,18.621,65.72,145,1,982
2026-07-23 18:26:23,Cell_41,2.205,31.007,37.08,153,0,1043
2026-07-23 18:26:23,Cell_42,2.249,30.325,38.7,112,0,1073
2026-07-23 18:26:23,Cell_43,2.21,9.334,21.67,156,0,1040
2026-07-23 18:26:23,Cell_44,2.161,42.021,42.99,111,0,1080
2026-07-23 18:26:23,Cell_45,2.236,35.764,43.39,131,0,1050
2026-07-23 18:26:23,Cell_46,2.207,32.266,37.97,76,0,1124
2026-07-23 18:26:23,Cell_47,2.185,38.351,40.85,154,0,1027
2026-07-23 18:26:23,Cell_48,2.27,6.6,23.34,77,0,1106
2026-07-23 18:26:23,Cell_49,2.206,29.838,33.66,151,0,1038
2026-07-23 18:26:23,Cell_5,2.136,6.538,29.32,140,0,1056
2026-07-23 18:26:23,Cell_50,2.181,40.265,38.65,207,0,982
2026-07-23 18:26:23,Cell_51,2.192,10.387,29.36,160,0,1026
2026-07-23 18:26:23,Cell_52,2.229,21.48,33.15,62,0,1124
2026-07-23 18:26:23,Cell_53,2.16,19.813,32.61,147,0,1036
2026-07-23 18:26:23,Cell_54,2.281,21.426,28.0,129,0,1068
2026-07-23 18:26:23,Cell_55,2.15,25.191,37.25,194,0,991
2026-07-23 18:26:23,Cell_6,2.166,1.376,28.24,143,0,1050
2026-07-23 18:26:23,Cell_7,2.249,24.473,40.07,158,0,1029
2026-07-23 18:26:23,Cell_8,2.203,45.322,37.99,110,0,1078
2026-07-23 18:26:23,Cell_9,2.22,12.248,29.07,93,0,1103
2026-07-23 18:28:23,Cell_1,2.15,22.894,34.97,202,0,985
2026-07-23 18:28:23,Cell_10,2.28,35.69,42.89,176,0,1014
2026-07-23 18:28:23,Cell_11,2.212,21.638,34.97,137,0,1054
2026-07-23 18:28:23,Cell_12,2.207,25.349,35.88,151,0,1049
2026-07-23 18:28:23,Cell_13,2.202,33.831,39.8,53,0,1135
2026-07-23 18:28:23,Cell_14,2.188,31.768,37.2,128,0,1059
2026-07-23 18:28:23,Cell_15,2.271,24.683,34.21,73,0,1109
2026-07-23 18:28:23,Cell_16,2.167,23.04,32.23,149,0,1044
2026-07-23 18:28:23,Cell_17,2.079,27.117,35.26,192,0,1006
2026-07-23 18:28:23,Cell_18,2.185,21.893,34.24,160,0,1030
2026-07-23 18:28:23,Cell_19,2.13,27.688,33.99,132,0,1049
2026-07-23 18:28:23,Cell_2,2.234,26.968,34.8,134,0,1051
2026-07-23 18:28:23,Cell_20,2.168,22.95,34.53,147,0,1050
2026-07-23 18:28:23,Cell_21,2.136,32.613,73.17,60,1,1098
2026-07-23 18:28:23,Cell_22,2.081,26.782,70.43,166,1,945
2026-07-23 18:28:23,Cell_23,2.243,15.358,32.55,162,0,1031
2026-07-23 18:28:23,Cell_24,2.283,19.219,34.68,185,0,1006
2026-07-23 18:28:23,Cell_25,2.277,33.876,33.73,103,0,1096
2026-07-23 18:28:23,Cell_26,2.165,17.468,33.55,199,0,989
2026-07-23 18:28:23,Cell_27,2.184,32.943,37.94,113,0,1078
2026-07-23 18:28:23,Cell_28,2.247,8.583,30.43,117,0,1078
2026-07-23 18:28:23,Cell_29,2.135,26.363,37.25,95,0,1099
2026-07-23 18:28:23,Cell_3,2.161,26.63,34.56,188,0,1011
2026-07-23 18:28:23,Cell_30,2.21,31.226,35.83,97,0,1101
2026-07-23 18:28:23,Cell_31,2.213,26.351,38.02,113,0,1077
2026-07-23 18:28:23,Cell_32,2.088,35.311,60.0,110,1,1088
2026-07-23 18:28:23,Cell_33,2.162,20.887,30.67,85,0,1096
2026-07-23 18:28:23,Cell_34,2.164,18.605,40.06,174,0,1024
2026-07-23 18:28:23,Cell_35,2.216,12.025,31.31,161,0,1031
2026-07-23 18:28:23,Cell_36,2.152,41.639,41.23,90,0,1096
2026-07-23 18:28:23,Cell_37,2.3,28.639,28.63,120,0,1064
2026-07-23 18:28:23,Cell_38,2.251,27.183,36.14,153,0,1036
2026-07-23 18:28:23,Cell_39,2.18,38.679,40.02,187,0,995
2026-07-23 18:28:23,Cell_4,2.207,13.408,30.69,165,0,1016
2026-07-23 18:28:23,Cell_40,2.094,28.863,60.0,145,1,1037
2026-07-23 18:28:23,Cell_41,2.246,23.11,39.11,154,0,1039
2026-07-23 18:28:23,Cell_42,2.245,38.743,50.17,112,0,1074
2026-07-23 18:28:23,Cell_43,2.248,12.799,33.63,156,0,1030
2026-07-23 18:28:23,Cell_44,2.188,44.409,41.9,111,0,1076
2026-07-23 18:28:23,Cell_45,2.3,25.973,35.0,131,0,1067
2026-07-23 18:28:23,Cell_46,2.2,23.054,32.38,76,0,1116
2026-07-23 18:28:23,Cell_47,2.159,12.856,33.78,154,0,1038
2026-07-23 18:28:23,Cell_48,2.172,20.57,31.88,77,0,1116
2026-07-23 18:28:23,Cell_49,2.132,25.868,35.13,151,0,1046
2026-07-23 18:28:23,Cell_5,2.191,31.217,39.16,140,0,1058
2026-07-23 18:28:23,Cell_50,2.145,17.861,38.03,207,0,993
2026-07-23 18:28:23,Cell_51,2.277,24.221,39.64,160,0,1030
2026-07-23 18:28:23,Cell_52,2.241,29.074,34.0,62,0,1125
2026-07-23 18:28:23,Cell_53,2.241,46.18,45.05,147,0,1045
2026-07-23 18:28:23,Cell_54,2.256,21.429,30.85,129,0,1060
2026-07-23 18:28:23,Cell_55,2.212,23.203,38.55,194,0,992
2026-07-23 18:28:23,Cell_6,2.163,17.845,30.75,143,0,1049
2026-07-23 18:28:23,Cell_7,2.232,20.879,35.14,159,0,1041
2026-07-23 18:28:23,Cell_8,2.227,38.624,38.77,110,0,1084
2026-07-23 18:28:23,Cell_9,2.259,38.32,43.99,93,0,1102
2026-07-23 18:30:23,Cell_1,2.16,50.0,47.89,202,0,994
2026-07-23 18:30:23,Cell_10,2.1,10.897,35.89,176,0,1010
2026-07-23 18:30:23,Cell_11,2.186,30.106,37.12,137,0,1053
2026-07-23 18:30:23,Cell_12,2.196,12.368,30.18,151,0,1042
2026-07-23 18:30:23,Cell_13,1.9,29.377,75.0,53,2,1110
2026-07-23 18:30:23,Cell_14,2.145,29.77,44.9,128,0,1057
2026-07-23 18:30:23,Cell_15,2.282,21.652,36.68,73,0,1127
2026-07-23 18:30:23,Cell_16,2.098,17.069,29.22,149,0,1038
2026-07-23 18:30:23,Cell_17,2.088,25.279,38.79,192,0,992
2026-07-23 18:30:23,Cell_18,2.198,33.896,36.45,160,0,1027
2026-07-23 18:30:23,Cell_19,2.269,36.64,38.41,132,0,1051
2026-07-23 18:30:23,Cell_2,2.214,38.619,43.05,134,0,1051
2026-07-23 18:30:23,Cell_20,2.091,27.789,36.04,147,0,1036
2026-07-23 18:30:23,Cell_21,2.3,15.088,29.84,60,0,1135
2026-07-23 18:30:23,Cell_22,2.116,20.689,37.75,166,0,1028
2026-07-23 18:30:23,Cell_23,2.249,4.92,31.59,162,0,1020
2026-07-23 18:30:23,Cell_24,2.168,25.247,40.27,185,0,997
2026-07-23 18:30:23,Cell_25,2.3,43.862,43.62,103,0,1096
2026-07-23 18:30:23,Cell_26,2.236,36.433,42.09,199,0,990
2026-07-23 18:30:23,Cell_27,2.298,36.445,35.81,113,0,1080
2026-07-23 18:30:23,Cell_28,2.273,28.24,35.34,117,0,1064
2026-07-23 18:30:23,Cell_29,2.217,19.642,35.63,95,0,1095
2026-07-23 18:30:23,Cell_3,2.233,18.028,34.19,188,0,1007
2026-07-23 18:30:23,Cell_30,1.9,43.681,83.33,97,2,1054
2026-07-23 18:30:23,Cell_31,2.23,18.708,30.0,113,0,1074
2026-07-23 18:30:23,Cell_32,2.227,15.363,32.36,110,0,1077
2026-07-23 18:30:23,Cell_33,2.227,48.01,40.37,85,0,1111
2026-07-23 18:30:23,Cell_34,2.21,31.98,39.38,174,0,1009
2026-07-23 18:30:23,Cell_35,2.193,20.612,37.44,161,0,1024
2026-07-23 18:30:23,Cell_36,2.234,13.522,30.98,90,0,1109
2026-07-23 18:30:23,Cell_37,2.227,35.514,40.2,120,0,1078
2026-07-23 18:30:23,Cell_38,2.146,25.415,37.86,153,0,1029
2026-07-23 18:30:23,Cell_39,2.098,30.021,39.59,187,0,1005
2026-07-23 18:30:23,Cell_4,2.208,24.221,28.35,165,0,1028
2026-07-23 18:30:23,Cell_40,2.175,32.471,38.48,145,0,1042
2026-07-23 18:30:23,Cell_41,2.213,43.874,41.57,154,0,1046
2026-07-23 18:30:23,Cell_42,2.209,23.28,38.41,112,0,1071
2026-07-23 18:30:23,Cell_43,2.147,0.0,30.7,156,0,1041
2026-07-23 18:30:23,Cell_44,2.222,29.753,40.04,112,0,1086
2026-07-23 18:30:23,Cell_45,2.265,25.06,39.74,131,0,1058
2026-07-23 18:30:23,Cell_46,2.291,33.245,41.31,76,0,1115
2026-07-23 18:30:23,Cell_47,2.185,14.408,32.94,154,0,1037
2026-07-23 18:30:23,Cell_48,2.188,22.765,60.66,77,1,1065
2026-07-23 18:30:23,Cell_49,2.154,39.137,40.36,151,0,1040
2026-07-23 18:30:23,Cell_5,2.106,35.454,60.0,140,1,1046
2026-07-23 18:30:23,Cell_50,2.121,20.248,32.09,207,0,993
2026-07-23 18:30:23,Cell_51,2.182,23.013,38.51,160,0,1024
2026-07-23 18:30:23,Cell_52,2.216,8.775,31.67,62,0,1138
2026-07-23 18:30:23,Cell_53,2.135,32.158,32.66,147,0,1042
2026-07-23 18:30:23,Cell_54,2.207,5.087,29.74,129,0,1063
2026-07-23 18:30:23,Cell_55,2.186,23.611,41.96,194,0,996
2026-07-23 18:30:23,Cell_6,2.238,26.8,40.3,143,0,1039
2026-07-23 18:30:23,Cell_7,2.159,34.231,36.55,159,0,1040
2026-07-23 18:30:23,Cell_8,2.245,45.748,46.34,110,0,1072
2026-07-23 18:30:23,Cell_9,2.3,45.156,46.32,93,0,1102
2026-07-23 18:32:23,Cell_1,2.182,33.0,43.06,202,0,993
2026-07-23 18:32:23,Cell_10,2.17,31.764,34.31,176,0,1010
2026-07-23 18:32:23,Cell_11,2.236,38.172,41.07,137,0,1057
2026-07-23 18:32:23,Cell_12,2.173,27.013,36.97,151,0,1048
2026-07-23 18:32:23,Cell_13,2.269,33.923,36.9,53,0,1139
2026-07-23 18:32:23,Cell_14,2.14,41.865,45.86,128,0,1072
2026-07-23 18:32:23,Cell_15,2.238,17.121,25.4,73,0,1118
2026-07-23 18:32:23,Cell_16,2.179,32.632,41.42,149,0,1046
2026-07-23 18:32:23,Cell_17,2.129,22.329,31.39,192,0,1000
2026-07-23 18:32:23,Cell_18,2.005,31.058,68.21,160,1,955
2026-07-23 18:32:23,Cell_19,2.203,15.963,33.68,132,0,1054
2026-07-23 18:32:23,Cell_2,2.254,12.787,29.2,134,0,1054
2026-07-23 18:32:23,Cell_20,2.225,31.284,40.2,147,0,1036
2026-07-23 18:32:23,Cell_21,2.175,36.348,47.1,60,0,1127
2026-07-23 18:32:23,Cell_22,2.081,27.229,39.88,166,0,1023
2026-07-23 18:32:23,Cell_23,2.042,21.248,39.47,163,0,1028
2026-07-23 18:32:23,Cell_24,2.165,28.12,41.33,185,0,997
2026-07-23 18:32:23,Cell_25,2.209,40.234,41.69,103,0,1085
2026-07-23 18:32:23,Cell_26,2.202,24.822,41.2,199,0,994
2026-07-23 18:32:23,Cell_27,2.199,27.099,35.36,113,0,1085
2026-07-23 18:32:23,Cell_28,2.249,21.452,32.65,117,0,1080
2026-07-23 18:32:23,Cell_29,2.226,28.841,35.89,95,0,1088
2026-07-23 18:32:23,Cell_3,2.204,26.118,38.6,188,0,997
2026-07-23 18:32:23,Cell_30,2.29,16.6,34.58,97,0,1092
2026-07-23 18:32:23,Cell_31,2.224,36.98,38.32,113,0,1087
2026-07-23 18:32:23,Cell_32,2.148,17.891,29.89,110,0,1077
2026-07-23 18:32:23,Cell_33,2.197,32.829,38.42,85,0,1108
2026-07-23 18:32:23,Cell_34,2.297,30.978,41.53,174,0,1007
2026-07-23 18:32:23,Cell_35,2.12,38.597,64.21,161,1,958
2026-07-23 18:32:23,Cell_36,2.167,22.518,34.97,90,0,1109
2026-07-23 18:32:23,Cell_37,2.187,18.793,35.75,120,0,1070
2026-07-23 18:32:23,Cell_38,2.191,39.73,41.3,153,0,1030
2026-07-23 18:32:23,Cell_39,2.205,19.614,37.05,187,0,1013
2026-07-23 18:32:23,Cell_4,2.184,11.431,30.25,165,0,1034
2026-07-23 18:32:23,Cell_40,2.258,19.646,31.63,145,0,1040
2026-07-23 18:32:23,Cell_41,2.208,31.79,43.35,155,0,1030
2026-07-23 18:32:23,Cell_42,2.157,28.956,38.95,112,0,1078
2026-07-23 18:32:23,Cell_43,2.195,19.415,36.76,156,0,1041
2026-07-23 18:32:23,Cell_44,2.179,49.411,38.19,112,0,1087
2026-07-23 18:32:23,Cell_45,2.194,23.259,35.2,131,0,1066
2026-07-23 18:32:23,Cell_46,2.21,27.128,30.64,76,0,1105
2026-07-23 18:32:23,Cell_47,2.227,24.799,40.62,154,0,1039
2026-07-23 18:32:23,Cell_48,2.144,40.025,41.5,77,0,1104
2026-07-23 18:32:23,Cell_49,2.242,18.654,37.84,151,0,1032
2026-07-23 18:32:23,Cell_5,2.169,26.163,35.65,140,0,1058
2026-07-23 18:32:23,Cell_50,2.263,8.478,27.8,207,0,986
2026-07-23 18:32:23,Cell_51,2.178,24.575,35.9,160,0,1037
2026-07-23 18:32:23,Cell_52,2.161,15.393,34.33,62,0,1123
2026-07-23 18:32:23,Cell_53,2.05,29.284,75.0,147,2,969
2026-07-23 18:32:23,Cell_54,2.212,46.546,41.39,129,0,1056
2026-07-23 18:32:23,Cell_55,2.138,27.833,33.75,194,0,999
2026-07-23 18:32:23,Cell_6,1.9,32.011,85.73,143,2,981
2026-07-23 18:32:23,Cell_7,2.199,30.503,39.17,159,0,1026
2026-07-23 18:32:23,Cell_8,2.188,21.415,39.28,110,0,1088
2026-07-23 18:32:23,Cell_9,2.184,9.52,29.5,93,0,1088
2026-07-23 18:34:23,Cell_1,2.201,33.574,40.77,202,0,992
2026-07-23 18:34:23,Cell_10,2.199,34.703,38.83,176,0,1022
2026-07-23 18:34:23,Cell_11,2.26,14.388,30.15,137,0,1044
2026-07-23 18:34:23,Cell_12,2.128,6.735,30.93,151,0,1032
2026-07-23 18:34:23,Cell_13,2.3,35.742,34.46,53,0,1146
2026-07-23 18:34:23,Cell_14,2.169,45.055,44.35,129,0,1068
2026-07-23 18:34:23,Cell_15,2.211,20.505,35.93,73,0,1127
2026-07-23 18:34:23,Cell_16,2.214,36.815,43.49,149,0,1041
2026-07-23 18:34:23,Cell_17,2.15,21.464,31.97,192,0,1004
2026-07-23 18:34:23,Cell_18,2.137,39.36,44.1,160,0,1028
2026-07-23 18:34:23,Cell_19,2.259,41.869,43.13,132,0,1050
2026-07-23 18:34:23,Cell_2,2.245,31.01,40.06,134,0,1064
2026-07-23 18:34:23,Cell_20,2.212,33.205,39.27,147,0,1049
2026-07-23 18:34:23,Cell_21,2.265,28.698,38.21,60,0,1121
2026-07-23 18:34:23,Cell_22,2.168,35.634,38.57,166,0,1026
2026-07-23 18:34:23,Cell_23,2.208,24.016,39.54,163,0,1021
2026-07-23 18:34:23,Cell_24,2.265,36.692,39.14,185,0,998
2026-07-23 18:34:23,Cell_25,2.227,11.988,29.83,103,0,1094
2026-07-23 18:34:23,Cell_26,2.204,12.588,29.9,199,0,1001
2026-07-23 18:34:23,Cell_27,2.281,32.669,36.88,113,0,1080
2026-07-23 18:34:23,Cell_28,2.276,24.882,36.09,117,0,1069
2026-07-23 18:34:23,Cell_29,2.241,44.215,47.04,95,0,1100
2026-07-23 18:34:23,Cell_3,2.157,10.002,29.48,188,0,994
2026-07-23 18:34:23,Cell_30,2.179,19.842,34.43,97,0,1096
2026-07-23 18:34:23,Cell_31,2.275,36.715,41.84,113,0,1084
2026-07-23 18:34:23,Cell_32,2.193,26.836,37.17,110,0,1088
2026-07-23 18:34:23,Cell_33,2.168,2.588,25.73,85,0,1100
2026-07-23 18:34:23,Cell_34,2.222,33.242,41.95,174,0,1016
2026-07-23 18:34:23,Cell_35,2.122,25.479,39.98,161,0,1022
2026-07-23 18:34:23,Cell_36,2.221,30.025,41.99,90,0,1096
2026-07-23 18:34:23,Cell_37,2.233,26.994,41.14,120,0,1063
2026-07-23 18:34:23,Cell_38,2.073,29.625,75.0,153,2,956
2026-07-23 18:34:23,Cell_39,2.185,15.846,30.46,187,0,1001
2026-07-23 18:34:23,Cell_4,2.108,7.105,32.29,165,0,1029
2026-07-23 18:34:23,Cell_40,2.156,18.588,37.51,145,0,1041
2026-07-23 18:34:23,Cell_41,2.146,21.259,36.9,155,0,1031
2026-07-23 18:34:23,Cell_42,2.207,37.195,39.44,112,0,1084
2026-07-23 18:34:23,Cell_43,2.218,35.216,46.63,156,0,1035
2026-07-23 18:34:23,Cell_44,2.169,23.828,34.74,112,0,1084
2026-07-23 18:34:23,Cell_45,2.219,24.0,38.09,131,0,1062
2026-07-23 18:34:23,Cell_46,2.209,13.588,33.45,76,0,1109
2026-07-23 18:34:23,Cell_47,2.229,36.763,35.13,154,0,1035
2026-07-23 18:34:23,Cell_48,2.148,17.106,36.17,77,0,1105
2026-07-23 18:34:23,Cell_49,2.273,22.493,31.01,151,0,1037
2026-07-23 18:34:23,Cell_5,2.196,31.35,33.13,140,0,1055
2026-07-23 18:34:23,Cell_50,2.143,24.84,33.02,207,0,990
2026-07-23 18:34:23,Cell_51,2.224,18.192,30.91,160,0,1028
2026-07-23 18:34:23,Cell_52,2.188,16.51,30.35,62,0,1138
2026-07-23 18:34:23,Cell_53,2.274,22.085,34.65,147,0,1045
2026-07-23 18:34:23,Cell_54,2.111,17.321,36.77,130,0,1053
2026-07-23 18:34:23,Cell_55,2.228,29.977,39.11,194,0,1006
2026-07-23 18:34:23,Cell_6,2.128,22.75,33.79,143,0,1042
2026-07-23 18:34:23,Cell_7,2.168,43.839,41.67,159,0,1022
2026-07-23 18:34:23,Cell_8,2.137,38.965,62.92,110,1,1018
2026-07-23 18:34:23,Cell_9,2.272,17.137,29.2,93,0,1099
2026-07-23 18:36:23,Cell_1,2.248,34.622,37.73,202,0,983
2026-07-23 18:36:23,Cell_10,2.141,29.592,36.65,176,0,1014
2026-07-23 18:36:23,Cell_11,2.239,35.506,42.13,137,0,1050
2026-07-23 18:36:23,Cell_12,2.131,18.058,32.4,151,0,1037
2026-07-23 18:36:23,Cell_13,1.9,46.559,76.33,53,2,1110
2026-07-23 18:36:23,Cell_14,2.229,19.086,38.35,129,0,1069
2026-07-23 18:36:23,Cell_15,2.149,28.955,36.52,73,0,1123
2026-07-23 18:36:23,Cell_16,2.2,13.427,36.59,149,0,1051
2026-07-23 18:36:23,Cell_17,2.3,17.284,32.94,192,0,999
2026-07-23 18:36:23,Cell_18,2.205,17.856,34.13,160,0,1022
2026-07-23 18:36:23,Cell_19,2.178,34.659,33.21,132,0,1059
2026-07-23 18:36:23,Cell_2,2.109,31.598,36.44,134,0,1051
2026-07-23 18:36:23,Cell_20,2.264,17.985,36.4,147,0,1044
2026-07-23 18:36:23,Cell_21,2.148,44.76,44.51,60,0,1129
2026-07-23 18:36:23,Cell_22,2.172,5.458,21.6,166,0,1019
2026-07-23 18:36:23,Cell_23,2.149,28.055,39.98,163,0,1030
2026-07-23 18:36:23,Cell_24,2.034,21.439,61.92,185,1,915
2026-07-23 18:36:23,Cell_25,2.192,20.665,29.61,103,0,1080
2026-07-23 18:36:23,Cell_26,2.191,35.974,43.68,199,0,995
2026-07-23 18:36:23,Cell_27,2.267,30.068,33.97,113,0,1068
2026-07-23 18:36:23,Cell_28,2.138,20.479,35.06,117,0,1072
2026-07-23 18:36:23,Cell_29,2.3,29.264,39.79,95,0,1098
2026-07-23 18:36:23,Cell_3,2.145,15.616,36.41,188,0,998
2026-07-23 18:36:23,Cell_30,2.211,1.675,31.48,98,0,1098
2026-07-23 18:36:23,Cell_31,2.196,18.426,30.68,113,0,1069
2026-07-23 18:36:23,Cell_32,2.194,39.248,38.86,110,0,1084
2026-07-23 18:36:23,Cell_33,2.3,32.038,43.18,85,0,1115
2026-07-23 18:36:23,Cell_34,2.226,20.251,33.43,174,0,1013
2026-07-23 18:36:23,Cell_35,2.182,41.942,48.12,161,0,1034
2026-07-23 18:36:23,Cell_36,2.193,34.696,39.5,90,0,1092
2026-07-23 18:36:23,Cell_37,2.213,30.197,34.54,121,0,1062
2026-07-23 18:36:23,Cell_38,2.152,13.189,36.09,153,0,1047
2026-07-23 18:36:23,Cell_39,2.223,24.67,39.75,187,0,1001
2026-07-23 18:36:23,Cell_4,2.222,42.74,47.24,165,0,1029
2026-07-23 18:36:23,Cell_40,2.225,23.872,36.94,145,0,1054
2026-07-23 18:36:23,Cell_41,2.194,16.837,28.03,155,0,1042
2026-07-23 18:36:23,Cell_42,2.218,23.582,32.11,112,0,1075
2026-07-23 18:36:23,Cell_43,2.193,22.093,35.94,156,0,1028
2026-07-23 18:36:23,Cell_44,2.248,27.916,39.77,112,0,1076
2026-07-23 18:36:23,Cell_45,2.194,25.294,35.7,131,0,1061
2026-07-23 18:36:23,Cell_46,2.21,18.173,29.89,77,0,1109
2026-07-23 18:36:23,Cell_47,2.193,0.0,25.01,155,0,1036
2026-07-23 18:36:23,Cell_48,2.213,20.2,29.34,77,0,1110
2026-07-23 18:36:23,Cell_49,2.194,35.511,37.57,151,0,1048
2026-07-23 18:36:23,Cell_5,2.3,22.217,32.91,140,0,1051
2026-07-23 18:36:23,Cell_50,2.139,13.841,29.01,207,0,982
2026-07-23 18:36:23,Cell_51,2.278,29.12,40.32,160,0,1036
2026-07-23 18:36:23,Cell_52,2.141,33.265,36.55,62,0,1135
2026-07-23 18:36:23,Cell_53,2.21,21.61,35.77,147,0,1035
2026-07-23 18:36:23,Cell_54,2.17,19.476,31.11,130,0,1068
2026-07-23 18:36:23,Cell_55,2.104,22.801,35.37,195,0,991
2026-07-23 18:36:23,Cell_6,2.245,30.909,36.93,143,0,1040
2026-07-23 18:36:23,Cell_7,2.098,19.492,33.46,159,0,1028
2026-07-23 18:36:23,Cell_8,2.148,26.58,43.22,110,0,1084
2026-07-23 18:36:23,Cell_9,2.228,0.496,22.85,93,0,1090
2026-07-23 18:38:23,Cell_1,2.122,38.221,36.18,202,0,982
2026-07-23 18:38:23,Cell_10,2.177,26.698,33.97,176,0,1016
2026-07-23 18:38:23,Cell_11,2.261,24.278,38.82,137,0,1050
2026-07-23 18:38:23,Cell_12,2.151,46.721,44.36,151,0,1041
2026-07-23 18:38:23,Cell_13,2.197,29.397,35.78,53,0,1144
2026-07-23 18:38:23,Cell_14,2.188,11.421,30.59,129,0,1059
2026-07-23 18:38:23,Cell_15,2.164,29.398,35.99,74,0,1123
2026-07-23 18:38:23,Cell_16,2.172,8.671,30.53,150,0,1048
2026-07-23 18:38:23,Cell_17,2.089,12.788,69.26,192,1,908
2026-07-23 18:38:23,Cell_18,2.177,31.829,39.09,160,0,1026
2026-07-23 18:38:23,Cell_19,2.204,30.483,38.66,132,0,1067
2026-07-23 18:38:23,Cell_2,2.27,27.612,34.09,134,0,1054
2026-07-23 18:38:23,Cell_20,2.107,10.008,68.26,148,1,976
2026-07-23 18:38:23,Cell_21,2.222,7.041,30.1,60,0,1127
2026-07-23 18:38:23,Cell_22,2.208,21.477,26.04,166,0,1034
2026-07-23 18:38:23,Cell_23,2.255,18.049,28.52,163,0,1025
2026-07-23 18:38:23,Cell_24,2.269,25.134,38.18,185,0,1011
2026-07-23 18:38:23,Cell_25,2.254,21.245,33.62,103,0,1095
2026-07-23 18:38:23,Cell_26,2.18,31.576,40.03,199,0,989
2026-07-23 18:38:23,Cell_27,2.183,30.085,39.13,113,0,1074
2026-07-23 18:38:23,Cell_28,2.236,12.842,31.91,117,0,1071
2026-07-23 18:38:23,Cell_29,2.283,35.535,43.43,95,0,1091
2026-07-23 18:38:23,Cell_3,2.236,20.423,33.88,188,0,994
2026-07-23 18:38:23,Cell_30,1.9,27.821,75.0,98,2,1034
2026-07-23 18:38:23,Cell_31,2.203,36.393,43.31,113,0,1079
2026-07-23 18:38:23,Cell_32,2.204,33.535,40.78,110,0,1082
2026-07-23 18:38:23,Cell_33,2.179,46.643,42.25,85,0,1110
2026-07-23 18:38:23,Cell_34,2.143,28.915,34.79,174,0,1009
2026-07-23 18:38:23,Cell_35,2.197,19.048,26.6,161,0,1030
2026-07-23 18:38:23,Cell_36,2.244,17.304,33.18,90,0,1106
2026-07-23 18:38:23,Cell_37,2.229,35.898,39.92,121,0,1067
2026-07-23 18:38:23,Cell_38,2.286,16.676,34.62,153,0,1037
2026-07-23 18:38:23,Cell_39,1.897,37.691,82.94,187,2,907
2026-07-23 18:38:23,Cell_4,2.123,18.526,36.67,165,0,1023
2026-07-23 18:38:23,Cell_40,2.234,31.162,37.26,146,0,1037
2026-07-23 18:38:23,Cell_41,2.137,31.428,36.09,155,0,1031
2026-07-23 18:38:23,Cell_42,2.213,17.987,29.1,112,0,1079
2026-07-23 18:38:23,Cell_43,2.092,39.159,65.87,156,1,948
2026-07-23 18:38:23,Cell_44,2.241,22.164,33.21,112,0,1078
2026-07-23 18:38:23,Cell_45,2.213,15.563,37.1,131,0,1058
2026-07-23 18:38:23,Cell_46,2.293,35.665,41.21,77,0,1106
2026-07-23 18:38:23,Cell_47,2.241,12.099,36.94,155,0,1031
2026-07-23 18:38:23,Cell_48,2.127,34.173,40.21,77,0,1116
2026-07-23 18:38:23,Cell_49,2.204,23.564,30.53,151,0,1034
2026-07-23 18:38:23,Cell_5,2.166,37.573,42.13,140,0,1041
2026-07-23 18:38:23,Cell_50,2.182,27.082,40.06,207,0,991
2026-07-23 18:38:23,Cell_51,2.145,28.876,41.72,160,0,1032
2026-07-23 18:38:23,Cell_52,2.25,31.481,43.26,62,0,1137
2026-07-23 18:38:23,Cell_53,2.258,17.894,29.23,147,0,1049
2026-07-23 18:38:23,Cell_54,2.172,18.942,30.28,130,0,1055
2026-07-23 18:38:23,Cell_55,2.252,22.491,34.51,196,0,995
2026-07-23 18:38:23,Cell_6,2.189,42.021,40.58,143,0,1051
2026-07-23 18:38:23,Cell_7,2.223,22.335,35.62,159,0,1038
2026-07-23 18:38:23,Cell_8,2.213,7.462,26.59,110,0,1088
2026-07-23 18:38:23,Cell_9,2.3,24.442,38.25,93,0,1105
2026-07-23 18:40:23,Cell_1,2.154,7.602,26.35,202,0,988
2026-07-23 18:40:23,Cell_10,2.3,25.999,32.87,176,0,1014
2026-07-23 18:40:23,Cell_11,2.3,28.871,42.34,137,0,1056
2026-07-23 18:40:23,Cell_12,2.171,16.586,32.67,151,0,1037
2026-07-23 18:40:23,Cell_13,2.183,12.808,32.99,53,0,1145
2026-07-23 18:40:23,Cell_14,2.037,9.59,60.0,129,1,1060
2026-07-23 18:40:23,Cell_15,2.192,27.13,33.97,74,0,1119
2026-07-23 18:40:23,Cell_16,2.272,33.1,40.39,150,0,1034
2026-07-23 18:40:23,Cell_17,2.191,9.813,32.38,192,0,989
2026-07-23 18:40:23,Cell_18,2.203,0.204,27.17,160,0,1034
2026-07-23 18:40:23,Cell_19,2.211,30.459,37.15,132,0,1054
2026-07-23 18:40:23,Cell_2,2.243,12.052,26.24,134,0,1065
2026-07-23 18:40:23,Cell_20,2.087,29.218,41.39,148,0,1050
2026-07-23 18:40:23,Cell_21,2.264,31.989,42.14,60,0,1130
2026-07-23 18:40:23,Cell_22,2.136,16.463,30.68,167,0,1032
2026-07-23 18:40:23,Cell_23,2.184,32.533,26.53,163,0,1020
2026-07-23 18:40:23,Cell_24,2.159,22.773,34.3,185,0,1011
2026-07-23 18:40:23,Cell_25,2.196,13.145,32.64,103,0,1093
2026-07-23 18:40:23,Cell_26,2.165,23.548,35.4,199,0,994
2026-07-23 18:40:23,Cell_27,2.219,24.144,33.25,113,0,1074
2026-07-23 18:40:23,Cell_28,2.228,24.762,36.68,117,0,1069
2026-07-23 18:40:23,Cell_29,2.238,8.772,29.82,95,0,1096
2026-07-23 18:40:23,Cell_3,2.195,19.835,28.11,188,0,1008
2026-07-23 18:40:23,Cell_30,2.244,25.623,38.56,98,0,1098
2026-07-23 18:40:23,Cell_31,2.186,30.748,37.04,113,0,1080
2026-07-23 18:40:23,Cell_32,2.232,24.467,34.98,110,0,1074
2026-07-23 18:40:23,Cell_33,2.253,28.267,36.8,85,0,1106
2026-07-23 18:40:23,Cell_34,2.19,28.392,45.5,174,0,1008
2026-07-23 18:40:23,Cell_35,2.268,38.873,37.96,161,0,1037
2026-07-23 18:40:23,Cell_36,2.252,41.712,42.66,90,0,1095
2026-07-23 18:40:23,Cell_37,2.196,25.284,42.28,121,0,1065
2026-07-23 18:40:23,Cell_38,2.156,39.828,42.54,153,0,1037
2026-07-23 18:40:23,Cell_39,2.148,26.713,36.53,188,0,1010
2026-07-23 18:40:23,Cell_4,2.221,33.41,39.42,165,0,1035
2026-07-23 18:40:23,Cell_40,2.137,32.942,44.68,146,0,1053
2026-07-23 18:40:23,Cell_41,2.192,25.614,40.0,156,0,1028
2026-07-23 18:40:23,Cell_42,2.201,30.034,38.44,112,0,1080
2026-07-23 18:40:23,Cell_43,2.249,29.687,38.07,156,0,1034
2026-07-23 18:40:23,Cell_44,2.155,40.371,41.87,112,0,1087
2026-07-23 18:40:23,Cell_45,2.255,34.662,41.17,131,0,1062
2026-07-23 18:40:23,Cell_46,2.233,34.938,37.47,77,0,1104
2026-07-23 18:40:23,Cell_47,2.146,34.231,36.05,155,0,1040
2026-07-23 18:40:23,Cell_48,2.206,47.275,41.82,77,0,1117
2026-07-23 18:40:23,Cell_49,2.264,23.014,33.78,151,0,1042
2026-07-23 18:40:23,Cell_5,2.096,41.745,50.19,140,0,1046
2026-07-23 18:40:23,Cell_50,2.111,29.708,36.48,207,0,980
2026-07-23 18:40:23,Cell_51,2.171,39.884,43.88,160,0,1023
2026-07-23 18:40:23,Cell_52,2.179,12.202,31.62,62,0,1138
2026-07-23 18:40:23,Cell_53,2.151,39.403,39.72,147,0,1041
2026-07-23 18:40:23,Cell_54,2.185,36.07,44.65,130,0,1063
2026-07-23 18:40:23,Cell_55,2.17,31.638,36.17,197,0,992
2026-07-23 18:40:23,Cell_6,2.15,18.762,28.38,143,0,1050
2026-07-23 18:40:23,Cell_7,2.21,19.302,37.35,160,0,1024
2026-07-23 18:40:23,Cell_8,2.104,31.868,64.23,110,1,1024
2026-07-23 18:40:23,Cell_9,2.253,6.187,30.12,93,0,1097
2026-07-23 18:42:23,Cell_1,2.139,33.923,38.69,202,0,992
2026-07-23 18:42:23,Cell_10,2.214,31.102,39.45,176,0,1018
2026-07-23 18:42:23,Cell_11,2.17,36.44,37.76,137,0,1047
2026-07-23 18:42:23,Cell_12,2.188,27.842,39.68,151,0,1037
2026-07-23 18:42:23,Cell_13,2.227,14.926,30.84,53,0,1133
2026-07-23 18:42:23,Cell_14,2.254,28.992,36.58,129,0,1064
2026-07-23 18:42:23,Cell_15,2.208,33.807,36.91,74,0,1122
2026-07-23 18:42:23,Cell_16,2.159,23.386,35.39,150,0,1048
2026-07-23 18:42:23,Cell_17,2.165,16.078,31.26,192,0,994
2026-07-23 18:42:23,Cell_18,2.207,16.116,29.49,160,0,1035
2026-07-23 18:42:23,Cell_19,2.204,18.278,37.18,132,0,1054
2026-07-23 18:42:23,Cell_2,2.207,37.992,40.86,134,0,1062
2026-07-23 18:42:23,Cell_20,1.9,44.566,86.13,148,2,961
2026-07-23 18:42:23,Cell_21,2.226,24.703,35.99,60,0,1127
2026-07-23 18:42:23,Cell_22,2.271,22.198,34.13,167,0,1024
2026-07-23 18:42:23,Cell_23,2.208,13.289,34.16,163,0,1028
2026-07-23 18:42:23,Cell_24,2.238,13.815,33.86,185,0,1004
2026-07-23 18:42:23,Cell_25,2.237,31.676,36.23,103,0,1085
2026-07-23 18:42:23,Cell_26,2.193,6.796,29.89,199,0,995
2026-07-23 18:42:23,Cell_27,2.257,31.823,39.25,113,0,1071
2026-07-23 18:42:23,Cell_28,2.113,21.601,36.01,117,0,1074
2026-07-23 18:42:23,Cell_29,2.298,18.698,33.01,95,0,1086
2026-07-23 18:42:23,Cell_3,2.093,21.566,36.56,188,0,994
2026-07-23 18:42:23,Cell_30,2.259,15.957,35.24,98,0,1085
2026-07-23 18:42:23,Cell_31,2.248,19.057,34.15,113,0,1073
2026-07-23 18:42:23,Cell_32,2.3,21.782,29.67,110,0,1076
2026-07-23 18:42:23,Cell_33,2.151,33.637,37.29,85,0,1103
2026-07-23 18:42:23,Cell_34,2.171,29.74,41.77,174,0,1014
2026-07-23 18:42:23,Cell_35,2.3,9.033,35.08,161,0,1026
2026-07-23 18:42:23,Cell_36,2.211,28.486,31.96,90,0,1107
2026-07-23 18:42:23,Cell_37,2.203,29.287,31.44,121,0,1067
2026-07-23 18:42:23,Cell_38,2.118,35.412,61.84,153,1,968
2026-07-23 18:42:23,Cell_39,2.094,9.672,28.57,188,0,1006
2026-07-23 18:42:23,Cell_4,2.289,32.564,38.1,165,0,1031
2026-07-23 18:42:23,Cell_40,2.18,32.024,37.81,146,0,1051
2026-07-23 18:42:23,Cell_41,2.196,34.14,37.58,156,0,1039
2026-07-23 18:42:23,Cell_42,2.045,35.293,64.13,112,1,1015
2026-07-23 18:42:23,Cell_43,2.201,0.431,29.56,156,0,1035
2026-07-23 18:42:23,Cell_44,2.179,21.427,35.13,112,0,1073
2026-07-23 18:42:23,Cell_45,1.899,43.371,86.48,131,2,1001
2026-07-23 18:42:23,Cell_46,2.252,23.711,38.2,78,0,1103
2026-07-23 18:42:23,Cell_47,2.136,31.593,35.37,155,0,1044
2026-07-23 18:42:23,Cell_48,2.187,16.699,32.27,77,0,1108
2026-07-23 18:42:23,Cell_49,2.19,21.306,35.7,151,0,1045
2026-07-23 18:42:23,Cell_5,2.261,24.801,37.05,140,0,1054
2026-07-23 18:42:23,Cell_50,2.133,16.036,34.42,207,0,984
2026-07-23 18:42:23,Cell_51,2.195,34.167,44.28,160,0,1038
2026-07-23 18:42:23,Cell_52,2.179,28.024,38.21,62,0,1124
2026-07-23 18:42:23,Cell_53,1.9,35.29,78.54,147,2,978
2026-07-23 18:42:23,Cell_54,2.101,25.183,39.79,130,0,1054
2026-07-23 18:42:23,Cell_55,2.2,9.729,33.75,197,0,1001
2026-07-23 18:42:23,Cell_6,2.3,30.828,38.48,143,0,1053
2026-07-23 18:42:23,Cell_7,2.257,29.581,34.81,161,0,1033
2026-07-23 18:42:23,Cell_8,2.251,27.938,42.69,110,0,1085
2026-07-23 18:42:23,Cell_9,2.254,30.972,39.13,93,0,1090
2026-07-23 18:44:23,Cell_1,2.233,15.984,33.03,202,0,983
2026-07-23 18:44:23,Cell_10,2.174,36.991,39.88,176,0,1006
2026-07-23 18:44:23,Cell_11,2.3,30.07,31.74,137,0,1054
2026-07-23 18:44:23,Cell_12,2.123,32.815,43.18,151,0,1045
2026-07-23 18:44:23,Cell_13,2.143,28.023,34.66,53,0,1142
2026-07-23 18:44:23,Cell_14,2.215,30.096,33.65,129,0,1057
2026-07-23 18:44:23,Cell_15,2.19,29.236,37.48,74,0,1115
2026-07-23 18:44:23,Cell_16,2.151,50.0,42.44,150,0,1031
2026-07-23 18:44:23,Cell_17,2.207,15.495,28.75,192,0,1006
2026-07-23 18:44:23,Cell_18,2.19,31.762,43.96,160,0,1028
2026-07-23 18:44:23,Cell_19,2.288,34.503,38.44,132,0,1058
2026-07-23 18:44:23,Cell_2,2.214,31.837,35.21,134,0,1065
2026-07-23 18:44:23,Cell_20,2.115,34.125,39.36,148,0,1043
2026-07-23 18:44:23,Cell_21,2.174,11.471,27.66,60,0,1128
2026-07-23 18:44:23,Cell_22,2.216,31.274,39.71,167,0,1020
2026-07-23 18:44:23,Cell_23,2.3,47.455,48.43,163,0,1037
2026-07-23 18:44:23,Cell_24,2.16,33.378,45.47,186,0,1012
2026-07-23 18:44:23,Cell_25,2.202,31.007,36.87,103,0,1090
2026-07-23 18:44:23,Cell_26,2.17,7.857,28.0,199,0,998
2026-07-23 18:44:23,Cell_27,2.3,6.185,28.81,113,0,1073
2026-07-23 18:44:23,Cell_28,2.241,33.322,41.0,117,0,1068
2026-07-23 18:44:23,Cell_29,2.231,6.783,27.48,95,0,1102
2026-07-23 18:44:23,Cell_3,2.075,29.587,40.41,188,0,1001
2026-07-23 18:44:23,Cell_30,2.226,16.994,34.08,98,0,1097
2026-07-23 18:44:23,Cell_31,2.17,11.213,34.93,113,0,1082
2026-07-23 18:44:23,Cell_32,2.193,24.245,28.02,110,0,1075
2026-07-23 18:44:23,Cell_33,2.217,32.948,39.21,85,0,1110
2026-07-23 18:44:23,Cell_34,2.151,26.158,33.36,174,0,1017
2026-07-23 18:44:23,Cell_35,2.171,46.67,45.21,161,0,1031
2026-07-23 18:44:23,Cell_36,2.224,27.162,37.2,90,0,1102
2026-07-23 18:44:23,Cell_37,2.242,16.42,37.0,121,0,1067
2026-07-23 18:44:23,Cell_38,2.223,33.229,43.88,153,0,1030
2026-07-23 18:44:23,Cell_39,2.117,35.955,38.87,188,0,1007
2026-07-23 18:44:23,Cell_4,2.116,33.557,42.0,165,0,1027
2026-07-23 18:44:23,Cell_40,2.175,17.652,31.95,146,0,1039
2026-07-23 18:44:23,Cell_41,2.19,37.096,38.96,156,0,1034
2026-07-23 18:44:23,Cell_42,2.058,15.824,60.0,112,1,1085
2026-07-23 18:44:23,Cell_43,2.147,32.02,60.0,156,1,1029
2026-07-23 18:44:23,Cell_44,2.225,8.834,24.2,113,0,1083
2026-07-23 18:44:23,Cell_45,2.178,17.888,36.56,131,0,1057
2026-07-23 18:44:23,Cell_46,2.187,3.176,28.61,79,0,1103
2026-07-23 18:44:23,Cell_47,2.184,17.143,31.24,155,0,1045
2026-07-23 18:44:23,Cell_48,2.165,17.096,34.29,77,0,1116
2026-07-23 18:44:23,Cell_49,2.139,20.397,33.79,151,0,1041
2026-07-23 18:44:23,Cell_5,2.257,25.952,35.82,140,0,1043
2026-07-23 18:44:23,Cell_50,2.215,29.016,36.54,207,0,983
2026-07-23 18:44:23,Cell_51,2.098,20.051,68.39,160,1,950
2026-07-23 18:44:23,Cell_52,2.297,25.131,34.61,62,0,1131
2026-07-23 18:44:23,Cell_53,2.204,36.974,39.64,147,0,1044
2026-07-23 18:44:23,Cell_54,2.295,33.261,39.51,130,0,1064
2026-07-23 18:44:23,Cell_55,2.219,35.26,46.87,197,0,986
2026-07-23 18:44:23,Cell_6,2.218,20.871,34.13,143,0,1053
2026-07-23 18:44:23,Cell_7,2.245,33.683,41.35,161,0,1026
2026-07-23 18:44:23,Cell_8,2.208,9.0,31.07,110,0,1088
2026-07-23 18:44:23,Cell_9,2.213,14.766,30.43,93,0,1100
2026-07-23 18:46:23,Cell_1,2.138,12.945,32.1,202,0,987
2026-07-23 18:46:23,Cell_10,2.113,12.98,31.44,176,0,1008
2026-07-23 18:46:23,Cell_11,2.245,46.21,41.37,137,0,1059
2026-07-23 18:46:23,Cell_12,2.175,24.779,32.22,151,0,1033
2026-07-23 18:46:23,Cell_13,2.186,47.758,65.38,53,1,1114
2026-07-23 18:46:23,Cell_14,2.206,10.381,30.32,129,0,1066
2026-07-23 18:46:23,Cell_15,2.3,35.695,44.68,74,0,1123
2026-07-23 18:46:23,Cell_16,2.221,44.215,44.73,150,0,1040
2026-07-23 18:46:23,Cell_17,2.271,26.607,34.8,192,0,999
2026-07-23 18:46:23,Cell_18,2.232,23.492,41.44,160,0,1030
2026-07-23 18:46:23,Cell_19,2.182,21.048,37.91,132,0,1066
2026-07-23 18:46:23,Cell_2,2.175,14.08,32.61,134,0,1051
2026-07-23 18:46:23,Cell_20,2.287,21.121,32.57,148,0,1040
2026-07-23 18:46:23,Cell_21,2.264,17.555,27.33,60,0,1137
2026-07-23 18:46:23,Cell_22,2.17,39.156,43.23,167,0,1018
2026-07-23 18:46:23,Cell_23,2.24,40.056,37.24,164,0,1023
2026-07-23 18:46:23,Cell_24,2.224,40.845,41.94,186,0,1001
2026-07-23 18:46:23,Cell_25,2.219,22.333,35.0,104,0,1084
2026-07-23 18:46:23,Cell_26,2.137,41.556,64.34,199,1,890
2026-07-23 18:46:23,Cell_27,2.228,24.259,33.98,113,0,1073
2026-07-23 18:46:23,Cell_28,2.28,16.935,32.08,117,0,1080
2026-07-23 18:46:23,Cell_29,2.198,19.944,33.79,95,0,1093
2026-07-23 18:46:23,Cell_3,2.144,25.619,40.93,188,0,994
2026-07-23 18:46:23,Cell_30,2.156,22.701,36.52,98,0,1086
2026-07-23 18:46:23,Cell_31,2.183,26.975,40.93,113,0,1085
2026-07-23 18:46:23,Cell_32,2.19,17.748,33.83,110,0,1078
2026-07-23 18:46:23,Cell_33,2.216,22.777,30.68,85,0,1111
2026-07-23 18:46:23,Cell_34,2.19,6.171,27.9,174,0,1011
2026-07-23 18:46:23,Cell_35,2.297,21.329,36.84,161,0,1022
2026-07-23 18:46:23,Cell_36,2.235,21.692,33.24,90,0,1107
2026-07-23 18:46:23,Cell_37,2.293,27.491,37.18,121,0,1074
2026-07-23 18:46:23,Cell_38,2.201,15.496,34.65,153,0,1045
2026-07-23 18:46:23,Cell_39,2.188,39.178,36.26,188,0,1012
2026-07-23 18:46:23,Cell_4,2.205,3.819,30.45,165,0,1029
2026-07-23 18:46:23,Cell_40,2.255,11.651,27.17,146,0,1046
2026-07-23 18:46:23,Cell_41,2.12,20.746,33.79,156,0,1026
2026-07-23 18:46:23,Cell_42,1.9,41.9,83.15,112,2,1017
2026-07-23 18:46:23,Cell_43,2.2,30.055,37.7,156,0,1041
2026-07-23 18:46:23,Cell_44,2.252,20.662,30.65,113,0,1070
2026-07-23 18:46:23,Cell_45,2.234,0.0,21.16,131,0,1063
2026-07-23 18:46:23,Cell_46,2.232,22.651,36.23,79,0,1105
2026-07-23 18:46:23,Cell_47,2.233,29.748,35.73,155,0,1029
2026-07-23 18:46:23,Cell_48,2.152,28.607,37.62,77,0,1113
2026-07-23 18:46:23,Cell_49,2.141,26.273,33.26,151,0,1034
2026-07-23 18:46:23,Cell_5,2.169,32.771,35.62,140,0,1050
2026-07-23 18:46:23,Cell_50,2.28,26.614,40.58,207,0,978
2026-07-23 18:46:23,Cell_51,2.105,19.33,73.95,160,1,945
2026-07-23 18:46:23,Cell_52,2.279,31.874,38.52,62,0,1121
2026-07-23 18:46:23,Cell_53,2.202,26.435,36.06,147,0,1046
2026-07-23 18:46:23,Cell_54,2.211,27.889,37.49,130,0,1068
2026-07-23 18:46:23,Cell_55,2.242,23.903,33.74,198,0,998
2026-07-23 18:46:23,Cell_6,2.073,20.947,31.25,143,0,1054
2026-07-23 18:46:23,Cell_7,2.185,18.736,36.01,161,0,1028
2026-07-23 18:46:23,Cell_8,2.203,3.604,28.89,110,0,1081
2026-07-23 18:46:23,Cell_9,2.232,24.303,32.84,93,0,1088
2026-07-23 18:48:23,Cell_1,2.241,11.203,31.31,202,0,987
2026-07-23 18:48:23,Cell_10,2.253,24.865,37.23,177,0,1015
2026-07-23 18:48:23,Cell_11,2.064,29.966,68.24,137,1,977
2026-07-23 18:48:23,Cell_12,2.285,32.189,40.5,151,0,1038
2026-07-23 18:48:23,Cell_13,2.19,10.011,33.62,53,0,1139
2026-07-23 18:48:23,Cell_14,2.254,16.78,38.05,129,0,1068
2026-07-23 18:48:23,Cell_15,2.3,34.567,38.0,74,0,1119
2026-07-23 18:48:23,Cell_16,2.111,8.8,28.21,150,0,1036
2026-07-23 18:48:23,Cell_17,2.189,25.077,38.22,192,0,990
2026-07-23 18:48:23,Cell_18,2.221,31.199,37.44,160,0,1040
2026-07-23 18:48:23,Cell_19,2.23,29.91,44.04,132,0,1056
2026-07-23 18:48:23,Cell_2,2.299,32.476,42.41,134,0,1052
2026-07-23 18:48:23,Cell_20,2.216,28.22,36.9,148,0,1038
2026-07-23 18:48:23,Cell_21,1.9,38.062,87.29,60,2,1106
2026-07-23 18:48:23,Cell_22,2.16,17.765,36.61,168,0,1023
2026-07-23 18:48:23,Cell_23,2.222,19.571,34.33,164,0,1025
2026-07-23 18:48:23,Cell_24,2.237,25.932,39.19,186,0,1012
2026-07-23 18:48:23,Cell_25,2.16,25.097,38.59,104,0,1079
2026-07-23 18:48:23,Cell_26,2.246,23.825,36.46,199,0,985
2026-07-23 18:48:23,Cell_27,2.19,34.264,32.65,113,0,1072
2026-07-23 18:48:23,Cell_28,2.213,29.179,36.95,117,0,1072
2026-07-23 18:48:23,Cell_29,2.182,39.212,42.49,95,0,1092
2026-07-23 18:48:23,Cell_3,2.22,23.829,35.21,188,0,1012
2026-07-23 18:48:23,Cell_30,2.205,15.579,36.44,98,0,1101
2026-07-23 18:48:23,Cell_31,2.3,34.585,41.54,113,0,1078
2026-07-23 18:48:23,Cell_32,2.253,19.443,27.83,110,0,1086
2026-07-23 18:48:23,Cell_33,2.195,19.38,38.35,85,0,1114
2026-07-23 18:48:23,Cell_34,2.225,29.384,29.51,174,0,1024
2026-07-23 18:48:23,Cell_35,2.262,27.865,39.61,161,0,1030
2026-07-23 18:48:23,Cell_36,2.277,24.195,36.27,90,0,1104
2026-07-23 18:48:23,Cell_37,2.2,19.558,35.83,121,0,1063
2026-07-23 18:48:23,Cell_38,2.164,36.295,36.32,153,0,1032
2026-07-23 18:48:23,Cell_39,2.294,19.898,35.11,188,0,993
2026-07-23 18:48:23,Cell_4,2.24,20.776,36.09,166,0,1032
2026-07-23 18:48:23,Cell_40,2.249,22.577,36.45,146,0,1035
2026-07-23 18:48:23,Cell_41,2.139,21.592,34.91,156,0,1033
2026-07-23 18:48:23,Cell_42,2.265,39.545,41.04,113,0,1087
2026-07-23 18:48:23,Cell_43,2.179,44.73,43.31,156,0,1035
2026-07-23 18:48:23,Cell_44,2.248,26.082,37.0,113,0,1080
2026-07-23 18:48:23,Cell_45,2.231,17.284,33.71,131,0,1057
2026-07-23 18:48:23,Cell_46,2.186,29.664,38.59,79,0,1111
2026-07-23 18:48:23,Cell_47,2.204,10.708,33.4,155,0,1045
2026-07-23 18:48:23,Cell_48,2.211,29.759,34.81,77,0,1108
2026-07-23 18:48:23,Cell_49,2.049,50.0,43.97,151,0,1046
2026-07-23 18:48:23,Cell_5,2.17,28.617,35.04,141,0,1058
2026-07-23 18:48:23,Cell_50,2.223,24.83,36.39,207,0,983
2026-07-23 18:48:23,Cell_51,2.149,22.492,33.74,160,0,1027
2026-07-23 18:48:23,Cell_52,2.191,23.566,31.8,62,0,1128
2026-07-23 18:48:23,Cell_53,2.276,30.351,39.16,147,0,1046
2026-07-23 18:48:23,Cell_54,2.133,20.022,33.83,130,0,1068
2026-07-23 18:48:23,Cell_55,2.165,47.575,45.3,198,0,989
2026-07-23 18:48:23,Cell_6,1.828,40.25,79.16,143,2,969
2026-07-23 18:48:23,Cell_7,2.166,10.102,28.4,161,0,1022
2026-07-23 18:48:23,Cell_8,2.238,27.943,38.46,110,0,1088
2026-07-23 18:48:23,Cell_9,2.222,31.013,30.61,93,0,1095
2026-07-23 18:50:23,Cell_1,2.054,28.275,36.18,202,0,988
2026-07-23 18:50:23,Cell_10,2.171,24.349,34.89,177,0,1009
2026-07-23 18:50:23,Cell_11,2.152,27.062,36.91,137,0,1058
2026-07-23 18:50:23,Cell_12,2.142,1.906,32.57,151,0,1033
2026-07-23 18:50:23,Cell_13,2.286,24.379,35.38,53,0,1132
2026-07-23 18:50:23,Cell_14,2.179,29.497,36.63,129,0,1065
2026-07-23 18:50:23,Cell_15,2.269,30.358,39.28,74,0,1120
2026-07-23 18:50:23,Cell_16,2.236,24.687,37.26,150,0,1046
2026-07-23 18:50:23,Cell_17,2.198,18.16,34.22,192,0,997
2026-07-23 18:50:23,Cell_18,2.252,14.933,29.43,160,0,1035
2026-07-23 18:50:23,Cell_19,2.26,17.563,32.29,132,0,1064
2026-07-23 18:50:23,Cell_2,2.132,5.106,31.38,134,0,1057
2026-07-23 18:50:23,Cell_20,2.173,43.827,38.97,148,0,1034
2026-07-23 18:50:23,Cell_21,1.9,48.484,88.02,60,2,1094
2026-07-23 18:50:23,Cell_22,2.185,24.074,36.62,168,0,1025
2026-07-23 18:50:23,Cell_23,2.109,14.541,34.14,164,0,1034
2026-07-23 18:50:23,Cell_24,2.105,16.433,36.11,186,0,1007
2026-07-23 18:50:23,Cell_25,2.189,30.464,43.14,104,0,1078
2026-07-23 18:50:23,Cell_26,2.186,23.288,40.18,199,0,999
2026-07-23 18:50:23,Cell_27,2.224,45.655,46.8,113,0,1073
2026-07-23 18:50:23,Cell_28,2.3,23.914,31.52,118,0,1070
2026-07-23 18:50:23,Cell_29,2.184,26.303,33.27,95,0,1103
2026-07-23 18:50:23,Cell_3,2.119,39.957,63.45,188,1,903
2026-07-23 18:50:23,Cell_30,2.103,25.886,36.48,98,0,1094
2026-07-23 18:50:23,Cell_31,2.286,11.272,29.02,113,0,1079
2026-07-23 18:50:23,Cell_32,2.185,10.083,29.72,111,0,1085
2026-07-23 18:50:23,Cell_33,2.177,18.563,39.04,85,0,1102
2026-07-23 18:50:23,Cell_34,2.206,34.079,37.72,174,0,1016
2026-07-23 18:50:23,Cell_35,2.232,22.689,35.91,161,0,1037
2026-07-23 18:50:23,Cell_36,2.228,27.628,37.05,90,0,1100
2026-07-23 18:50:23,Cell_37,2.149,30.17,39.77,121,0,1075
2026-07-23 18:50:23,Cell_38,2.182,21.796,30.25,153,0,1037
2026-07-23 18:50:23,Cell_39,2.159,33.398,36.03,188,0,996
2026-07-23 18:50:23,Cell_4,2.232,39.919,47.68,166,0,1028
2026-07-23 18:50:23,Cell_40,2.136,21.052,38.7,146,0,1045
2026-07-23 18:50:23,Cell_41,2.22,38.879,47.02,156,0,1035
2026-07-23 18:50:23,Cell_42,2.172,6.15,32.46,113,0,1081
2026-07-23 18:50:23,Cell_43,2.264,11.3,32.26,156,0,1037
2026-07-23 18:50:23,Cell_44,2.223,33.855,43.4,113,0,1076
2026-07-23 18:50:23,Cell_45,2.232,17.17,35.1,132,0,1059
2026-07-23 18:50:23,Cell_46,2.3,27.185,36.19,79,0,1113
2026-07-23 18:50:23,Cell_47,2.172,14.078,31.3,155,0,1034
2026-07-23 18:50:23,Cell_48,2.161,14.866,35.81,77,0,1106
2026-07-23 18:50:23,Cell_49,2.174,26.141,36.01,151,0,1048
2026-07-23 18:50:23,Cell_5,2.119,21.323,43.03,141,0,1050
2026-07-23 18:50:23,Cell_50,2.146,17.875,36.65,207,0,987
2026-07-23 18:50:23,Cell_51,2.295,13.515,32.63,160,0,1033
2026-07-23 18:50:23,Cell_52,2.151,22.706,31.82,62,0,1121
2026-07-23 18:50:23,Cell_53,2.251,0.0,27.82,147,0,1048
2026-07-23 18:50:23,Cell_54,2.207,25.472,36.27,130,0,1058
2026-07-23 18:50:23,Cell_55,2.2,16.317,30.5,198,0,1002
2026-07-23 18:50:23,Cell_6,2.171,21.274,31.67,143,0,1050
2026-07-23 18:50:23,Cell_7,2.105,29.233,38.57,161,0,1023
2026-07-23 18:50:23,Cell_8,2.145,34.524,46.63,110,0,1077
2026-07-23 18:50:23,Cell_9,2.289,32.268,42.33,93,0,1099
2026-07-23 18:52:23,Cell_1,2.268,41.295,45.04,202,0,985
2026-07-23 18:52:23,Cell_10,2.151,23.197,30.3,177,0,1004
2026-07-23 18:52:23,Cell_11,2.213,19.161,37.22,137,0,1049
2026-07-23 18:52:23,Cell_12,2.251,8.047,27.97,151,0,1044
2026-07-23 18:52:23,Cell_13,2.18,17.945,36.08,53,0,1129
2026-07-23 18:52:23,Cell_14,2.221,24.213,34.76,129,0,1055
2026-07-23 18:52:23,Cell_15,2.155,17.556,32.07,74,0,1125
2026-07-23 18:52:23,Cell_16,2.195,30.344,37.42,150,0,1041
2026-07-23 18:52:23,Cell_17,2.19,38.388,45.21,192,0,997
2026-07-23 18:52:23,Cell_18,2.158,34.454,44.03,160,0,1040
2026-07-23 18:52:23,Cell_19,2.243,43.495,50.01,132,0,1061
2026-07-23 18:52:23,Cell_2,2.238,24.999,32.1,134,0,1047
2026-07-23 18:52:23,Cell_20,2.207,14.913,38.25,148,0,1043
2026-07-23 18:52:23,Cell_21,2.218,20.298,30.83,60,0,1132
2026-07-23 18:52:23,Cell_22,2.174,38.479,42.79,168,0,1022
2026-07-23 18:52:23,Cell_23,2.147,29.979,39.89,164,0,1027
2026-07-23 18:52:23,Cell_24,2.128,26.294,39.5,186,0,1000
2026-07-23 18:52:23,Cell_25,2.266,25.81,30.83,104,0,1087
2026-07-23 18:52:23,Cell_26,2.198,34.124,40.34,199,0,1001
2026-07-23 18:52:23,Cell_27,2.067,24.196,72.04,114,1,1020
2026-07-23 18:52:23,Cell_28,2.13,20.949,66.79,118,1,1005
2026-07-23 18:52:23,Cell_29,2.169,21.374,75.0,95,2,1047
2026-07-23 18:52:23,Cell_3,2.214,27.992,34.13,188,0,1009
2026-07-23 18:52:23,Cell_30,2.208,33.959,42.44,98,0,1084
2026-07-23 18:52:23,Cell_31,2.223,21.669,35.5,113,0,1076
2026-07-23 18:52:23,Cell_32,2.207,21.613,34.26,111,0,1086
2026-07-23 18:52:23,Cell_33,2.126,23.917,61.92,85,1,1065
2026-07-23 18:52:23,Cell_34,2.167,18.602,31.51,174,0,1020
2026-07-23 18:52:23,Cell_35,2.163,13.913,34.48,161,0,1036
2026-07-23 18:52:23,Cell_36,2.186,35.132,40.1,90,0,1098
2026-07-23 18:52:23,Cell_37,2.217,40.937,42.35,121,0,1076
2026-07-23 18:52:23,Cell_38,2.279,22.325,36.76,153,0,1028
2026-07-23 18:52:23,Cell_39,2.156,29.905,38.21,188,0,994
2026-07-23 18:52:23,Cell_4,2.159,24.497,35.65,166,0,1020
2026-07-23 18:52:23,Cell_40,2.11,11.581,31.96,146,0,1050
2026-07-23 18:52:23,Cell_41,2.3,32.888,40.96,156,0,1043
2026-07-23 18:52:23,Cell_42,2.132,18.171,32.67,113,0,1068
2026-07-23 18:52:23,Cell_43,2.299,9.169,20.89,156,0,1035
2026-07-23 18:52:23,Cell_44,2.23,21.062,34.33,113,0,1087
2026-07-23 18:52:23,Cell_45,2.171,24.145,34.84,132,0,1054
2026-07-23 18:52:23,Cell_46,2.161,26.926,37.7,79,0,1104
2026-07-23 18:52:23,Cell_47,2.221,16.112,34.12,155,0,1043
2026-07-23 18:52:23,Cell_48,2.191,40.901,68.55,77,1,1066
2026-07-23 18:52:23,Cell_49,2.146,27.568,44.29,151,0,1049
2026-07-23 18:52:23,Cell_5,2.173,23.812,36.23,141,0,1047
2026-07-23 18:52:23,Cell_50,2.212,26.083,35.71,207,0,983
2026-07-23 18:52:23,Cell_51,2.174,40.023,40.57,161,0,1032
2026-07-23 18:52:23,Cell_52,2.297,30.628,41.05,62,0,1138
2026-07-23 18:52:23,Cell_53,2.236,28.243,38.84,147,0,1049
2026-07-23 18:52:23,Cell_54,2.22,24.669,33.22,131,0,1058
2026-07-23 18:52:23,Cell_55,2.157,28.3,34.73,198,0,996
2026-07-23 18:52:23,Cell_6,2.213,18.738,34.42,143,0,1039
2026-07-23 18:52:23,Cell_7,2.219,5.983,26.9,161,0,1022
2026-07-23 18:52:23,Cell_8,2.288,12.538,30.17,110,0,1079
2026-07-23 18:52:23,Cell_9,2.211,29.776,36.63,93,0,1107
2026-07-23 18:54:23,Cell_1,2.133,17.674,36.45,202,0,989
2026-07-23 18:54:23,Cell_10,2.229,25.532,34.77,178,0,1009
2026-07-23 18:54:23,Cell_11,2.163,8.082,33.19,137,0,1055
2026-07-23 18:54:23,Cell_12,2.214,22.483,33.25,151,0,1039
2026-07-23 18:54:23,Cell_13,2.273,10.861,26.44,53,0,1134
2026-07-23 18:54:23,Cell_14,2.173,25.459,34.58,129,0,1063
2026-07-23 18:54:23,Cell_15,2.201,30.314,36.26,74,0,1112
2026-07-23 18:54:23,Cell_16,2.167,4.937,31.9,150,0,1032
2026-07-23 18:54:23,Cell_17,2.19,22.914,34.25,192,0,1004
2026-07-23 18:54:23,Cell_18,2.223,27.679,35.95,161,0,1036
2026-07-23 18:54:23,Cell_19,2.16,27.34,37.18,132,0,1051
2026-07-23 18:54:23,Cell_2,2.209,10.575,29.17,134,0,1060
2026-07-23 18:54:23,Cell_20,2.191,27.008,32.33,148,0,1041
2026-07-23 18:54:23,Cell_21,2.259,19.347,34.55,60,0,1138
2026-07-23 18:54:23,Cell_22,2.162,48.739,42.12,168,0,1020
2026-07-23 18:54:23,Cell_23,2.072,34.035,60.0,164,1,1029
2026-07-23 18:54:23,Cell_24,2.153,27.259,39.91,186,0,1000
2026-07-23 18:54:23,Cell_25,2.254,25.654,37.95,105,0,1081
2026-07-23 18:54:23,Cell_26,2.164,28.175,38.42,199,0,996
2026-07-23 18:54:23,Cell_27,2.12,14.123,30.71,114,0,1085
2026-07-23 18:54:23,Cell_28,2.149,14.251,31.88,118,0,1073
2026-07-23 18:54:23,Cell_29,2.3,6.493,32.4,95,0,1104
2026-07-23 18:54:23,Cell_3,2.192,12.755,32.19,188,0,1008
2026-07-23 18:54:23,Cell_30,2.041,20.038,60.0,98,1,1101
2026-07-23 18:54:23,Cell_31,2.169,27.555,31.59,113,0,1071
2026-07-23 18:54:23,Cell_32,2.172,19.184,34.11,111,0,1072
2026-07-23 18:54:23,Cell_33,1.9,43.621,75.0,85,2,1053
2026-07-23 18:54:23,Cell_34,2.23,28.358,36.83,174,0,1019
2026-07-23 18:54:23,Cell_35,2.078,15.921,34.95,161,0,1037
2026-07-23 18:54:23,Cell_36,2.195,18.072,33.61,90,0,1100
2026-07-23 18:54:23,Cell_37,2.167,15.816,30.68,121,0,1062
2026-07-23 18:54:23,Cell_38,2.226,18.439,34.93,153,0,1042
2026-07-23 18:54:23,Cell_39,2.227,31.322,41.72,188,0,1010
2026-07-23 18:54:23,Cell_4,2.142,27.053,34.66,166,0,1031
2026-07-23 18:54:23,Cell_40,2.15,42.812,45.31,146,0,1039
2026-07-23 18:54:23,Cell_41,2.213,23.006,33.46,156,0,1039
2026-07-23 18:54:23,Cell_42,2.261,22.431,33.37,113,0,1087
2026-07-23 18:54:23,Cell_43,2.123,28.637,40.03,156,0,1035
2026-07-23 18:54:23,Cell_44,2.142,11.121,64.13,113,1,1024
2026-07-23 18:54:23,Cell_45,2.144,26.329,41.22,132,0,1056
2026-07-23 18:54:23,Cell_46,2.255,9.641,28.86,79,0,1114
2026-07-23 18:54:23,Cell_47,2.2,37.651,41.92,155,0,1026
2026-07-23 18:54:23,Cell_48,2.229,31.373,37.02,77,0,1119
2026-07-23 18:54:23,Cell_49,2.297,30.904,37.7,151,0,1048
2026-07-23 18:54:23,Cell_5,2.274,20.709,35.67,141,0,1041
2026-07-23 18:54:23,Cell_50,2.218,32.069,39.48,207,0,982
2026-07-23 18:54:23,Cell_51,2.214,8.527,27.99,161,0,1025
2026-07-23 18:54:23,Cell_52,2.252,31.322,31.67,62,0,1137
2026-07-23 18:54:23,Cell_53,2.172,28.349,36.73,147,0,1037
2026-07-23 18:54:23,Cell_54,2.183,3.866,27.45,131,0,1066
2026-07-23 18:54:23,Cell_55,2.139,25.658,36.03,198,0,997
2026-07-23 18:54:23,Cell_6,2.222,22.682,32.94,143,0,1057
2026-07-23 18:54:23,Cell_7,2.152,24.352,33.75,161,0,1030
2026-07-23 18:54:23,Cell_8,2.152,40.202,39.5,110,0,1090
2026-07-23 18:54:23,Cell_9,2.263,19.125,31.96,93,0,1096
2026-07-23 18:56:23,Cell_1,2.24,24.547,35.0,202,0,993
2026-07-23 18:56:23,Cell_10,2.225,3.039,29.6,178,0,1017
2026-07-23 18:56:23,Cell_11,2.226,8.386,31.72,137,0,1063
2026-07-23 18:56:23,Cell_12,1.9,50.0,87.43,151,2,959
2026-07-23 18:56:23,Cell_13,2.29,17.336,28.08,53,0,1143
2026-07-23 18:56:23,Cell_14,1.9,33.867,83.06,130,2,988
2026-07-23 18:56:23,Cell_15,2.255,35.128,37.05,74,0,1114
2026-07-23 18:56:23,Cell_16,2.25,17.458,29.06,150,0,1046
2026-07-23 18:56:23,Cell_17,2.103,28.846,65.34,192,1,910
2026-07-23 18:56:23,Cell_18,2.226,14.431,32.19,161,0,1035
2026-07-23 18:56:23,Cell_19,2.212,22.323,33.93,132,0,1054
2026-07-23 18:56:23,Cell_2,2.24,13.878,31.97,134,0,1063
2026-07-23 18:56:23,Cell_20,2.16,38.057,37.94,148,0,1034
2026-07-23 18:56:23,Cell_21,2.166,30.153,37.4,60,0,1129
2026-07-23 18:56:23,Cell_22,2.201,29.638,42.78,168,0,1030
2026-07-23 18:56:23,Cell_23,2.182,43.593,53.05,164,0,1027
2026-07-23 18:56:23,Cell_24,2.098,23.263,34.35,186,0,1000
2026-07-23 18:56:23,Cell_25,2.22,0.917,29.01,106,0,1078
2026-07-23 18:56:23,Cell_26,2.201,27.931,35.02,199,0,985
2026-07-23 18:56:23,Cell_27,2.215,22.749,29.43,114,0,1078
2026-07-23 18:56:23,Cell_28,2.152,21.547,37.26,118,0,1065
2026-07-23 18:56:23,Cell_29,2.267,8.919,24.79,95,0,1086
2026-07-23 18:56:23,Cell_3,2.081,22.546,60.0,188,1,1004
2026-07-23 18:56:23,Cell_30,2.277,30.293,43.69,98,0,1085
2026-07-23 18:56:23,Cell_31,2.163,32.817,42.25,113,0,1083
2026-07-23 18:56:23,Cell_32,2.266,14.114,38.92,111,0,1078
2026-07-23 18:56:23,Cell_33,2.217,27.672,36.62,85,0,1098
2026-07-23 18:56:23,Cell_34,2.209,25.994,41.16,174,0,1025
2026-07-23 18:56:23,Cell_35,2.205,6.321,22.39,161,0,1034
2026-07-23 18:56:23,Cell_36,2.255,19.788,36.26,90,0,1100
2026-07-23 18:56:23,Cell_37,2.141,29.926,38.45,121,0,1067
2026-07-23 18:56:23,Cell_38,2.201,22.906,36.64,153,0,1039
2026-07-23 18:56:23,Cell_39,2.175,29.098,36.4,188,0,998
2026-07-23 18:56:23,Cell_4,2.213,27.523,38.21,166,0,1027
2026-07-23 18:56:23,Cell_40,2.296,24.847,36.83,146,0,1053
2026-07-23 18:56:23,Cell_41,2.21,6.169,21.14,156,0,1036
2026-07-23 18:56:23,Cell_42,2.181,19.356,31.48,113,0,1082
2026-07-23 18:56:23,Cell_43,2.159,33.227,39.77,156,0,1043
2026-07-23 18:56:23,Cell_44,2.065,45.969,75.0,113,2,1020
2026-07-23 18:56:23,Cell_45,2.239,12.759,27.77,132,0,1067
2026-07-23 18:56:23,Cell_46,2.3,36.844,40.48,79,0,1117
2026-07-23 18:56:23,Cell_47,2.127,0.0,24.94,155,0,1037
2026-07-23 18:56:23,Cell_48,2.155,35.917,38.12,77,0,1123
2026-07-23 18:56:23,Cell_49,2.245,4.378,27.41,151,0,1047
2026-07-23 18:56:23,Cell_5,2.158,8.113,26.78,141,0,1051
2026-07-23 18:56:23,Cell_50,2.161,20.4,32.67,207,0,988
2026-07-23 18:56:23,Cell_51,2.243,22.459,34.56,161,0,1024
2026-07-23 18:56:23,Cell_52,2.228,41.694,43.28,62,0,1121
2026-07-23 18:56:23,Cell_53,2.231,27.59,38.61,147,0,1050
2026-07-23 18:56:23,Cell_54,2.108,15.813,29.87,131,0,1061
2026-07-23 18:56:23,Cell_55,2.059,46.273,64.6,198,1,885
2026-07-23 18:56:23,Cell_6,2.247,30.266,45.27,143,0,1045
2026-07-23 18:56:23,Cell_7,2.173,14.924,29.73,161,0,1025
2026-07-23 18:56:23,Cell_8,2.217,23.36,32.05,110,0,1075
2026-07-23 18:56:23,Cell_9,2.191,16.982,34.09,93,0,1102
2026-07-23 18:58:23,Cell_1,2.209,28.403,30.18,202,0,987
2026-07-23 18:58:23,Cell_10,2.272,22.976,34.65,178,0,1009
2026-07-23 18:58:23,Cell_11,2.2,24.604,33.53,137,0,1056
2026-07-23 18:58:23,Cell_12,2.159,10.457,62.63,151,1,965
2026-07-23 18:58:23,Cell_13,2.226,16.428,30.28,53,0,1138
2026-07-23 18:58:23,Cell_14,2.153,32.239,45.06,130,0,1053
2026-07-23 18:58:23,Cell_15,2.254,24.688,36.44,74,0,1109
2026-07-23 18:58:23,Cell_16,2.206,28.18,42.58,150,0,1039
2026-07-23 18:58:23,Cell_17,2.167,27.544,37.11,192,0,990
2026-07-23 18:58:23,Cell_18,2.117,21.027,38.1,161,0,1038
2026-07-23 18:58:23,Cell_19,2.183,15.84,33.91,132,0,1056
2026-07-23 18:58:23,Cell_2,2.152,31.21,69.25,134,1,983
2026-07-23 18:58:23,Cell_20,2.177,11.857,65.28,149,1,969
2026-07-23 18:58:23,Cell_21,2.3,42.055,41.03,60,0,1130
2026-07-23 18:58:23,Cell_22,2.188,30.318,42.87,168,0,1032
2026-07-23 18:58:23,Cell_23,2.108,23.851,38.31,164,0,1020
2026-07-23 18:58:23,Cell_24,2.2,20.886,39.68,186,0,996
2026-07-23 18:58:23,Cell_25,1.897,34.149,80.61,106,2,1038
2026-07-23 18:58:23,Cell_26,2.101,9.03,63.35,199,1,901
2026-07-23 18:58:23,Cell_27,2.128,10.107,29.44,114,0,1083
2026-07-23 18:58:23,Cell_28,2.201,7.668,23.44,118,0,1069
2026-07-23 18:58:23,Cell_29,2.259,18.348,30.39,95,0,1094
2026-07-23 18:58:23,Cell_3,2.182,24.985,35.67,188,0,1003
2026-07-23 18:58:23,Cell_30,2.237,33.327,41.76,98,0,1083
2026-07-23 18:58:23,Cell_31,2.187,30.597,34.73,113,0,1087
2026-07-23 18:58:23,Cell_32,2.253,27.893,41.4,111,0,1087
2026-07-23 18:58:23,Cell_33,2.152,27.691,35.4,85,0,1101
2026-07-23 18:58:23,Cell_34,1.9,50.0,85.88,174,2,933
2026-07-23 18:58:23,Cell_35,1.886,32.32,75.0,161,2,954
2026-07-23 18:58:23,Cell_36,2.164,28.374,32.81,91,0,1107
2026-07-23 18:58:23,Cell_37,2.275,12.779,35.33,121,0,1077
2026-07-23 18:58:23,Cell_38,2.274,22.9,39.57,153,0,1035
2026-07-23 18:58:23,Cell_39,2.239,14.978,36.86,188,0,1012
2026-07-23 18:58:23,Cell_4,2.252,13.412,30.67,166,0,1017
2026-07-23 18:58:23,Cell_40,2.181,30.877,39.42,146,0,1050
2026-07-23 18:58:23,Cell_41,2.162,20.635,38.72,156,0,1032
2026-07-23 18:58:23,Cell_42,2.181,34.715,41.23,113,0,1078
2026-07-23 18:58:23,Cell_43,2.258,18.168,29.32,156,0,1043
2026-07-23 18:58:23,Cell_44,2.226,6.922,28.47,113,0,1083
2026-07-23 18:58:23,Cell_45,2.213,40.514,43.1,132,0,1062
2026-07-23 18:58:23,Cell_46,2.3,16.486,31.12,79,0,1102
2026-07-23 18:58:23,Cell_47,2.158,31.543,41.62,155,0,1027
2026-07-23 18:58:23,Cell_48,2.183,46.432,45.88,77,0,1113
2026-07-23 18:58:23,Cell_49,2.124,18.846,36.07,151,0,1042
2026-07-23 18:58:23,Cell_5,2.12,27.16,33.28,141,0,1059
2026-07-23 18:58:23,Cell_50,2.153,23.409,33.18,207,0,985
2026-07-23 18:58:23,Cell_51,2.199,32.89,41.7,161,0,1033
2026-07-23 18:58:23,Cell_52,2.231,14.766,26.75,62,0,1133
2026-07-23 18:58:23,Cell_53,2.164,30.933,37.18,147,0,1045
2026-07-23 18:58:23,Cell_54,2.202,37.577,38.08,131,0,1063
2026-07-23 18:58:23,Cell_55,2.159,18.925,29.86,198,0,1001
2026-07-23 18:58:23,Cell_6,2.252,37.403,40.65,143,0,1039
2026-07-23 18:58:23,Cell_7,2.162,36.23,40.7,161,0,1039
2026-07-23 18:58:23,Cell_8,2.236,15.448,31.9,110,0,1074
2026-07-23 18:58:23,Cell_9,2.199,23.326,37.18,93,0,1102
2026-07-23 19:00:23,Cell_1,2.156,16.246,28.64,202,0,988
2026-07-23 19:00:23,Cell_10,2.09,32.252,40.18,178,0,1015
2026-07-23 19:00:23,Cell_11,2.173,25.009,35.33,137,0,1044
2026-07-23 19:00:23,Cell_12,2.185,20.674,32.86,151,0,1046
2026-07-23 19:00:23,Cell_13,2.272,32.077,41.96,53,0,1143
2026-07-23 19:00:23,Cell_14,2.134,32.139,38.02,130,0,1059
2026-07-23 19:00:23,Cell_15,2.258,15.357,36.68,74,0,1116
2026-07-23 19:00:23,Cell_16,2.208,7.357,32.2,150,0,1033
2026-07-23 19:00:23,Cell_17,2.118,26.948,36.13,192,0,1006
2026-07-23 19:00:23,Cell_18,2.097,9.645,60.0,161,1,1023
2026-07-23 19:00:23,Cell_19,2.16,25.31,38.87,133,0,1051
2026-07-23 19:00:23,Cell_2,2.153,17.422,35.16,134,0,1051
2026-07-23 19:00:23,Cell_20,2.124,19.43,34.07,149,0,1048
2026-07-23 19:00:23,Cell_21,2.224,43.302,39.32,60,0,1128
2026-07-23 19:00:23,Cell_22,2.159,15.159,31.07,168,0,1027
2026-07-23 19:00:23,Cell_23,2.24,27.715,37.34,164,0,1017
2026-07-23 19:00:23,Cell_24,2.169,12.396,27.29,186,0,1011
2026-07-23 19:00:23,Cell_25,2.206,29.696,38.39,106,0,1079
2026-07-23 19:00:23,Cell_26,2.145,32.587,40.14,199,0,986
2026-07-23 19:00:23,Cell_27,2.253,32.652,34.13,114,0,1085
2026-07-23 19:00:23,Cell_28,2.148,28.6,36.37,119,0,1075
2026-07-23 19:00:23,Cell_29,2.295,26.069,34.49,95,0,1104
2026-07-23 19:00:23,Cell_3,2.177,28.57,36.11,188,0,1008
2026-07-23 19:00:23,Cell_30,2.218,24.622,44.28,98,0,1100
2026-07-23 19:00:23,Cell_31,2.184,30.909,37.68,113,0,1077
2026-07-23 19:00:23,Cell_32,2.256,27.111,40.19,111,0,1084
2026-07-23 19:00:23,Cell_33,2.275,30.365,40.69,85,0,1109
2026-07-23 19:00:23,Cell_34,2.248,0.0,26.12,174,0,1026
2026-07-23 19:00:23,Cell_35,2.215,19.579,35.59,161,0,1022
2026-07-23 19:00:23,Cell_36,2.189,16.254,31.58,91,0,1107
2026-07-23 19:00:23,Cell_37,2.237,14.765,32.84,121,0,1065
2026-07-23 19:00:23,Cell_38,2.212,25.662,38.36,153,0,1037
2026-07-23 19:00:23,Cell_39,2.081,20.971,61.43,188,1,917
2026-07-23 19:00:23,Cell_4,2.199,19.842,35.08,166,0,1023
2026-07-23 19:00:23,Cell_40,2.137,35.435,65.4,147,1,965
2026-07-23 19:00:23,Cell_41,2.084,21.915,33.66,156,0,1034
2026-07-23 19:00:23,Cell_42,2.238,24.773,35.55,114,0,1081
2026-07-23 19:00:23,Cell_43,2.103,37.28,38.93,156,0,1028
2026-07-23 19:00:23,Cell_44,2.26,18.705,34.34,113,0,1068
2026-07-23 19:00:23,Cell_45,2.193,29.692,36.3,132,0,1051
2026-07-23 19:00:23,Cell_46,2.133,10.202,25.34,79,0,1111
2026-07-23 19:00:23,Cell_47,2.161,32.514,35.55,155,0,1039
2026-07-23 19:00:23,Cell_48,2.153,12.168,29.86,77,0,1118
2026-07-23 19:00:23,Cell_49,2.233,30.461,43.67,151,0,1046
2026-07-23 19:00:23,Cell_5,2.177,30.341,38.02,141,0,1056
2026-07-23 19:00:23,Cell_50,2.166,32.315,36.35,207,0,980
2026-07-23 19:00:23,Cell_51,2.241,2.873,27.34,161,0,1035
2026-07-23 19:00:23,Cell_52,2.162,2.963,20.97,62,0,1121
2026-07-23 19:00:23,Cell_53,2.192,18.546,32.96,147,0,1052
2026-07-23 19:00:23,Cell_54,2.067,11.011,60.0,131,1,1062
2026-07-23 19:00:23,Cell_55,2.147,24.026,39.8,198,0,986
2026-07-23 19:00:23,Cell_6,2.297,23.633,37.43,143,0,1041
2026-07-23 19:00:23,Cell_7,2.159,9.293,34.24,161,0,1028
2026-07-23 19:00:23,Cell_8,2.24,14.288,29.58,111,0,1071
2026-07-23 19:00:23,Cell_9,2.168,27.783,42.88,93,0,1105
2026-07-23 19:02:23,Cell_1,2.204,32.016,41.33,202,0,985
2026-07-23 19:02:23,Cell_10,2.216,15.688,29.66,178,0,1010
2026-07-23 19:02:23,Cell_11,2.14,20.609,35.03,137,0,1059
2026-07-23 19:02:23,Cell_12,2.239,26.634,35.42,151,0,1043
2026-07-23 19:02:23,Cell_13,2.205,35.408,39.64,53,0,1132
2026-07-23 19:02:23,Cell_14,2.182,26.301,39.63,130,0,1059
2026-07-23 19:02:23,Cell_15,2.297,12.594,31.69,74,0,1110
2026-07-23 19:02:23,Cell_16,2.211,34.53,31.78,150,0,1046
2026-07-23 19:02:23,Cell_17,2.105,11.883,26.19,192,0,997
2026-07-23 19:02:23,Cell_18,2.142,44.332,43.95,161,0,1035
2026-07-23 19:02:23,Cell_19,2.209,8.542,28.85,133,0,1055
2026-07-23 19:02:23,Cell_2,2.234,20.017,29.13,134,0,1062
2026-07-23 19:02:23,Cell_20,2.098,26.438,33.15,149,0,1032
2026-07-23 19:02:23,Cell_21,2.088,24.443,68.8,60,1,1102
2026-07-23 19:02:23,Cell_22,2.102,11.936,66.54,168,1,947
2026-07-23 19:02:23,Cell_23,2.187,31.354,39.71,164,0,1025
2026-07-23 19:02:23,Cell_24,2.211,23.457,39.42,186,0,1014
2026-07-23 19:02:23,Cell_25,2.151,7.17,29.04,106,0,1077
2026-07-23 19:02:23,Cell_26,2.128,32.124,43.07,199,0,994
2026-07-23 19:02:23,Cell_27,2.147,37.248,43.7,114,0,1084
2026-07-23 19:02:23,Cell_28,2.241,27.476,37.7,119,0,1079
2026-07-23 19:02:23,Cell_29,2.253,33.871,37.43,95,0,1087
2026-07-23 19:02:23,Cell_3,2.148,27.063,42.98,188,0,1004
2026-07-23 19:02:23,Cell_30,2.3,20.82,40.37,98,0,1087
2026-07-23 19:02:23,Cell_31,2.233,28.807,39.56,113,0,1087
2026-07-23 19:02:23,Cell_32,2.298,18.444,31.83,111,0,1080
2026-07-23 19:02:23,Cell_33,2.205,30.149,38.92,85,0,1100
2026-07-23 19:02:23,Cell_34,2.188,21.793,37.59,174,0,1025
2026-07-23 19:02:23,Cell_35,2.225,15.865,30.2,161,0,1039
2026-07-23 19:02:23,Cell_36,2.236,37.608,43.39,91,0,1108
2026-07-23 19:02:23,Cell_37,2.184,18.643,37.23,121,0,1060
2026-07-23 19:02:23,Cell_38,2.193,16.125,31.36,153,0,1041
2026-07-23 19:02:23,Cell_39,2.241,30.829,40.48,188,0,1005
2026-07-23 19:02:23,Cell_4,2.205,17.112,33.76,166,0,1028
2026-07-23 19:02:23,Cell_40,2.078,22.36,66.04,147,1,971
2026-07-23 19:02:23,Cell_41,2.207,26.914,39.7,156,0,1036
2026-07-23 19:02:23,Cell_42,2.271,35.683,36.51,114,0,1070
2026-07-23 19:02:23,Cell_43,2.219,34.574,37.22,156,0,1043
2026-07-23 19:02:23,Cell_44,2.106,36.745,42.72,113,0,1075
2026-07-23 19:02:23,Cell_45,2.189,33.297,44.35,132,0,1054
2026-07-23 19:02:23,Cell_46,2.213,17.603,32.18,79,0,1103
2026-07-23 19:02:23,Cell_47,2.215,23.26,32.77,155,0,1039
2026-07-23 19:02:23,Cell_48,2.234,15.92,30.44,77,0,1104
2026-07-23 19:02:23,Cell_49,2.186,30.462,40.81,151,0,1048
2026-07-23 19:02:23,Cell_5,2.265,18.185,34.31,141,0,1049
2026-07-23 19:02:23,Cell_50,2.155,15.345,61.86,207,1,880
2026-07-23 19:02:23,Cell_51,2.211,30.439,41.37,161,0,1035
2026-07-23 19:02:23,Cell_52,2.16,16.457,36.05,62,0,1125
2026-07-23 19:02:23,Cell_53,2.203,23.806,38.39,147,0,1037
2026-07-23 19:02:23,Cell_54,2.264,26.046,35.17,131,0,1065
2026-07-23 19:02:23,Cell_55,2.211,23.022,37.54,198,0,999
2026-07-23 19:02:23,Cell_6,2.205,44.441,44.93,144,0,1047
2026-07-23 19:02:23,Cell_7,2.233,26.57,46.11,161,0,1027
2026-07-23 19:02:23,Cell_8,2.175,15.843,31.52,111,0,1070
2026-07-23 19:02:23,Cell_9,2.19,35.267,39.02,93,0,1100
2026-07-23 19:04:23,Cell_1,2.134,16.733,34.23,202,0,987
2026-07-23 19:04:23,Cell_10,2.157,28.142,41.38,178,0,1014
2026-07-23 19:04:23,Cell_11,2.3,28.241,40.71,137,0,1049
2026-07-23 19:04:23,Cell_12,2.164,23.137,31.25,151,0,1039
2026-07-23 19:04:23,Cell_13,2.257,21.839,37.69,53,0,1129
2026-07-23 19:04:23,Cell_14,2.109,17.503,60.4,130,1,986
2026-07-23 19:04:23,Cell_15,2.185,38.418,38.44,74,0,1115
2026-07-23 19:04:23,Cell_16,2.158,33.849,33.92,150,0,1041
2026-07-23 19:04:23,Cell_17,2.276,28.848,39.24,192,0,998
2026-07-23 19:04:23,Cell_18,2.17,36.347,41.7,161,0,1032
2026-07-23 19:04:23,Cell_19,2.187,21.065,30.07,133,0,1050
2026-07-23 19:04:23,Cell_2,2.237,27.512,30.84,134,0,1049
2026-07-23 19:04:23,Cell_20,2.204,25.255,38.16,149,0,1051
2026-07-23 19:04:23,Cell_21,2.221,39.043,39.23,60,0,1129
2026-07-23 19:04:23,Cell_22,2.202,37.066,40.04,168,0,1026
2026-07-23 19:04:23,Cell_23,2.215,18.654,36.85,164,0,1030
2026-07-23 19:04:23,Cell_24,2.262,32.279,43.12,186,0,1014
2026-07-23 19:04:23,Cell_25,2.145,18.154,27.29,106,0,1090
2026-07-23 19:04:23,Cell_26,2.198,23.174,35.78,199,0,997
2026-07-23 19:04:23,Cell_27,2.3,17.505,31.24,114,0,1083
2026-07-23 19:04:23,Cell_28,2.176,29.004,37.29,119,0,1066
2026-07-23 19:04:23,Cell_29,2.142,34.627,40.85,95,0,1095
2026-07-23 19:04:23,Cell_3,1.9,34.88,75.0,188,2,910
2026-07-23 19:04:23,Cell_30,2.15,34.152,41.21,98,0,1085
2026-07-23 19:04:23,Cell_31,2.243,34.484,42.32,113,0,1070
2026-07-23 19:04:23,Cell_32,2.226,34.381,41.59,111,0,1088
2026-07-23 19:04:23,Cell_33,2.23,22.242,32.37,85,0,1111
2026-07-23 19:04:23,Cell_34,2.22,8.074,30.33,174,0,1012
2026-07-23 19:04:23,Cell_35,2.278,12.754,35.32,161,0,1031
2026-07-23 19:04:23,Cell_36,2.178,21.269,36.99,92,0,1105
2026-07-23 19:04:23,Cell_37,2.3,28.89,40.71,121,0,1076
2026-07-23 19:04:23,Cell_38,2.184,27.403,36.97,153,0,1041
2026-07-23 19:04:23,Cell_39,2.162,27.144,39.19,188,0,998
2026-07-23 19:04:23,Cell_4,1.9,50.0,81.25,166,2,937
2026-07-23 19:04:23,Cell_40,2.217,34.172,43.86,147,0,1038
2026-07-23 19:04:23,Cell_41,2.254,26.552,35.11,156,0,1029
2026-07-23 19:04:23,Cell_42,2.177,24.288,31.2,114,0,1083
2026-07-23 19:04:23,Cell_43,2.181,8.18,22.44,156,0,1037
2026-07-23 19:04:23,Cell_44,2.3,22.917,36.52,114,0,1075
2026-07-23 19:04:23,Cell_45,2.26,13.296,31.13,132,0,1049
2026-07-23 19:04:23,Cell_46,2.069,28.398,62.8,79,1,1069
2026-07-23 19:04:23,Cell_47,2.176,39.013,41.12,155,0,1032
2026-07-23 19:04:23,Cell_48,2.221,45.133,44.87,77,0,1122
2026-07-23 19:04:23,Cell_49,2.188,33.711,40.21,151,0,1035
2026-07-23 19:04:23,Cell_5,2.11,18.376,37.2,142,0,1043
2026-07-23 19:04:23,Cell_50,2.214,23.504,35.28,207,0,976
2026-07-23 19:04:23,Cell_51,2.231,36.561,31.38,161,0,1039
2026-07-23 19:04:23,Cell_52,2.132,38.173,68.25,62,1,1096
2026-07-23 19:04:23,Cell_53,2.114,18.56,28.17,147,0,1036
2026-07-23 19:04:23,Cell_54,2.162,35.302,44.25,131,0,1066
2026-07-23 19:04:23,Cell_55,2.203,39.015,37.46,198,0,998
2026-07-23 19:04:23,Cell_6,2.203,37.473,43.22,144,0,1050
2026-07-23 19:04:23,Cell_7,2.208,32.038,37.21,161,0,1029
2026-07-23 19:04:23,Cell_8,2.062,35.788,60.0,111,1,1081
2026-07-23 19:04:23,Cell_9,2.142,17.617,61.54,93,1,1053
2026-07-23 19:06:23,Cell_1,2.128,15.163,30.62,202,0,997
2026-07-23 19:06:23,Cell_10,2.3,45.402,49.59,178,0,1006
2026-07-23 19:06:23,Cell_11,2.197,10.19,28.82,137,0,1046
2026-07-23 19:06:23,Cell_12,2.179,13.781,27.71,151,0,1039
2026-07-23 19:06:23,Cell_13,2.146,38.613,44.16,53,0,1129
2026-07-23 19:06:23,Cell_14,2.211,12.678,33.96,130,0,1058
2026-07-23 19:06:23,Cell_15,2.264,46.726,46.47,74,0,1112
2026-07-23 19:06:23,Cell_16,2.169,26.4,39.68,150,0,1041
2026-07-23 19:06:23,Cell_17,2.16,31.77,42.95,192,0,999
2026-07-23 19:06:23,Cell_18,2.186,18.589,32.26,161,0,1038
2026-07-23 19:06:23,Cell_19,2.211,24.512,44.9,133,0,1061
2026-07-23 19:06:23,Cell_2,2.252,35.487,38.15,134,0,1063
2026-07-23 19:06:23,Cell_20,2.282,11.78,34.18,149,0,1045
2026-07-23 19:06:23,Cell_21,2.257,17.721,32.29,60,0,1134
2026-07-23 19:06:23,Cell_22,2.179,9.179,32.34,168,0,1022
2026-07-23 19:06:23,Cell_23,2.011,27.273,70.46,164,1,948
2026-07-23 19:06:23,Cell_24,2.089,27.504,41.66,186,0,999
2026-07-23 19:06:23,Cell_25,2.133,32.28,37.26,106,0,1077
2026-07-23 19:06:23,Cell_26,2.124,15.547,37.76,199,0,998
2026-07-23 19:06:23,Cell_27,2.175,26.094,42.21,114,0,1076
2026-07-23 19:06:23,Cell_28,2.143,33.284,37.76,119,0,1072
2026-07-23 19:06:23,Cell_29,2.154,11.018,31.92,95,0,1094
2026-07-23 19:06:23,Cell_3,2.065,14.898,32.27,188,0,995
2026-07-23 19:06:23,Cell_30,2.099,31.912,45.03,98,0,1095
2026-07-23 19:06:23,Cell_31,2.2,30.953,31.26,113,0,1085
2026-07-23 19:06:23,Cell_32,2.205,40.263,35.75,111,0,1088
2026-07-23 19:06:23,Cell_33,2.147,15.559,30.54,85,0,1101
2026-07-23 19:06:23,Cell_34,2.171,41.834,42.58,174,0,1019
2026-07-23 19:06:23,Cell_35,2.238,13.726,28.63,161,0,1025
2026-07-23 19:06:23,Cell_36,2.199,18.465,35.49,92,0,1093
2026-07-23 19:06:23,Cell_37,2.102,10.071,23.99,121,0,1071
2026-07-23 19:06:23,Cell_38,2.129,30.068,41.19,153,0,1047
2026-07-23 19:06:23,Cell_39,2.15,13.033,30.0,188,0,1002
2026-07-23 19:06:23,Cell_4,2.21,33.098,39.71,166,0,1025
2026-07-23 19:06:23,Cell_40,2.181,17.139,35.13,147,0,1045
2026-07-23 19:06:23,Cell_41,2.082,29.912,34.78,156,0,1033
2026-07-23 19:06:23,Cell_42,2.218,25.319,37.5,114,0,1075
2026-07-23 19:06:23,Cell_43,2.189,25.919,35.32,156,0,1030
2026-07-23 19:06:23,Cell_44,2.214,29.138,38.64,114,0,1072
2026-07-23 19:06:23,Cell_45,2.28,26.032,43.85,132,0,1056
2026-07-23 19:06:23,Cell_46,2.229,44.256,41.68,79,0,1111
2026-07-23 19:06:23,Cell_47,2.183,18.675,33.69,155,0,1043
2026-07-23 19:06:23,Cell_48,2.3,19.112,31.52,77,0,1116
2026-07-23 19:06:23,Cell_49,2.187,0.212,23.71,151,0,1043
2026-07-23 19:06:23,Cell_5,2.178,31.915,36.49,142,0,1053
2026-07-23 19:06:23,Cell_50,2.187,3.518,23.75,207,0,989
2026-07-23 19:06:23,Cell_51,2.3,20.329,33.46,161,0,1027
2026-07-23 19:06:23,Cell_52,2.257,34.065,34.35,62,0,1131
2026-07-23 19:06:23,Cell_53,2.214,31.447,40.35,147,0,1043
2026-07-23 19:06:23,Cell_54,2.17,26.295,37.01,131,0,1059
2026-07-23 19:06:23,Cell_55,2.155,11.669,30.56,198,0,995
2026-07-23 19:06:23,Cell_6,2.087,27.427,34.78,144,0,1041
2026-07-23 19:06:23,Cell_7,2.111,19.692,35.69,161,0,1039
2026-07-23 19:06:23,Cell_8,2.157,43.847,46.16,111,0,1079
2026-07-23 19:06:23,Cell_9,2.22,17.064,39.68,93,0,1100
2026-07-23 19:08:23,Cell_1,2.224,28.761,41.86,202,0,994
2026-07-23 19:08:23,Cell_10,2.21,32.157,37.94,178,0,1020
2026-07-23 19:08:23,Cell_11,2.254,23.161,35.57,137,0,1059
2026-07-23 19:08:23,Cell_12,2.217,30.041,43.97,151,0,1030
2026-07-23 19:08:23,Cell_13,2.202,37.134,35.72,53,0,1131
2026-07-23 19:08:23,Cell_14,2.162,28.177,39.7,130,0,1059
2026-07-23 19:08:23,Cell_15,2.201,45.835,46.99,74,0,1116
2026-07-23 19:08:23,Cell_16,2.147,16.949,34.09,150,0,1050
2026-07-23 19:08:23,Cell_17,2.052,30.362,35.88,192,0,1002
2026-07-23 19:08:23,Cell_18,2.253,45.293,42.89,161,0,1028
2026-07-23 19:08:23,Cell_19,2.255,34.416,39.5,133,0,1067
2026-07-23 19:08:23,Cell_2,2.235,45.468,47.69,135,0,1049
2026-07-23 19:08:23,Cell_20,2.211,37.325,48.63,149,0,1046
2026-07-23 19:08:23,Cell_21,2.078,31.458,60.0,60,1,1132
2026-07-23 19:08:23,Cell_22,2.179,41.456,45.4,168,0,1022
2026-07-23 19:08:23,Cell_23,2.177,33.196,41.22,164,0,1035
2026-07-23 19:08:23,Cell_24,2.281,22.747,37.37,186,0,1002
2026-07-23 19:08:23,Cell_25,2.221,31.132,32.24,106,0,1086
2026-07-23 19:08:23,Cell_26,2.174,10.858,37.99,199,0,996
2026-07-23 19:08:23,Cell_27,2.164,25.586,32.74,114,0,1075
2026-07-23 19:08:23,Cell_28,2.27,17.996,31.45,119,0,1067
2026-07-23 19:08:23,Cell_29,2.185,21.745,28.87,95,0,1088
2026-07-23 19:08:23,Cell_3,2.216,44.797,48.13,188,0,1007
2026-07-23 19:08:23,Cell_30,2.149,22.74,34.45,98,0,1086
2026-07-23 19:08:23,Cell_31,2.216,10.886,30.16,113,0,1086
2026-07-23 19:08:23,Cell_32,2.222,27.831,38.64,111,0,1070
2026-07-23 19:08:23,Cell_33,2.218,42.828,42.52,85,0,1105
2026-07-23 19:08:23,Cell_34,2.138,1.482,69.17,174,1,923
2026-07-23 19:08:23,Cell_35,2.242,23.194,32.61,161,0,1031
2026-07-23 19:08:23,Cell_36,2.132,17.322,30.25,92,0,1092
2026-07-23 19:08:23,Cell_37,2.185,30.874,36.83,121,0,1067
2026-07-23 19:08:23,Cell_38,2.159,14.543,35.81,153,0,1041
2026-07-23 19:08:23,Cell_39,2.149,31.848,39.8,188,0,1009
2026-07-23 19:08:23,Cell_4,2.279,34.165,40.67,166,0,1020
2026-07-23 19:08:23,Cell_40,2.229,28.802,38.2,147,0,1034
2026-07-23 19:08:23,Cell_41,2.113,42.192,43.63,156,0,1040
2026-07-23 19:08:23,Cell_42,2.174,24.586,34.01,114,0,1081
2026-07-23 19:08:23,Cell_43,2.197,38.917,41.18,156,0,1030
2026-07-23 19:08:23,Cell_44,2.176,24.938,32.31,114,0,1075
2026-07-23 19:08:23,Cell_45,2.245,21.395,35.4,132,0,1060
2026-07-23 19:08:23,Cell_46,2.086,25.975,69.88,79,1,1080
2026-07-23 19:08:23,Cell_47,2.182,30.152,43.31,155,0,1039
2026-07-23 19:08:23,Cell_48,2.244,9.347,31.86,77,0,1106
2026-07-23 19:08:23,Cell_49,2.193,29.767,35.85,151,0,1036
2026-07-23 19:08:23,Cell_5,2.174,15.464,31.14,142,0,1050
2026-07-23 19:08:23,Cell_50,2.17,21.312,38.6,207,0,985
2026-07-23 19:08:23,Cell_51,2.298,23.528,36.07,161,0,1023
2026-07-23 19:08:23,Cell_52,2.3,25.187,35.85,62,0,1128
2026-07-23 19:08:23,Cell_53,2.27,26.515,38.95,147,0,1037
2026-07-23 19:08:23,Cell_54,2.3,8.407,28.98,131,0,1062
2026-07-23 19:08:23,Cell_55,2.239,29.351,35.51,198,0,983
2026-07-23 19:08:23,Cell_6,2.164,47.032,43.34,145,0,1053
2026-07-23 19:08:23,Cell_7,2.226,43.219,41.87,161,0,1027
2026-07-23 19:08:23,Cell_8,2.197,24.411,41.01,111,0,1074
2026-07-23 19:08:23,Cell_9,2.195,48.237,46.36,93,0,1102
2026-07-23 19:10:23,Cell_1,2.267,36.58,38.83,202,0,995
2026-07-23 19:10:23,Cell_10,2.233,16.36,34.96,178,0,1007
2026-07-23 19:10:23,Cell_11,2.123,19.962,31.18,137,0,1048
2026-07-23 19:10:23,Cell_12,2.257,21.728,30.11,152,0,1045
2026-07-23 19:10:23,Cell_13,2.284,24.016,35.72,53,0,1141
2026-07-23 19:10:23,Cell_14,2.206,7.277,30.2,130,0,1065
2026-07-23 19:10:23,Cell_15,2.215,22.331,33.73,74,0,1109
2026-07-23 19:10:23,Cell_16,2.189,28.096,37.22,150,0,1031
2026-07-23 19:10:23,Cell_17,2.217,27.639,41.09,192,0,999
2026-07-23 19:10:23,Cell_18,2.206,26.139,36.54,161,0,1036
2026-07-23 19:10:23,Cell_19,2.259,21.676,36.09,133,0,1049
2026-07-23 19:10:23,Cell_2,2.238,33.243,45.84,136,0,1057
2026-07-23 19:10:23,Cell_20,2.21,25.17,29.78,149,0,1043
2026-07-23 19:10:23,Cell_21,2.168,9.847,60.0,60,1,1124
2026-07-23 19:10:23,Cell_22,2.139,36.521,39.58,169,0,1027
2026-07-23 19:10:23,Cell_23,2.177,28.504,39.79,164,0,1020
2026-07-23 19:10:23,Cell_24,2.152,18.654,34.97,186,0,998
2026-07-23 19:10:23,Cell_25,2.212,27.864,35.84,106,0,1086
2026-07-23 19:10:23,Cell_26,2.183,18.354,31.85,199,0,1000
2026-07-23 19:10:23,Cell_27,2.21,18.803,37.35,114,0,1067
2026-07-23 19:10:23,Cell_28,2.188,36.511,38.52,119,0,1078
2026-07-23 19:10:23,Cell_29,2.235,24.159,32.89,95,0,1096
2026-07-23 19:10:23,Cell_3,2.192,11.612,30.84,188,0,999
2026-07-23 19:10:23,Cell_30,2.208,24.839,34.01,98,0,1092
2026-07-23 19:10:23,Cell_31,2.093,15.147,61.95,113,1,1022
2026-07-23 19:10:23,Cell_32,2.3,27.429,29.55,111,0,1089
2026-07-23 19:10:23,Cell_33,2.292,33.876,43.08,85,0,1105
2026-07-23 19:10:23,Cell_34,2.168,8.194,25.49,174,0,1024
2026-07-23 19:10:23,Cell_35,2.21,29.992,36.84,161,0,1022
2026-07-23 19:10:23,Cell_36,2.151,19.893,35.16,93,0,1099
2026-07-23 19:10:23,Cell_37,2.181,30.657,39.55,121,0,1073
2026-07-23 19:10:23,Cell_38,2.154,12.676,31.31,153,0,1043
2026-07-23 19:10:23,Cell_39,2.145,29.569,36.22,188,0,1010
2026-07-23 19:10:23,Cell_4,2.202,34.264,40.94,167,0,1017
2026-07-23 19:10:23,Cell_40,2.104,14.901,38.68,147,0,1053
2026-07-23 19:10:23,Cell_41,2.222,8.7,25.67,156,0,1028
2026-07-23 19:10:23,Cell_42,2.214,16.119,35.22,114,0,1079
2026-07-23 19:10:23,Cell_43,2.222,3.516,29.15,156,0,1035
2026-07-23 19:10:23,Cell_44,2.166,20.366,34.38,114,0,1078
2026-07-23 19:10:23,Cell_45,2.201,12.12,29.79,132,0,1057
2026-07-23 19:10:23,Cell_46,2.3,23.622,30.61,79,0,1102
2026-07-23 19:10:23,Cell_47,2.179,44.584,44.85,156,0,1029
2026-07-23 19:10:23,Cell_48,2.223,26.988,36.61,78,0,1109
2026-07-23 19:10:23,Cell_49,2.117,14.325,30.13,151,0,1041
2026-07-23 19:10:23,Cell_5,2.234,15.793,29.41,142,0,1042
2026-07-23 19:10:23,Cell_50,2.114,38.475,45.68,207,0,988
2026-07-23 19:10:23,Cell_51,2.124,21.497,38.72,161,0,1021
2026-07-23 19:10:23,Cell_52,2.3,28.445,39.23,62,0,1128
2026-07-23 19:10:23,Cell_53,2.153,35.385,42.23,147,0,1038
2026-07-23 19:10:23,Cell_54,2.178,19.966,33.11,131,0,1057
2026-07-23 19:10:23,Cell_55,2.177,34.99,41.87,198,0,993
2026-07-23 19:10:23,Cell_6,2.237,21.843,36.7,145,0,1042
2026-07-23 19:10:23,Cell_7,2.242,27.064,38.15,161,0,1026
2026-07-23 19:10:23,Cell_8,2.167,18.543,35.21,111,0,1072
2026-07-23 19:10:23,Cell_9,2.172,18.764,32.97,93,0,1089
2026-07-23 19:12:23,Cell_1,2.081,28.937,38.55,202,0,996
2026-07-23 19:12:23,Cell_10,2.248,49.529,44.62,178,0,1009
2026-07-23 19:12:23,Cell_11,2.236,36.986,37.37,137,0,1057
2026-07-23 19:12:23,Cell_12,2.169,26.081,39.19,153,0,1037
2026-07-23 19:12:23,Cell_13,2.189,15.074,28.46,53,0,1140
2026-07-23 19:12:23,Cell_14,2.235,15.981,29.25,130,0,1054
2026-07-23 19:12:23,Cell_15,2.229,24.554,38.19,74,0,1121
2026-07-23 19:12:23,Cell_16,2.156,15.58,30.88,150,0,1035
2026-07-23 19:12:23,Cell_17,2.053,24.383,35.48,193,0,1003
2026-07-23 19:12:23,Cell_18,2.17,45.357,39.25,161,0,1034
2026-07-23 19:12:23,Cell_19,2.198,30.266,31.8,133,0,1058
2026-07-23 19:12:23,Cell_2,2.263,22.6,34.07,136,0,1051
2026-07-23 19:12:23,Cell_20,2.123,22.492,41.81,149,0,1037
2026-07-23 19:12:23,Cell_21,2.212,23.84,38.03,60,0,1128
2026-07-23 19:12:23,Cell_22,2.196,14.111,30.13,169,0,1029
2026-07-23 19:12:23,Cell_23,2.085,24.617,34.19,164,0,1028
2026-07-23 19:12:23,Cell_24,2.166,9.278,28.77,186,0,1000
2026-07-23 19:12:23,Cell_25,2.168,34.684,41.05,106,0,1077
2026-07-23 19:12:23,Cell_26,2.155,10.738,31.54,199,0,984
2026-07-23 19:12:23,Cell_27,2.133,22.227,36.59,114,0,1075
2026-07-23 19:12:23,Cell_28,2.264,24.88,39.51,119,0,1070
2026-07-23 19:12:23,Cell_29,2.231,27.919,35.22,95,0,1097
2026-07-23 19:12:23,Cell_3,2.138,21.531,32.64,188,0,1005
2026-07-23 19:12:23,Cell_30,2.244,38.141,44.22,98,0,1099
2026-07-23 19:12:23,Cell_31,2.178,4.235,30.33,114,0,1068
2026-07-23 19:12:23,Cell_32,2.137,43.705,42.63,111,0,1070
2026-07-23 19:12:23,Cell_33,2.178,33.242,45.23,85,0,1100
2026-07-23 19:12:23,Cell_34,2.191,5.826,28.9,174,0,1024
2026-07-23 19:12:23,Cell_35,2.176,37.265,40.64,161,0,1028
2026-07-23 19:12:23,Cell_36,2.212,23.825,36.55,93,0,1103
2026-07-23 19:12:23,Cell_37,2.098,15.971,30.25,121,0,1070
2026-07-23 19:12:23,Cell_38,2.159,35.265,39.65,153,0,1033
2026-07-23 19:12:23,Cell_39,2.106,32.46,40.57,189,0,994
2026-07-23 19:12:23,Cell_4,2.145,14.445,32.05,167,0,1020
2026-07-23 19:12:23,Cell_40,2.165,19.926,32.56,147,0,1041
2026-07-23 19:12:23,Cell_41,2.221,15.212,36.74,156,0,1026
2026-07-23 19:12:23,Cell_42,2.252,18.137,31.57,115,0,1080
2026-07-23 19:12:23,Cell_43,2.096,23.941,61.32,156,1,955
2026-07-23 19:12:23,Cell_44,2.148,19.352,32.28,114,0,1086
2026-07-23 19:12:23,Cell_45,2.226,14.971,37.42,132,0,1049
2026-07-23 19:12:23,Cell_46,2.195,32.898,36.21,79,0,1107
2026-07-23 19:12:23,Cell_47,2.254,14.484,36.56,156,0,1030
2026-07-23 19:12:23,Cell_48,2.202,25.867,40.15,78,0,1120
2026-07-23 19:12:23,Cell_49,2.12,15.029,36.42,151,0,1036
2026-07-23 19:12:23,Cell_5,2.263,41.949,41.71,142,0,1054
2026-07-23 19:12:23,Cell_50,2.154,15.096,26.27,207,0,983
2026-07-23 19:12:23,Cell_51,2.132,18.68,33.12,161,0,1034
2026-07-23 19:12:23,Cell_52,2.221,20.096,32.81,62,0,1136
2026-07-23 19:12:23,Cell_53,2.294,12.442,34.19,147,0,1043
2026-07-23 19:12:23,Cell_54,2.174,22.802,40.29,131,0,1059
2026-07-23 19:12:23,Cell_55,2.198,28.299,39.0,198,0,1002
2026-07-23 19:12:23,Cell_6,2.175,20.969,35.16,145,0,1049
2026-07-23 19:12:23,Cell_7,2.203,13.589,34.04,161,0,1034
2026-07-23 19:12:23,Cell_8,2.164,31.786,41.93,111,0,1070
2026-07-23 19:12:23,Cell_9,2.268,28.58,37.96,93,0,1091
2026-07-23 19:14:23,Cell_1,2.149,19.66,35.46,203,0,989
2026-07-23 19:14:23,Cell_10,2.252,33.204,39.16,178,0,1007
2026-07-23 19:14:23,Cell_11,2.199,20.013,35.4,137,0,1050
2026-07-23 19:14:23,Cell_12,2.147,35.558,36.0,153,0,1045
2026-07-23 19:14:23,Cell_13,2.266,15.691,28.49,53,0,1136
2026-07-23 19:14:23,Cell_14,2.248,10.945,33.81,130,0,1061
2026-07-23 19:14:23,Cell_15,2.164,21.554,38.45,74,0,1112
2026-07-23 19:14:23,Cell_16,2.214,21.86,34.26,150,0,1046
2026-07-23 19:14:23,Cell_17,2.095,32.177,34.94,193,0,991
2026-07-23 19:14:23,Cell_18,2.204,20.932,34.72,161,0,1022
2026-07-23 19:14:23,Cell_19,2.14,19.669,33.36,133,0,1056
2026-07-23 19:14:23,Cell_2,2.253,20.377,27.86,136,0,1061
2026-07-23 19:14:23,Cell_20,2.2,11.222,31.69,149,0,1044
2026-07-23 19:14:23,Cell_21,2.252,24.044,30.79,60,0,1126
2026-07-23 19:14:23,Cell_22,2.162,33.018,40.03,169,0,1020
2026-07-23 19:14:23,Cell_23,2.26,28.245,38.63,164,0,1020
2026-07-23 19:14:23,Cell_24,1.842,39.253,81.83,186,2,913
2026-07-23 19:14:23,Cell_25,1.9,50.0,75.0,106,2,1036
2026-07-23 19:14:23,Cell_26,2.068,34.317,63.42,199,1,898
2026-07-23 19:14:23,Cell_27,2.211,14.461,34.28,114,0,1077
2026-07-23 19:14:23,Cell_28,2.179,15.117,29.62,120,0,1069
2026-07-23 19:14:23,Cell_29,2.161,18.661,31.15,95,0,1101
2026-07-23 19:14:23,Cell_3,2.144,27.371,40.75,188,0,1010
2026-07-23 19:14:23,Cell_30,1.865,37.442,90.0,98,2,1048
2026-07-23 19:14:23,Cell_31,2.246,11.342,31.05,114,0,1078
2026-07-23 19:14:23,Cell_32,2.295,12.939,31.25,111,0,1078
2026-07-23 19:14:23,Cell_33,2.266,35.397,42.94,85,0,1100
2026-07-23 19:14:23,Cell_34,2.147,37.729,36.4,174,0,1021
2026-07-23 19:14:23,Cell_35,2.268,21.509,32.24,161,0,1026
2026-07-23 19:14:23,Cell_36,2.247,41.762,43.25,93,0,1104
2026-07-23 19:14:23,Cell_37,2.231,22.046,33.92,121,0,1072
2026-07-23 19:14:23,Cell_38,2.149,30.423,38.75,154,0,1035
2026-07-23 19:14:23,Cell_39,2.3,29.75,40.58,189,0,1011
2026-07-23 19:14:23,Cell_4,2.227,21.724,37.64,167,0,1021
2026-07-23 19:14:23,Cell_40,2.208,19.747,31.99,147,0,1035
2026-07-23 19:14:23,Cell_41,2.119,34.667,42.38,156,0,1029
2026-07-23 19:14:23,Cell_42,2.258,35.523,38.85,115,0,1075
2026-07-23 19:14:23,Cell_43,2.155,29.123,42.22,156,0,1038
2026-07-23 19:14:23,Cell_44,2.116,26.931,32.89,114,0,1067
2026-07-23 19:14:23,Cell_45,2.14,19.445,34.75,132,0,1058
2026-07-23 19:14:23,Cell_46,2.3,25.368,28.48,80,0,1119
2026-07-23 19:14:23,Cell_47,2.298,22.566,34.76,156,0,1042
2026-07-23 19:14:23,Cell_48,2.237,35.56,40.13,78,0,1120
2026-07-23 19:14:23,Cell_49,2.098,19.342,30.97,151,0,1045
2026-07-23 19:14:23,Cell_5,2.163,0.196,27.82,142,0,1044
2026-07-23 19:14:23,Cell_50,2.18,12.187,28.18,207,0,991
2026-07-23 19:14:23,Cell_51,2.3,18.963,32.3,161,0,1036
2026-07-23 19:14:23,Cell_52,2.206,16.453,36.15,62,0,1121
2026-07-23 19:14:23,Cell_53,2.215,13.807,31.29,147,0,1049
2026-07-23 19:14:23,Cell_54,2.151,20.45,32.95,131,0,1059
2026-07-23 19:14:23,Cell_55,2.204,27.445,37.02,198,0,992
2026-07-23 19:14:23,Cell_6,2.195,27.474,36.6,145,0,1038
2026-07-23 19:14:23,Cell_7,2.294,19.437,36.34,161,0,1021
2026-07-23 19:14:23,Cell_8,1.9,42.859,76.2,111,2,1016
2026-07-23 19:14:23,Cell_9,2.132,12.612,31.68,93,0,1093
2026-07-23 19:16:23,Cell_1,2.165,26.474,36.43,203,0,986
2026-07-23 19:16:23,Cell_10,2.263,17.035,35.24,178,0,1013
2026-07-23 19:16:23,Cell_11,2.3,19.427,29.12,137,0,1060
2026-07-23 19:16:23,Cell_12,2.173,32.467,36.91,153,0,1041
2026-07-23 19:16:23,Cell_13,2.056,25.801,63.71,53,1,1105
2026-07-23 19:16:23,Cell_14,2.247,23.99,38.9,130,0,1056
2026-07-23 19:16:23,Cell_15,2.248,32.615,38.58,74,0,1110
2026-07-23 19:16:23,Cell_16,2.213,23.894,36.37,150,0,1032
2026-07-23 19:16:23,Cell_17,2.14,28.998,40.1,194,0,997
2026-07-23 19:16:23,Cell_18,2.186,27.688,40.2,161,0,1024
2026-07-23 19:16:23,Cell_19,2.28,26.682,35.56,133,0,1059
2026-07-23 19:16:23,Cell_2,2.131,43.84,46.48,136,0,1054
2026-07-23 19:16:23,Cell_20,2.21,33.266,43.07,149,0,1040
2026-07-23 19:16:23,Cell_21,2.153,18.062,71.55,60,1,1106
2026-07-23 19:16:23,Cell_22,2.182,30.931,40.88,169,0,1020
2026-07-23 19:16:23,Cell_23,2.152,34.256,41.79,164,0,1024
2026-07-23 19:16:23,Cell_24,1.9,47.649,75.0,186,2,908
2026-07-23 19:16:23,Cell_25,2.162,10.266,28.82,106,0,1091
2026-07-23 19:16:23,Cell_26,2.156,6.818,29.98,200,0,985
2026-07-23 19:16:23,Cell_27,2.153,7.753,35.96,114,0,1075
2026-07-23 19:16:23,Cell_28,2.257,29.316,41.26,120,0,1063
2026-07-23 19:16:23,Cell_29,2.17,12.21,66.88,95,1,1043
2026-07-23 19:16:23,Cell_3,2.229,13.145,27.06,189,0,994
2026-07-23 19:16:23,Cell_30,2.248,31.436,44.31,98,0,1099
2026-07-23 19:16:23,Cell_31,2.214,19.723,36.72,114,0,1071
2026-07-23 19:16:23,Cell_32,2.239,26.223,41.03,111,0,1085
2026-07-23 19:16:23,Cell_33,2.215,18.39,33.42,85,0,1108
2026-07-23 19:16:23,Cell_34,1.775,26.703,75.0,174,2,930
2026-07-23 19:16:23,Cell_35,2.086,26.236,34.96,161,0,1028
2026-07-23 19:16:23,Cell_36,2.287,14.445,31.55,93,0,1090
2026-07-23 19:16:23,Cell_37,2.186,12.758,31.72,121,0,1071
2026-07-23 19:16:23,Cell_38,2.23,28.393,38.81,154,0,1037
2026-07-23 19:16:23,Cell_39,2.214,5.567,32.05,189,0,1009
2026-07-23 19:16:23,Cell_4,2.118,5.519,33.09,167,0,1024
2026-07-23 19:16:23,Cell_40,2.167,17.418,35.34,147,0,1051
2026-07-23 19:16:23,Cell_41,2.21,19.582,35.02,156,0,1038
2026-07-23 19:16:23,Cell_42,2.273,15.559,29.78,115,0,1073
2026-07-23 19:16:23,Cell_43,2.175,25.305,41.07,156,0,1040
2026-07-23 19:16:23,Cell_44,2.291,8.392,29.75,114,0,1083
2026-07-23 19:16:23,Cell_45,2.072,10.432,30.14,132,0,1066
2026-07-23 19:16:23,Cell_46,2.292,30.595,39.41,80,0,1109
2026-07-23 19:16:23,Cell_47,2.192,19.679,35.19,156,0,1042
2026-07-23 19:16:23,Cell_48,2.3,43.389,44.66,78,0,1114
2026-07-23 19:16:23,Cell_49,2.15,12.524,33.06,151,0,1041
2026-07-23 19:16:23,Cell_5,2.176,22.652,38.41,142,0,1056
2026-07-23 19:16:23,Cell_50,2.175,15.971,27.06,207,0,992
2026-07-23 19:16:23,Cell_51,2.196,9.66,33.62,161,0,1031
2026-07-23 19:16:23,Cell_52,2.158,25.725,37.94,62,0,1137
2026-07-23 19:16:23,Cell_53,2.3,16.6,33.91,147,0,1037
2026-07-23 19:16:23,Cell_54,2.11,29.856,36.85,131,0,1051
2026-07-23 19:16:23,Cell_55,2.173,12.48,32.0,198,0,997
2026-07-23 19:16:23,Cell_6,2.117,18.329,35.1,145,0,1036
2026-07-23 19:16:23,Cell_7,2.217,29.28,35.57,161,0,1021
2026-07-23 19:16:23,Cell_8,2.125,26.265,34.44,111,0,1087
2026-07-23 19:16:23,Cell_9,2.226,30.274,41.36,93,0,1096
2026-07-23 19:18:23,Cell_1,1.9,27.503,85.58,203,2,895
2026-07-23 19:18:23,Cell_10,2.184,20.708,33.83,178,0,1005
2026-07-23 19:18:23,Cell_11,2.255,20.199,28.16,137,0,1062
2026-07-23 19:18:23,Cell_12,2.145,24.537,35.44,153,0,1040
2026-07-23 19:18:23,Cell_13,2.166,26.095,38.47,53,0,1145
2026-07-23 19:18:23,Cell_14,2.24,31.341,37.0,130,0,1067
2026-07-23 19:18:23,Cell_15,2.199,24.026,33.24,74,0,1120
2026-07-23 19:18:23,Cell_16,2.217,32.513,36.88,150,0,1035
2026-07-23 19:18:23,Cell_17,2.072,11.433,66.97,194,1,908
2026-07-23 19:18:23,Cell_18,2.154,21.881,36.69,161,0,1034
2026-07-23 19:18:23,Cell_19,2.224,25.993,37.91,133,0,1050
2026-07-23 19:18:23,Cell_2,2.223,35.458,41.89,137,0,1057
2026-07-23 19:18:23,Cell_20,2.237,33.0,33.9,149,0,1037
2026-07-23 19:18:23,Cell_21,2.252,26.919,38.86,60,0,1125
2026-07-23 19:18:23,Cell_22,2.208,18.022,29.22,169,0,1016
2026-07-23 19:18:23,Cell_23,2.185,31.987,35.03,164,0,1029
2026-07-23 19:18:23,Cell_24,2.15,30.082,40.15,186,0,1009
2026-07-23 19:18:23,Cell_25,2.3,12.223,32.45,106,0,1076
2026-07-23 19:18:23,Cell_26,2.18,25.503,36.68,200,0,990
2026-07-23 19:18:23,Cell_27,2.183,20.997,33.94,114,0,1070
2026-07-23 19:18:23,Cell_28,2.189,19.68,35.34,120,0,1080
2026-07-23 19:18:23,Cell_29,1.875,44.96,85.2,95,2,1040
2026-07-23 19:18:23,Cell_3,2.211,27.152,35.04,189,0,1005
2026-07-23 19:18:23,Cell_30,2.235,23.331,35.23,98,0,1086
2026-07-23 19:18:23,Cell_31,2.236,27.363,37.95,114,0,1076
2026-07-23 19:18:23,Cell_32,2.2,50.0,45.93,111,0,1087
2026-07-23 19:18:23,Cell_33,2.267,37.584,35.62,85,0,1115
2026-07-23 19:18:23,Cell_34,2.3,27.905,36.8,174,0,1018
2026-07-23 19:18:23,Cell_35,2.243,25.498,34.6,161,0,1027
2026-07-23 19:18:23,Cell_36,2.226,31.946,34.92,93,0,1097
2026-07-23 19:18:23,Cell_37,2.216,19.984,27.69,121,0,1068
2026-07-23 19:18:23,Cell_38,2.202,24.601,38.17,154,0,1039
2026-07-23 19:18:23,Cell_39,2.162,33.877,39.31,189,0,1011
2026-07-23 19:18:23,Cell_4,2.266,40.735,40.18,167,0,1020
2026-07-23 19:18:23,Cell_40,2.264,6.595,31.2,147,0,1052
2026-07-23 19:18:23,Cell_41,2.214,12.33,32.43,156,0,1027
2026-07-23 19:18:23,Cell_42,2.215,18.864,37.03,115,0,1077
2026-07-23 19:18:23,Cell_43,2.214,42.142,42.89,156,0,1041
2026-07-23 19:18:23,Cell_44,2.172,10.311,30.65,114,0,1073
2026-07-23 19:18:23,Cell_45,2.233,33.247,40.96,132,0,1057
2026-07-23 19:18:23,Cell_46,2.232,0.0,27.45,80,0,1105
2026-07-23 19:18:23,Cell_47,2.149,27.576,60.0,156,1,1031
2026-07-23 19:18:23,Cell_48,2.163,0.0,22.46,78,0,1111
2026-07-23 19:18:23,Cell_49,2.188,22.763,28.2,151,0,1040
2026-07-23 19:18:23,Cell_5,2.04,12.726,35.26,142,0,1043
2026-07-23 19:18:23,Cell_50,2.207,35.937,41.52,207,0,983
2026-07-23 19:18:23,Cell_51,2.224,12.411,35.38,161,0,1031
2026-07-23 19:18:23,Cell_52,2.265,38.125,40.19,62,0,1137
2026-07-23 19:18:23,Cell_53,2.269,24.77,34.3,147,0,1037
2026-07-23 19:18:23,Cell_54,2.225,23.58,34.36,132,0,1063
2026-07-23 19:18:23,Cell_55,2.249,43.326,45.81,198,0,994
2026-07-23 19:18:23,Cell_6,2.073,25.265,61.46,145,1,972
2026-07-23 19:18:23,Cell_7,2.066,17.953,65.83,161,1,951
2026-07-23 19:18:23,Cell_8,2.199,12.201,33.13,111,0,1073
2026-07-23 19:18:23,Cell_9,2.251,26.598,38.7,93,0,1096
2026-07-23 19:20:23,Cell_1,2.224,37.901,41.04,203,0,994
2026-07-23 19:20:23,Cell_10,2.233,3.632,26.15,178,0,1006
2026-07-23 19:20:23,Cell_11,2.141,35.73,45.49,137,0,1047
2026-07-23 19:20:23,Cell_12,2.166,37.267,44.77,153,0,1037
2026-07-23 19:20:23,Cell_13,2.201,28.829,37.78,53,0,1128
2026-07-23 19:20:23,Cell_14,2.112,46.624,43.93,130,0,1055
2026-07-23 19:20:23,Cell_15,1.9,50.0,80.87,74,2,1077
2026-07-23 19:20:23,Cell_16,2.19,32.205,38.96,150,0,1046
2026-07-23 19:20:23,Cell_17,2.274,31.211,37.01,194,0,998
2026-07-23 19:20:23,Cell_18,2.156,11.795,33.61,161,0,1023
2026-07-23 19:20:23,Cell_19,2.194,35.167,35.88,133,0,1052
2026-07-23 19:20:23,Cell_2,2.222,29.6,35.64,137,0,1047
2026-07-23 19:20:23,Cell_20,2.177,19.07,31.32,149,0,1040
2026-07-23 19:20:23,Cell_21,2.183,30.987,40.45,60,0,1128
2026-07-23 19:20:23,Cell_22,2.267,38.563,46.27,169,0,1022
2026-07-23 19:20:23,Cell_23,2.216,30.999,38.55,164,0,1031
2026-07-23 19:20:23,Cell_24,1.755,43.51,83.74,186,2,913
2026-07-23 19:20:23,Cell_25,2.168,14.271,31.22,106,0,1085
2026-07-23 19:20:23,Cell_26,2.145,23.152,30.09,200,0,987
2026-07-23 19:20:23,Cell_27,2.227,23.006,36.23,115,0,1071
2026-07-23 19:20:23,Cell_28,2.175,16.553,32.83,120,0,1077
2026-07-23 19:20:23,Cell_29,2.229,31.092,40.37,95,0,1090
2026-07-23 19:20:23,Cell_3,2.174,36.248,40.27,189,0,1006
2026-07-23 19:20:23,Cell_30,2.179,16.939,32.26,98,0,1102
2026-07-23 19:20:23,Cell_31,2.238,12.768,28.6,114,0,1077
2026-07-23 19:20:23,Cell_32,2.17,49.431,46.82,111,0,1082
2026-07-23 19:20:23,Cell_33,2.253,18.222,32.97,85,0,1110
2026-07-23 19:20:23,Cell_34,2.235,34.203,38.85,174,0,1011
2026-07-23 19:20:23,Cell_35,2.222,23.596,29.54,161,0,1021
2026-07-23 19:20:23,Cell_36,2.249,20.458,36.08,93,0,1093
2026-07-23 19:20:23,Cell_37,2.197,44.411,43.62,121,0,1077
2026-07-23 19:20:23,Cell_38,2.261,16.381,32.89,154,0,1029
2026-07-23 19:20:23,Cell_39,2.238,36.259,43.31,189,0,1005
2026-07-23 19:20:23,Cell_4,2.156,32.722,44.96,167,0,1017
2026-07-23 19:20:23,Cell_40,2.264,35.85,40.8,147,0,1036
2026-07-23 19:20:23,Cell_41,2.204,27.85,39.44,157,0,1029
2026-07-23 19:20:23,Cell_42,2.28,13.92,29.75,115,0,1072
2026-07-23 19:20:23,Cell_43,2.167,23.724,39.94,156,0,1029
2026-07-23 19:20:23,Cell_44,2.234,10.593,29.99,114,0,1080
2026-07-23 19:20:23,Cell_45,2.263,14.633,27.26,132,0,1050
2026-07-23 19:20:23,Cell_46,2.219,1.87,28.43,80,0,1120
2026-07-23 19:20:23,Cell_47,2.17,29.6,40.44,157,0,1040
2026-07-23 19:20:23,Cell_48,2.16,16.501,36.09,78,0,1110
2026-07-23 19:20:23,Cell_49,2.261,18.74,34.43,151,0,1030
2026-07-23 19:20:23,Cell_5,2.298,4.294,29.0,142,0,1042
2026-07-23 19:20:23,Cell_50,2.193,23.701,66.3,207,1,885
2026-07-23 19:20:23,Cell_51,2.216,9.256,29.75,161,0,1032
2026-07-23 19:20:23,Cell_52,1.9,42.208,75.0,62,2,1095
2026-07-23 19:20:23,Cell_53,2.3,38.677,40.11,147,0,1048
2026-07-23 19:20:23,Cell_54,2.208,30.193,35.35,132,0,1055
2026-07-23 19:20:23,Cell_55,2.214,16.368,27.23,198,0,985
2026-07-23 19:20:23,Cell_6,2.201,32.096,34.01,145,0,1054
2026-07-23 19:20:23,Cell_7,2.246,22.259,31.86,161,0,1034
2026-07-23 19:20:23,Cell_8,2.186,36.136,38.21,111,0,1077
2026-07-23 19:20:23,Cell_9,2.221,14.343,33.15,93,0,1104
2026-07-23 19:22:23,Cell_1,2.105,33.062,36.72,203,0,987
2026-07-23 19:22:23,Cell_10,2.261,29.22,40.75,178,0,1004
2026-07-23 19:22:23,Cell_11,2.202,31.989,37.46,137,0,1047
2026-07-23 19:22:23,Cell_12,2.127,23.627,40.62,153,0,1039
2026-07-23 19:22:23,Cell_13,2.124,29.835,68.16,53,1,1107
2026-07-23 19:22:23,Cell_14,2.144,24.517,32.77,130,0,1061
2026-07-23 19:22:23,Cell_15,2.226,35.464,38.58,74,0,1107
2026-07-23 19:22:23,Cell_16,2.187,0.96,27.06,150,0,1047
2026-07-23 19:22:23,Cell_17,2.148,29.713,38.56,194,0,1006
2026-07-23 19:22:23,Cell_18,2.262,20.942,32.26,161,0,1024
2026-07-23 19:22:23,Cell_19,2.145,21.299,34.17,133,0,1056
2026-07-23 19:22:23,Cell_2,2.169,19.461,35.05,137,0,1048
2026-07-23 19:22:23,Cell_20,2.217,12.69,27.06,149,0,1043
2026-07-23 19:22:23,Cell_21,2.283,16.637,32.19,60,0,1126
2026-07-23 19:22:23,Cell_22,2.129,30.504,72.82,169,1,935
2026-07-23 19:22:23,Cell_23,2.089,3.929,26.17,164,0,1026
2026-07-23 19:22:23,Cell_24,2.21,19.372,35.58,186,0,997
2026-07-23 19:22:23,Cell_25,2.19,12.712,32.22,106,0,1076
2026-07-23 19:22:23,Cell_26,2.181,3.54,28.31,200,0,992
2026-07-23 19:22:23,Cell_27,2.279,44.082,41.62,115,0,1070
2026-07-23 19:22:23,Cell_28,2.099,29.729,37.42,120,0,1075
2026-07-23 19:22:23,Cell_29,2.209,18.722,29.75,95,0,1093
2026-07-23 19:22:23,Cell_3,2.254,30.409,39.6,189,0,1000
2026-07-23 19:22:23,Cell_30,2.173,20.134,35.03,99,0,1101
2026-07-23 19:22:23,Cell_31,2.252,34.892,41.71,114,0,1071
2026-07-23 19:22:23,Cell_32,2.175,18.812,34.77,111,0,1087
2026-07-23 19:22:23,Cell_33,2.206,0.0,28.02,85,0,1112
2026-07-23 19:22:23,Cell_34,2.105,15.324,31.21,174,0,1011
2026-07-23 19:22:23,Cell_35,2.153,13.406,28.68,161,0,1035
2026-07-23 19:22:23,Cell_36,2.205,17.727,37.51,94,0,1087
2026-07-23 19:22:23,Cell_37,2.146,23.575,32.44,121,0,1060
2026-07-23 19:22:23,Cell_38,2.227,24.803,35.54,154,0,1038
2026-07-23 19:22:23,Cell_39,2.251,18.799,34.19,189,0,992
2026-07-23 19:22:23,Cell_4,2.262,14.824,28.01,167,0,1020
2026-07-23 19:22:23,Cell_40,2.117,28.261,32.44,147,0,1039
2026-07-23 19:22:23,Cell_41,2.211,31.341,40.35,157,0,1032
2026-07-23 19:22:23,Cell_42,2.285,0.0,23.22,115,0,1079
2026-07-23 19:22:23,Cell_43,2.212,17.626,38.2,156,0,1025
2026-07-23 19:22:23,Cell_44,2.245,27.051,34.82,114,0,1080
2026-07-23 19:22:23,Cell_45,2.225,34.835,39.78,132,0,1051
2026-07-23 19:22:23,Cell_46,2.194,33.511,38.65,80,0,1110
2026-07-23 19:22:23,Cell_47,2.281,24.155,35.45,158,0,1039
2026-07-23 19:22:23,Cell_48,2.241,34.223,40.87,78,0,1116
2026-07-23 19:22:23,Cell_49,2.247,25.787,32.98,151,0,1049
2026-07-23 19:22:23,Cell_5,2.221,13.341,29.22,143,0,1040
2026-07-23 19:22:23,Cell_50,2.224,19.421,36.15,207,0,976
2026-07-23 19:22:23,Cell_51,2.178,17.421,31.52,161,0,1038
2026-07-23 19:22:23,Cell_52,2.268,18.055,33.19,62,0,1125
2026-07-23 19:22:23,Cell_53,2.281,11.512,29.37,147,0,1043
2026-07-23 19:22:23,Cell_54,2.169,22.265,37.68,132,0,1056
2026-07-23 19:22:23,Cell_55,2.186,27.939,38.57,198,0,998
2026-07-23 19:22:23,Cell_6,2.143,12.978,29.57,145,0,1043
2026-07-23 19:22:23,Cell_7,2.191,50.0,42.36,161,0,1039
2026-07-23 19:22:23,Cell_8,2.18,31.403,38.57,111,0,1083
2026-07-23 19:22:23,Cell_9,2.168,13.359,30.76,93,0,1103
2026-07-23 19:24:23,Cell_1,2.219,25.413,40.59,203,0,994
2026-07-23 19:24:23,Cell_10,2.241,10.936,32.28,178,0,1022
2026-07-23 19:24:23,Cell_11,2.164,32.901,44.17,137,0,1057
2026-07-23 19:24:23,Cell_12,2.126,18.503,30.19,153,0,1038
2026-07-23 19:24:23,Cell_13,2.268,13.18,31.94,53,0,1144
2026-07-23 19:24:23,Cell_14,2.113,15.905,30.66,131,0,1060
2026-07-23 19:24:23,Cell_15,2.294,9.481,24.94,74,0,1118
2026-07-23 19:24:23,Cell_16,2.068,15.112,37.06,151,0,1042
2026-07-23 19:24:23,Cell_17,2.249,21.286,27.02,194,0,988
2026-07-23 19:24:23,Cell_18,2.156,23.783,71.84,161,1,950
2026-07-23 19:24:23,Cell_19,2.117,14.4,37.58,133,0,1058
2026-07-23 19:24:23,Cell_2,2.193,18.256,32.18,137,0,1057
2026-07-23 19:24:23,Cell_20,2.263,22.327,35.1,149,0,1049
2026-07-23 19:24:23,Cell_21,1.9,50.0,80.11,60,2,1094
2026-07-23 19:24:23,Cell_22,2.25,5.528,27.11,170,0,1029
2026-07-23 19:24:23,Cell_23,2.183,39.633,39.31,164,0,1023
2026-07-23 19:24:23,Cell_24,2.051,24.601,60.0,186,1,1004
2026-07-23 19:24:23,Cell_25,2.219,22.551,30.86,106,0,1089
2026-07-23 19:24:23,Cell_26,2.154,33.654,43.58,200,0,984
2026-07-23 19:24:23,Cell_27,2.149,11.224,27.41,115,0,1066
2026-07-23 19:24:23,Cell_28,2.254,36.177,42.78,120,0,1061
2026-07-23 19:24:23,Cell_29,2.234,32.958,44.17,96,0,1092
2026-07-23 19:24:23,Cell_3,2.127,38.031,43.62,189,0,1000
2026-07-23 19:24:23,Cell_30,2.291,25.821,31.85,99,0,1096
2026-07-23 19:24:23,Cell_31,2.187,28.801,36.75,114,0,1085
2026-07-23 19:24:23,Cell_32,2.201,36.023,37.91,111,0,1074
2026-07-23 19:24:23,Cell_33,2.208,23.873,36.23,85,0,1113
2026-07-23 19:24:23,Cell_34,2.176,29.173,38.19,174,0,1024
2026-07-23 19:24:23,Cell_35,2.243,26.699,41.91,161,0,1029
2026-07-23 19:24:23,Cell_36,2.256,21.503,36.7,94,0,1103
2026-07-23 19:24:23,Cell_37,2.168,35.952,42.73,121,0,1071
2026-07-23 19:24:23,Cell_38,2.224,36.454,39.49,154,0,1030
2026-07-23 19:24:23,Cell_39,2.07,23.895,74.67,189,1,904
2026-07-23 19:24:23,Cell_4,2.246,16.547,34.8,167,0,1020
2026-07-23 19:24:23,Cell_40,2.117,22.751,34.42,147,0,1040
2026-07-23 19:24:23,Cell_41,1.9,33.908,76.15,157,2,947
2026-07-23 19:24:23,Cell_42,2.217,50.0,44.96,115,0,1085
2026-07-23 19:24:23,Cell_43,2.185,33.744,43.95,156,0,1038
2026-07-23 19:24:23,Cell_44,2.233,21.0,36.38,114,0,1072
2026-07-23 19:24:23,Cell_45,2.225,35.507,46.0,132,0,1063
2026-07-23 19:24:23,Cell_46,2.193,9.328,29.97,80,0,1104
2026-07-23 19:24:23,Cell_47,2.137,29.059,42.05,158,0,1041
2026-07-23 19:24:23,Cell_48,2.214,24.645,40.66,78,0,1104
2026-07-23 19:24:23,Cell_49,2.248,32.949,38.92,151,0,1048
2026-07-23 19:24:23,Cell_5,2.17,30.872,37.67,143,0,1056
2026-07-23 19:24:23,Cell_50,2.18,9.878,28.11,207,0,990
2026-07-23 19:24:23,Cell_51,2.129,38.907,41.14,161,0,1031
2026-07-23 19:24:23,Cell_52,2.142,38.568,41.66,62,0,1125
2026-07-23 19:24:23,Cell_53,2.3,34.694,37.4,147,0,1047
2026-07-23 19:24:23,Cell_54,2.284,2.694,28.43,132,0,1058
2026-07-23 19:24:23,Cell_55,2.193,50.0,45.04,198,0,998
2026-07-23 19:24:23,Cell_6,2.076,26.45,61.53,145,1,967
2026-07-23 19:24:23,Cell_7,2.177,21.509,38.58,161,0,1025
2026-07-23 19:24:23,Cell_8,2.169,28.494,33.52,111,0,1078
2026-07-23 19:24:23,Cell_9,2.151,28.549,37.88,93,0,1107
2026-07-23 19:26:23,Cell_1,1.9,34.147,79.35,203,2,883
2026-07-23 19:26:23,Cell_10,2.19,21.047,40.09,178,0,1019
2026-07-23 19:26:23,Cell_11,2.168,15.996,25.93,137,0,1061
2026-07-23 19:26:23,Cell_12,2.022,0.629,72.12,153,1,969
2026-07-23 19:26:23,Cell_13,2.198,38.484,40.72,53,0,1131
2026-07-23 19:26:23,Cell_14,2.3,25.233,35.48,131,0,1066
2026-07-23 19:26:23,Cell_15,2.166,46.949,44.79,74,0,1125
2026-07-23 19:26:23,Cell_16,2.181,47.067,64.1,151,1,961
2026-07-23 19:26:23,Cell_17,2.179,34.334,43.73,194,0,995
2026-07-23 19:26:23,Cell_18,2.203,20.459,36.01,161,0,1021
2026-07-23 19:26:23,Cell_19,2.253,27.124,37.44,134,0,1064
2026-07-23 19:26:23,Cell_2,2.232,11.428,35.03,137,0,1055
2026-07-23 19:26:23,Cell_20,2.174,16.259,34.27,149,0,1032
2026-07-23 19:26:23,Cell_21,2.144,8.452,68.23,60,1,1109
2026-07-23 19:26:23,Cell_22,2.3,25.811,39.12,170,0,1017
2026-07-23 19:26:23,Cell_23,2.211,23.959,40.51,164,0,1019
2026-07-23 19:26:23,Cell_24,2.165,23.202,41.22,186,0,1002
2026-07-23 19:26:23,Cell_25,2.236,35.723,38.08,106,0,1088
2026-07-23 19:26:23,Cell_26,2.258,37.648,41.13,200,0,990
2026-07-23 19:26:23,Cell_27,2.215,31.361,36.01,115,0,1074
2026-07-23 19:26:23,Cell_28,2.244,29.411,40.92,120,0,1079
2026-07-23 19:26:23,Cell_29,2.112,18.522,35.94,96,0,1091
2026-07-23 19:26:23,Cell_3,2.196,30.163,38.33,189,0,999
2026-07-23 19:26:23,Cell_30,2.287,12.992,32.89,99,0,1089
2026-07-23 19:26:23,Cell_31,2.205,20.506,33.68,114,0,1074
2026-07-23 19:26:23,Cell_32,2.223,25.335,41.85,111,0,1089
2026-07-23 19:26:23,Cell_33,2.286,35.771,42.53,85,0,1111
2026-07-23 19:26:23,Cell_34,2.261,16.081,33.77,174,0,1020
2026-07-23 19:26:23,Cell_35,2.216,25.565,34.78,161,0,1039
2026-07-23 19:26:23,Cell_36,2.206,16.723,33.75,94,0,1106
2026-07-23 19:26:23,Cell_37,2.192,26.422,31.31,121,0,1075
2026-07-23 19:26:23,Cell_38,2.256,22.104,29.97,154,0,1033
2026-07-23 19:26:23,Cell_39,2.079,19.734,37.41,189,0,999
2026-07-23 19:26:23,Cell_4,2.261,8.97,31.24,167,0,1016
2026-07-23 19:26:23,Cell_40,2.215,23.659,38.13,147,0,1046
2026-07-23 19:26:23,Cell_41,2.2,20.084,39.06,157,0,1032
2026-07-23 19:26:23,Cell_42,2.18,38.487,42.67,115,0,1069
2026-07-23 19:26:23,Cell_43,2.252,20.494,36.07,156,0,1025
2026-07-23 19:26:23,Cell_44,2.172,36.723,34.14,114,0,1081
2026-07-23 19:26:23,Cell_45,2.226,26.979,37.36,132,0,1050
2026-07-23 19:26:23,Cell_46,2.239,14.411,28.76,80,0,1108
2026-07-23 19:26:23,Cell_47,2.24,19.427,37.95,158,0,1030
2026-07-23 19:26:23,Cell_48,2.229,33.765,38.89,78,0,1103
2026-07-23 19:26:23,Cell_49,2.143,8.269,28.65,151,0,1030
2026-07-23 19:26:23,Cell_5,2.107,29.338,32.98,143,0,1042
2026-07-23 19:26:23,Cell_50,1.853,36.366,77.38,207,2,887
2026-07-23 19:26:23,Cell_51,2.185,7.427,26.76,161,0,1038
2026-07-23 19:26:23,Cell_52,2.221,8.448,30.48,62,0,1138
2026-07-23 19:26:23,Cell_53,2.192,10.117,32.82,147,0,1037
2026-07-23 19:26:23,Cell_54,2.226,25.123,33.58,132,0,1064
2026-07-23 19:26:23,Cell_55,2.26,21.695,36.41,198,0,992
2026-07-23 19:26:23,Cell_6,2.248,15.851,35.26,145,0,1040
2026-07-23 19:26:23,Cell_7,2.214,38.042,40.54,161,0,1036
2026-07-23 19:26:23,Cell_8,2.212,21.872,29.72,112,0,1083
2026-07-23 19:26:23,Cell_9,2.3,24.282,35.15,93,0,1089
2026-07-23 19:28:23,Cell_1,2.165,33.57,34.05,203,0,993
2026-07-23 19:28:23,Cell_10,2.23,22.94,33.47,178,0,1020
2026-07-23 19:28:23,Cell_11,2.213,33.119,41.25,137,0,1063
2026-07-23 19:28:23,Cell_12,2.094,25.635,37.55,153,0,1044
2026-07-23 19:28:23,Cell_13,2.271,30.107,39.52,53,0,1135
2026-07-23 19:28:23,Cell_14,2.278,14.91,30.64,131,0,1052
2026-07-23 19:28:23,Cell_15,2.161,18.69,28.9,74,0,1121
2026-07-23 19:28:23,Cell_16,2.265,25.098,31.93,151,0,1037
2026-07-23 19:28:23,Cell_17,2.112,9.715,31.25,195,0,995
2026-07-23 19:28:23,Cell_18,2.157,34.717,37.53,161,0,1034
2026-07-23 19:28:23,Cell_19,2.204,26.361,41.03,134,0,1049
2026-07-23 19:28:23,Cell_2,2.209,19.475,34.39,137,0,1055
2026-07-23 19:28:23,Cell_20,2.286,25.243,33.41,150,0,1038
2026-07-23 19:28:23,Cell_21,2.272,31.327,40.04,60,0,1137
2026-07-23 19:28:23,Cell_22,2.14,20.86,35.67,170,0,1021
2026-07-23 19:28:23,Cell_23,2.201,28.751,36.81,164,0,1024
2026-07-23 19:28:23,Cell_24,2.205,27.067,38.21,186,0,1014
2026-07-23 19:28:23,Cell_25,2.192,23.257,40.01,106,0,1094
2026-07-23 19:28:23,Cell_26,2.2,29.009,35.14,200,0,999
2026-07-23 19:28:23,Cell_27,2.174,43.798,66.16,115,1,1013
2026-07-23 19:28:23,Cell_28,2.111,37.986,60.0,120,1,1066
2026-07-23 19:28:23,Cell_29,2.3,2.782,26.33,96,0,1094
2026-07-23 19:28:23,Cell_3,2.3,31.948,40.41,189,0,996
2026-07-23 19:28:23,Cell_30,2.14,24.749,35.48,99,0,1101
2026-07-23 19:28:23,Cell_31,2.2,20.983,67.8,114,1,1016
2026-07-23 19:28:23,Cell_32,2.154,27.394,37.94,111,0,1077
2026-07-23 19:28:23,Cell_33,2.079,14.649,29.99,85,0,1112
2026-07-23 19:28:23,Cell_34,2.14,21.036,35.64,174,0,1015
2026-07-23 19:28:23,Cell_35,2.177,28.278,69.73,161,1,956
2026-07-23 19:28:23,Cell_36,2.24,28.893,35.83,94,0,1106
2026-07-23 19:28:23,Cell_37,2.193,21.487,34.03,121,0,1069
2026-07-23 19:28:23,Cell_38,2.133,16.823,28.64,154,0,1040
2026-07-23 19:28:23,Cell_39,2.182,34.603,43.63,189,0,1008
2026-07-23 19:28:23,Cell_4,2.205,40.241,35.71,167,0,1014
2026-07-23 19:28:23,Cell_40,2.07,26.611,62.86,147,1,976
2026-07-23 19:28:23,Cell_41,2.206,23.626,34.49,157,0,1036
2026-07-23 19:28:23,Cell_42,2.217,8.681,28.96,115,0,1067
2026-07-23 19:28:23,Cell_43,2.216,21.935,28.62,156,0,1032
2026-07-23 19:28:23,Cell_44,2.212,37.046,40.1,114,0,1086
2026-07-23 19:28:23,Cell_45,2.147,40.435,42.33,132,0,1066
2026-07-23 19:28:23,Cell_46,2.256,29.591,37.04,80,0,1112
2026-07-23 19:28:23,Cell_47,2.126,13.433,31.99,158,0,1042
2026-07-23 19:28:23,Cell_48,2.223,10.652,27.49,78,0,1107
2026-07-23 19:28:23,Cell_49,2.162,33.418,39.49,151,0,1033
2026-07-23 19:28:23,Cell_5,2.283,17.013,35.0,143,0,1053
2026-07-23 19:28:23,Cell_50,2.089,28.401,62.21,207,1,881
2026-07-23 19:28:23,Cell_51,2.215,44.964,49.59,161,0,1020
2026-07-23 19:28:23,Cell_52,2.208,18.129,27.25,62,0,1131
2026-07-23 19:28:23,Cell_53,2.256,26.111,30.72,147,0,1051
2026-07-23 19:28:23,Cell_54,2.175,36.283,42.55,132,0,1063
2026-07-23 19:28:23,Cell_55,2.059,26.912,60.0,198,1,985
2026-07-23 19:28:23,Cell_6,2.249,25.795,42.62,145,0,1054
2026-07-23 19:28:23,Cell_7,2.138,26.021,36.23,161,0,1032
2026-07-23 19:28:23,Cell_8,2.21,32.037,41.27,112,0,1078
2026-07-23 19:28:23,Cell_9,2.245,39.762,45.79,93,0,1097
2026-07-23 19:30:23,Cell_1,2.192,34.771,41.58,203,0,980
2026-07-23 19:30:23,Cell_10,2.077,21.417,34.64,178,0,1016
2026-07-23 19:30:23,Cell_11,2.206,27.757,39.2,137,0,1044
2026-07-23 19:30:23,Cell_12,2.275,33.389,36.8,153,0,1046
2026-07-23 19:30:23,Cell_13,2.274,46.489,42.35,53,0,1146
2026-07-23 19:30:23,Cell_14,2.149,37.505,37.13,131,0,1050
2026-07-23 19:30:23,Cell_15,2.3,26.367,29.93,74,0,1113
2026-07-23 19:30:23,Cell_16,2.227,23.307,37.65,151,0,1035
2026-07-23 19:30:23,Cell_17,2.175,17.95,36.25,195,0,1001
2026-07-23 19:30:23,Cell_18,2.155,18.54,37.75,161,0,1022
2026-07-23 19:30:23,Cell_19,2.193,42.119,43.2,134,0,1052
2026-07-23 19:30:23,Cell_2,2.223,19.707,35.97,137,0,1056
2026-07-23 19:30:23,Cell_20,2.208,50.0,44.53,150,0,1046
2026-07-23 19:30:23,Cell_21,2.219,23.651,37.56,60,0,1121
2026-07-23 19:30:23,Cell_22,2.185,21.391,31.12,170,0,1015
2026-07-23 19:30:23,Cell_23,2.201,27.699,35.4,164,0,1033
2026-07-23 19:30:23,Cell_24,2.213,29.163,37.91,186,0,1005
2026-07-23 19:30:23,Cell_25,2.144,27.63,38.89,107,0,1083
2026-07-23 19:30:23,Cell_26,2.19,8.655,30.2,200,0,985
2026-07-23 19:30:23,Cell_27,2.176,34.26,42.03,115,0,1072
2026-07-23 19:30:23,Cell_28,2.185,39.223,45.21,120,0,1064
2026-07-23 19:30:23,Cell_29,2.239,13.668,33.56,96,0,1094
2026-07-23 19:30:23,Cell_3,2.3,7.906,29.01,189,0,1008
2026-07-23 19:30:23,Cell_30,2.117,12.088,60.0,99,1,1088
2026-07-23 19:30:23,Cell_31,2.251,25.681,34.09,114,0,1075
2026-07-23 19:30:23,Cell_32,2.133,25.386,36.19,111,0,1074
2026-07-23 19:30:23,Cell_33,2.233,21.587,32.61,85,0,1098
2026-07-23 19:30:23,Cell_34,2.271,28.159,37.41,174,0,1023
2026-07-23 19:30:23,Cell_35,2.255,26.24,37.9,162,0,1035
2026-07-23 19:30:23,Cell_36,2.187,32.643,39.49,94,0,1089
2026-07-23 19:30:23,Cell_37,2.166,27.147,38.73,121,0,1070
2026-07-23 19:30:23,Cell_38,2.254,26.587,36.92,154,0,1033
2026-07-23 19:30:23,Cell_39,2.195,20.79,30.88,189,0,1005
2026-07-23 19:30:23,Cell_4,2.182,15.032,30.35,167,0,1014
2026-07-23 19:30:23,Cell_40,2.221,8.803,30.75,147,0,1044
2026-07-23 19:30:23,Cell_41,2.195,30.981,40.37,157,0,1025
2026-07-23 19:30:23,Cell_42,2.244,45.194,47.82,116,0,1068
2026-07-23 19:30:23,Cell_43,2.207,21.81,35.26,156,0,1040
2026-07-23 19:30:23,Cell_44,2.283,11.668,27.8,114,0,1084
2026-07-23 19:30:23,Cell_45,2.241,15.35,32.41,132,0,1052
2026-07-23 19:30:23,Cell_46,2.181,34.983,36.05,80,0,1119
2026-07-23 19:30:23,Cell_47,2.131,38.694,42.43,158,0,1028
2026-07-23 19:30:23,Cell_48,2.199,24.168,31.29,78,0,1114
2026-07-23 19:30:23,Cell_49,2.107,35.175,68.06,152,1,969
2026-07-23 19:30:23,Cell_5,2.271,24.314,32.37,143,0,1040
2026-07-23 19:30:23,Cell_50,2.135,29.234,38.63,207,0,984
2026-07-23 19:30:23,Cell_51,2.099,39.997,62.05,161,1,943
2026-07-23 19:30:23,Cell_52,2.234,13.142,28.64,62,0,1130
2026-07-23 19:30:23,Cell_53,2.189,24.942,36.29,147,0,1036
2026-07-23 19:30:23,Cell_54,2.168,24.158,40.22,132,0,1060
2026-07-23 19:30:23,Cell_55,2.208,27.213,39.13,198,0,983
2026-07-23 19:30:23,Cell_6,2.288,32.277,35.76,145,0,1050
2026-07-23 19:30:23,Cell_7,2.161,22.011,34.39,161,0,1031
2026-07-23 19:30:23,Cell_8,2.248,40.531,41.11,112,0,1082
2026-07-23 19:30:23,Cell_9,2.222,19.994,37.27,93,0,1090
2026-07-23 19:32:23,Cell_1,2.183,11.67,30.21,203,0,993
2026-07-23 19:32:23,Cell_10,2.119,39.355,45.99,178,0,1009
2026-07-23 19:32:23,Cell_11,2.275,27.306,36.18,137,0,1057
2026-07-23 19:32:23,Cell_12,2.129,25.476,35.3,153,0,1031
2026-07-23 19:32:23,Cell_13,2.262,11.236,25.25,53,0,1145
2026-07-23 19:32:23,Cell_14,2.26,23.497,33.68,131,0,1066
2026-07-23 19:32:23,Cell_15,2.256,39.041,40.05,74,0,1114
2026-07-23 19:32:23,Cell_16,2.186,23.35,34.19,151,0,1047
2026-07-23 19:32:23,Cell_17,2.269,20.827,36.76,195,0,987
2026-07-23 19:32:23,Cell_18,2.125,21.426,36.33,161,0,1022
2026-07-23 19:32:23,Cell_19,2.124,27.994,38.37,134,0,1051
2026-07-23 19:32:23,Cell_2,2.24,21.088,34.79,137,0,1056
2026-07-23 19:32:23,Cell_20,2.127,22.247,64.37,150,1,968
2026-07-23 19:32:23,Cell_21,2.256,27.452,34.14,60,0,1135
2026-07-23 19:32:23,Cell_22,1.86,35.706,78.75,170,2,938
2026-07-23 19:32:23,Cell_23,2.104,34.847,36.07,164,0,1035
2026-07-23 19:32:23,Cell_24,2.155,2.268,29.09,186,0,1012
2026-07-23 19:32:23,Cell_25,2.291,23.325,32.27,107,0,1093
2026-07-23 19:32:23,Cell_26,2.224,24.845,38.57,200,0,984
2026-07-23 19:32:23,Cell_27,2.2,47.592,44.95,115,0,1081
2026-07-23 19:32:23,Cell_28,2.254,0.0,26.71,120,0,1067
2026-07-23 19:32:23,Cell_29,2.216,20.846,31.9,96,0,1093
2026-07-23 19:32:23,Cell_3,2.181,22.062,30.43,189,0,1010
2026-07-23 19:32:23,Cell_30,2.195,18.513,30.55,99,0,1098
2026-07-23 19:32:23,Cell_31,2.233,9.787,28.26,114,0,1080
2026-07-23 19:32:23,Cell_32,2.175,33.214,38.3,111,0,1085
2026-07-23 19:32:23,Cell_33,2.148,21.832,32.29,85,0,1107
2026-07-23 19:32:23,Cell_34,2.248,23.181,38.01,174,0,1010
2026-07-23 19:32:23,Cell_35,2.092,12.394,31.1,162,0,1030
2026-07-23 19:32:23,Cell_36,2.177,13.1,34.13,94,0,1104
2026-07-23 19:32:23,Cell_37,2.211,15.237,37.84,121,0,1071
2026-07-23 19:32:23,Cell_38,2.166,35.781,36.63,154,0,1045
2026-07-23 19:32:23,Cell_39,2.185,29.83,41.12,189,0,994
2026-07-23 19:32:23,Cell_4,2.198,29.359,40.36,167,0,1032
2026-07-23 19:32:23,Cell_40,2.241,15.466,31.19,147,0,1034
2026-07-23 19:32:23,Cell_41,2.186,12.629,33.24,157,0,1030
2026-07-23 19:32:23,Cell_42,2.174,18.855,37.77,116,0,1084
2026-07-23 19:32:23,Cell_43,2.185,26.948,36.68,156,0,1027
2026-07-23 19:32:23,Cell_44,2.19,31.436,36.94,114,0,1072
2026-07-23 19:32:23,Cell_45,2.24,22.689,34.7,132,0,1063
2026-07-23 19:32:23,Cell_46,2.238,27.574,29.56,80,0,1112
2026-07-23 19:32:23,Cell_47,2.228,28.753,38.6,158,0,1034
2026-07-23 19:32:23,Cell_48,2.232,19.848,30.69,78,0,1122
2026-07-23 19:32:23,Cell_49,2.237,27.826,35.78,152,0,1029
2026-07-23 19:32:23,Cell_5,2.216,27.271,37.87,143,0,1056
2026-07-23 19:32:23,Cell_50,2.08,27.076,42.11,207,0,987
2026-07-23 19:32:23,Cell_51,2.172,37.68,39.17,161,0,1021
2026-07-23 19:32:23,Cell_52,2.25,14.695,34.59,62,0,1121
2026-07-23 19:32:23,Cell_53,2.273,26.541,35.27,147,0,1052
2026-07-23 19:32:23,Cell_54,2.212,12.339,28.03,132,0,1064
2026-07-23 19:32:23,Cell_55,2.242,14.242,34.17,198,0,984
2026-07-23 19:32:23,Cell_6,2.082,17.033,66.29,145,1,967
2026-07-23 19:32:23,Cell_7,2.135,37.486,40.23,161,0,1021
2026-07-23 19:32:23,Cell_8,2.268,23.719,33.24,112,0,1083
2026-07-23 19:32:23,Cell_9,2.258,21.669,32.18,93,0,1090
2026-07-23 19:34:23,Cell_1,2.186,10.147,30.59,203,0,993
2026-07-23 19:34:23,Cell_10,2.201,24.6,39.13,178,0,1007
2026-07-23 19:34:23,Cell_11,2.163,13.04,31.87,137,0,1049
2026-07-23 19:34:23,Cell_12,2.2,12.066,32.21,153,0,1045
2026-07-23 19:34:23,Cell_13,2.284,28.985,37.54,53,0,1138
2026-07-23 19:34:23,Cell_14,2.205,4.199,27.35,131,0,1058
2026-07-23 19:34:23,Cell_15,2.197,33.451,40.74,74,0,1110
2026-07-23 19:34:23,Cell_16,2.19,30.778,38.32,151,0,1046
2026-07-23 19:34:23,Cell_17,2.261,43.673,42.35,195,0,989
2026-07-23 19:34:23,Cell_18,2.156,25.729,36.78,161,0,1020
2026-07-23 19:34:23,Cell_19,2.208,25.246,35.74,134,0,1052
2026-07-23 19:34:23,Cell_2,2.258,28.912,38.3,137,0,1062
2026-07-23 19:34:23,Cell_20,1.9,50.0,82.66,150,2,969
2026-07-23 19:34:23,Cell_21,2.185,12.213,32.21,60,0,1128
2026-07-23 19:34:23,Cell_22,2.103,37.056,39.83,170,0,1027
2026-07-23 19:34:23,Cell_23,2.214,15.284,31.12,164,0,1028
2026-07-23 19:34:23,Cell_24,2.193,40.46,45.25,187,0,999
2026-07-23 19:34:23,Cell_25,2.25,28.343,37.71,107,0,1092
2026-07-23 19:34:23,Cell_26,2.147,19.294,34.37,200,0,994
2026-07-23 19:34:23,Cell_27,2.179,14.987,30.55,115,0,1085
2026-07-23 19:34:23,Cell_28,2.18,28.779,37.31,120,0,1068
2026-07-23 19:34:23,Cell_29,2.187,26.791,33.7,96,0,1096
2026-07-23 19:34:23,Cell_3,2.216,38.194,41.67,189,0,1003
2026-07-23 19:34:23,Cell_30,2.165,29.389,36.96,99,0,1084
2026-07-23 19:34:23,Cell_31,2.269,31.684,42.65,114,0,1071
2026-07-23 19:34:23,Cell_32,2.221,19.596,30.45,111,0,1076
2026-07-23 19:34:23,Cell_33,2.261,14.317,29.07,85,0,1110
2026-07-23 19:34:23,Cell_34,2.214,33.62,44.31,174,0,1013
2026-07-23 19:34:23,Cell_35,2.073,31.867,65.64,162,1,955
2026-07-23 19:34:23,Cell_36,2.179,10.038,23.09,94,0,1096
2026-07-23 19:34:23,Cell_37,2.191,22.779,36.43,121,0,1060
2026-07-23 19:34:23,Cell_38,2.277,28.794,36.6,154,0,1035
2026-07-23 19:34:23,Cell_39,2.252,24.999,36.11,189,0,1011
2026-07-23 19:34:23,Cell_4,2.217,23.048,35.57,167,0,1028
2026-07-23 19:34:23,Cell_40,2.199,0.0,30.84,147,0,1042
2026-07-23 19:34:23,Cell_41,2.203,23.988,33.38,157,0,1039
2026-07-23 19:34:23,Cell_42,2.247,31.287,36.7,116,0,1069
2026-07-23 19:34:23,Cell_43,2.164,14.944,37.59,156,0,1033
2026-07-23 19:34:23,Cell_44,1.9,36.437,84.44,114,2,1020
2026-07-23 19:34:23,Cell_45,2.23,41.034,42.57,132,0,1055
2026-07-23 19:34:23,Cell_46,2.287,19.751,29.61,80,0,1118
2026-07-23 19:34:23,Cell_47,2.199,15.203,30.34,158,0,1027
2026-07-23 19:34:23,Cell_48,2.3,15.906,31.09,78,0,1110
2026-07-23 19:34:23,Cell_49,2.174,33.52,41.48,152,0,1041
2026-07-23 19:34:23,Cell_5,2.135,27.871,38.45,143,0,1054
2026-07-23 19:34:23,Cell_50,2.259,30.496,38.22,207,0,987
2026-07-23 19:34:23,Cell_51,2.119,23.783,34.31,161,0,1033
2026-07-23 19:34:23,Cell_52,2.242,27.741,32.21,62,0,1125
2026-07-23 19:34:23,Cell_53,2.186,7.996,25.71,147,0,1040
2026-07-23 19:34:23,Cell_54,2.168,28.764,35.17,132,0,1064
2026-07-23 19:34:23,Cell_55,2.09,26.977,39.69,198,0,999
2026-07-23 19:34:23,Cell_6,2.236,10.073,29.23,145,0,1055
2026-07-23 19:34:23,Cell_7,2.178,13.646,34.28,161,0,1028
2026-07-23 19:34:23,Cell_8,2.208,15.031,27.09,112,0,1077
2026-07-23 19:34:23,Cell_9,2.206,20.5,35.97,93,0,1099
2026-07-23 19:36:23,Cell_1,2.211,31.73,43.99,203,0,983
2026-07-23 19:36:23,Cell_10,2.224,24.811,40.86,178,0,1022
2026-07-23 19:36:23,Cell_11,2.225,28.726,36.12,137,0,1050
2026-07-23 19:36:23,Cell_12,2.265,28.743,36.35,153,0,1045
2026-07-23 19:36:23,Cell_13,2.22,30.551,35.31,53,0,1143
2026-07-23 19:36:23,Cell_14,2.106,13.143,31.6,131,0,1065
2026-07-23 19:36:23,Cell_15,2.118,24.72,38.76,74,0,1120
2026-07-23 19:36:23,Cell_16,2.136,37.51,44.6,151,0,1039
2026-07-23 19:36:23,Cell_17,2.18,39.89,42.96,195,0,995
2026-07-23 19:36:23,Cell_18,2.202,32.693,40.44,161,0,1025
2026-07-23 19:36:23,Cell_19,2.187,26.175,36.59,134,0,1059
2026-07-23 19:36:23,Cell_2,2.175,28.753,68.64,137,1,991
2026-07-23 19:36:23,Cell_20,2.216,18.321,29.13,151,0,1039
2026-07-23 19:36:23,Cell_21,2.215,15.688,30.85,60,0,1125
2026-07-23 19:36:23,Cell_22,2.242,26.493,33.04,170,0,1023
2026-07-23 19:36:23,Cell_23,2.199,19.149,33.5,164,0,1030
2026-07-23 19:36:23,Cell_24,2.261,27.39,36.9,187,0,1009
2026-07-23 19:36:23,Cell_25,2.159,16.653,34.27,107,0,1076
2026-07-23 19:36:23,Cell_26,2.25,20.886,33.77,200,0,995
2026-07-23 19:36:23,Cell_27,2.176,27.07,39.76,115,0,1070
2026-07-23 19:36:23,Cell_28,2.177,18.867,32.3,120,0,1071
2026-07-23 19:36:23,Cell_29,2.147,18.189,32.49,96,0,1098
2026-07-23 19:36:23,Cell_3,2.205,25.685,30.98,189,0,992
2026-07-23 19:36:23,Cell_30,2.248,31.994,42.29,99,0,1083
2026-07-23 19:36:23,Cell_31,2.177,34.917,34.07,114,0,1078
2026-07-23 19:36:23,Cell_32,2.216,18.14,32.21,111,0,1084
2026-07-23 19:36:23,Cell_33,2.213,26.315,41.13,85,0,1114
2026-07-23 19:36:23,Cell_34,2.23,43.805,46.61,174,0,1012
2026-07-23 19:36:23,Cell_35,2.28,8.699,23.15,162,0,1035
2026-07-23 19:36:23,Cell_36,2.259,39.496,44.16,94,0,1101
2026-07-23 19:36:23,Cell_37,2.254,27.79,38.81,121,0,1075
2026-07-23 19:36:23,Cell_38,2.209,28.028,34.42,154,0,1039
2026-07-23 19:36:23,Cell_39,2.143,22.366,29.38,189,0,1010
2026-07-23 19:36:23,Cell_4,2.233,41.299,46.74,167,0,1028
2026-07-23 19:36:23,Cell_40,2.166,16.156,33.69,147,0,1051
2026-07-23 19:36:23,Cell_41,2.174,15.508,36.91,157,0,1028
2026-07-23 19:36:23,Cell_42,2.131,17.278,32.82,116,0,1075
2026-07-23 19:36:23,Cell_43,2.137,31.111,37.27,156,0,1025
2026-07-23 19:36:23,Cell_44,2.209,28.945,37.23,114,0,1075
2026-07-23 19:36:23,Cell_45,2.208,26.235,34.48,132,0,1056
2026-07-23 19:36:23,Cell_46,1.882,37.313,82.4,80,2,1061
2026-07-23 19:36:23,Cell_47,2.236,42.518,42.02,158,0,1034
2026-07-23 19:36:23,Cell_48,2.225,40.971,34.53,78,0,1118
2026-07-23 19:36:23,Cell_49,2.295,34.22,43.63,152,0,1033
2026-07-23 19:36:23,Cell_5,2.201,33.468,41.14,143,0,1038
2026-07-23 19:36:23,Cell_50,2.124,30.909,43.18,207,0,978
2026-07-23 19:36:23,Cell_51,2.228,25.571,35.18,161,0,1029
2026-07-23 19:36:23,Cell_52,2.246,29.175,32.55,62,0,1131
2026-07-23 19:36:23,Cell_53,2.224,21.944,39.0,147,0,1051
2026-07-23 19:36:23,Cell_54,2.083,29.935,35.04,132,0,1056
2026-07-23 19:36:23,Cell_55,2.234,30.597,38.98,198,0,983
2026-07-23 19:36:23,Cell_6,2.02,32.705,40.44,145,0,1045
2026-07-23 19:36:23,Cell_7,2.251,16.33,33.43,161,0,1023
2026-07-23 19:36:23,Cell_8,2.215,29.588,36.24,112,0,1071
2026-07-23 19:36:23,Cell_9,2.164,19.41,69.05,93,1,1051
2026-07-23 19:38:23,Cell_1,2.15,28.534,35.93,203,0,992
2026-07-23 19:38:23,Cell_10,2.129,22.681,34.53,179,0,1018
2026-07-23 19:38:23,Cell_11,2.178,21.647,36.15,137,0,1063
2026-07-23 19:38:23,Cell_12,2.151,36.276,44.14,153,0,1028
2026-07-23 19:38:23,Cell_13,2.174,1.117,20.98,53,0,1140
2026-07-23 19:38:23,Cell_14,2.214,31.912,37.41,131,0,1069
2026-07-23 19:38:23,Cell_15,1.9,35.477,84.2,74,2,1082
2026-07-23 19:38:23,Cell_16,2.233,18.76,32.86,151,0,1032
2026-07-23 19:38:23,Cell_17,2.18,27.786,40.39,195,0,1002
2026-07-23 19:38:23,Cell_18,2.222,36.003,38.36,161,0,1026
2026-07-23 19:38:23,Cell_19,2.217,25.971,35.4,134,0,1057
2026-07-23 19:38:23,Cell_2,2.228,16.008,37.96,137,0,1057
2026-07-23 19:38:23,Cell_20,2.268,29.571,40.73,151,0,1034
2026-07-23 19:38:23,Cell_21,2.221,41.427,41.33,60,0,1127
2026-07-23 19:38:23,Cell_22,2.174,9.887,30.63,170,0,1013
2026-07-23 19:38:23,Cell_23,2.234,24.671,33.65,164,0,1034
2026-07-23 19:38:23,Cell_24,2.207,20.519,35.43,187,0,1005
2026-07-23 19:38:23,Cell_25,2.256,17.747,35.94,107,0,1092
2026-07-23 19:38:23,Cell_26,2.145,15.815,32.76,200,0,995
2026-07-23 19:38:23,Cell_27,2.258,23.412,39.62,115,0,1077
2026-07-23 19:38:23,Cell_28,2.143,39.532,38.73,120,0,1067
2026-07-23 19:38:23,Cell_29,1.9,40.74,83.8,96,2,1046
2026-07-23 19:38:23,Cell_3,2.223,19.891,33.04,189,0,1002
2026-07-23 19:38:23,Cell_30,2.202,41.335,40.3,99,0,1100
2026-07-23 19:38:23,Cell_31,2.183,33.603,41.15,114,0,1082
2026-07-23 19:38:23,Cell_32,2.273,17.927,30.93,111,0,1079
2026-07-23 19:38:23,Cell_33,2.157,29.427,35.41,85,0,1105
2026-07-23 19:38:23,Cell_34,2.22,24.212,36.2,174,0,1025
2026-07-23 19:38:23,Cell_35,2.222,21.106,34.93,162,0,1031
2026-07-23 19:38:23,Cell_36,2.206,14.562,29.0,94,0,1099
2026-07-23 19:38:23,Cell_37,2.2,17.851,36.73,121,0,1078
2026-07-23 19:38:23,Cell_38,2.181,50.0,45.89,154,0,1035
2026-07-23 19:38:23,Cell_39,2.125,29.413,36.67,189,0,999
2026-07-23 19:38:23,Cell_4,2.204,10.253,30.31,167,0,1028
2026-07-23 19:38:23,Cell_40,2.096,20.548,60.0,147,1,1040
2026-07-23 19:38:23,Cell_41,2.22,38.573,39.97,157,0,1025
2026-07-23 19:38:23,Cell_42,2.233,27.193,38.41,116,0,1070
2026-07-23 19:38:23,Cell_43,1.873,25.958,83.76,156,2,963
2026-07-23 19:38:23,Cell_44,2.178,26.242,36.4,114,0,1070
2026-07-23 19:38:23,Cell_45,2.208,11.906,32.19,132,0,1055
2026-07-23 19:38:23,Cell_46,2.205,16.941,34.71,80,0,1110
2026-07-23 19:38:23,Cell_47,2.193,49.537,45.58,158,0,1023
2026-07-23 19:38:23,Cell_48,2.276,29.455,39.57,78,0,1111
2026-07-23 19:38:23,Cell_49,2.207,21.091,31.19,152,0,1045
2026-07-23 19:38:23,Cell_5,2.169,22.313,37.37,143,0,1048
2026-07-23 19:38:23,Cell_50,2.195,28.2,33.93,207,0,989
2026-07-23 19:38:23,Cell_51,2.119,20.484,36.39,161,0,1025
2026-07-23 19:38:23,Cell_52,2.141,28.788,29.11,62,0,1128
2026-07-23 19:38:23,Cell_53,2.179,37.733,42.58,147,0,1034
2026-07-23 19:38:23,Cell_54,2.21,19.124,34.78,132,0,1064
2026-07-23 19:38:23,Cell_55,2.189,24.082,39.32,198,0,987
2026-07-23 19:38:23,Cell_6,2.194,30.167,37.95,146,0,1046
2026-07-23 19:38:23,Cell_7,2.216,20.952,31.24,161,0,1022
2026-07-23 19:38:23,Cell_8,2.166,27.363,37.77,113,0,1077
2026-07-23 19:38:23,Cell_9,2.129,23.309,34.72,93,0,1103
2026-07-23 19:40:23,Cell_1,2.125,12.373,34.57,203,0,992
2026-07-23 19:40:23,Cell_10,2.245,35.729,40.86,179,0,1019
2026-07-23 19:40:23,Cell_11,2.261,32.269,32.48,137,0,1052
2026-07-23 19:40:23,Cell_12,2.24,18.562,33.05,153,0,1044
2026-07-23 19:40:23,Cell_13,2.222,12.004,29.68,53,0,1134
2026-07-23 19:40:23,Cell_14,2.203,23.812,34.65,131,0,1065
2026-07-23 19:40:23,Cell_15,2.23,34.979,36.19,74,0,1110
2026-07-23 19:40:23,Cell_16,2.3,10.651,37.03,151,0,1030
2026-07-23 19:40:23,Cell_17,2.021,32.393,62.77,195,1,896
2026-07-23 19:40:23,Cell_18,2.213,17.637,28.88,161,0,1026
2026-07-23 19:40:23,Cell_19,2.233,23.644,38.04,134,0,1061
2026-07-23 19:40:23,Cell_2,2.257,22.526,35.62,137,0,1047
2026-07-23 19:40:23,Cell_20,2.187,28.165,36.67,151,0,1033
2026-07-23 19:40:23,Cell_21,2.154,31.499,33.88,60,0,1121
2026-07-23 19:40:23,Cell_22,2.232,22.25,31.77,170,0,1022
2026-07-23 19:40:23,Cell_23,2.172,26.448,37.81,165,0,1018
2026-07-23 19:40:23,Cell_24,2.161,22.61,31.02,187,0,1006
2026-07-23 19:40:23,Cell_25,2.235,40.174,40.85,107,0,1086
2026-07-23 19:40:23,Cell_26,2.2,37.31,39.23,200,0,993
2026-07-23 19:40:23,Cell_27,2.181,15.353,34.93,115,0,1078
2026-07-23 19:40:23,Cell_28,2.189,17.281,28.87,120,0,1078
2026-07-23 19:40:23,Cell_29,2.24,26.81,39.16,96,0,1089
2026-07-23 19:40:23,Cell_3,2.213,15.517,32.54,189,0,1007
2026-07-23 19:40:23,Cell_30,2.253,33.998,39.67,99,0,1082
2026-07-23 19:40:23,Cell_31,2.189,17.104,29.43,114,0,1069
2026-07-23 19:40:23,Cell_32,2.138,26.909,36.16,111,0,1072
2026-07-23 19:40:23,Cell_33,2.3,6.809,30.23,85,0,1103
2026-07-23 19:40:23,Cell_34,2.098,15.253,30.38,174,0,1024
2026-07-23 19:40:23,Cell_35,2.227,12.529,29.32,162,0,1027
2026-07-23 19:40:23,Cell_36,2.176,31.908,41.3,94,0,1104
2026-07-23 19:40:23,Cell_37,2.178,0.0,24.94,121,0,1078
2026-07-23 19:40:23,Cell_38,2.172,20.693,38.14,154,0,1030
2026-07-23 19:40:23,Cell_39,2.224,10.331,32.48,189,0,1005
2026-07-23 19:40:23,Cell_4,2.209,21.32,34.0,167,0,1014
2026-07-23 19:40:23,Cell_40,2.112,26.983,37.58,147,0,1034
2026-07-23 19:40:23,Cell_41,2.196,19.703,39.21,157,0,1039
2026-07-23 19:40:23,Cell_42,2.214,34.797,38.05,117,0,1081
2026-07-23 19:40:23,Cell_43,2.146,27.125,32.55,156,0,1028
2026-07-23 19:40:23,Cell_44,2.209,20.043,33.06,114,0,1081
2026-07-23 19:40:23,Cell_45,2.278,31.534,39.7,132,0,1055
2026-07-23 19:40:23,Cell_46,2.26,25.846,34.92,80,0,1102
2026-07-23 19:40:23,Cell_47,2.164,17.119,33.87,159,0,1038
2026-07-23 19:40:23,Cell_48,2.142,24.599,75.0,78,2,1073
2026-07-23 19:40:23,Cell_49,2.189,16.099,34.05,152,0,1034
2026-07-23 19:40:23,Cell_5,2.167,25.052,30.22,143,0,1040
2026-07-23 19:40:23,Cell_50,2.094,18.543,30.85,207,0,984
2026-07-23 19:40:23,Cell_51,2.19,38.947,36.33,161,0,1034
2026-07-23 19:40:23,Cell_52,2.149,11.146,29.22,62,0,1132
2026-07-23 19:40:23,Cell_53,2.124,20.504,36.8,147,0,1050
2026-07-23 19:40:23,Cell_54,2.232,32.731,38.56,132,0,1063
2026-07-23 19:40:23,Cell_55,2.051,28.447,60.1,198,1,894
2026-07-23 19:40:23,Cell_6,2.249,27.594,39.96,146,0,1052
2026-07-23 19:40:23,Cell_7,2.158,29.314,39.79,161,0,1025
2026-07-23 19:40:23,Cell_8,2.22,23.794,36.89,113,0,1076
2026-07-23 19:40:23,Cell_9,2.27,0.0,28.06,93,0,1101
2026-07-23 19:42:23,Cell_1,2.226,20.581,40.18,203,0,988
2026-07-23 19:42:23,Cell_10,2.202,32.307,33.47,179,0,1021
2026-07-23 19:42:23,Cell_11,2.206,12.281,28.93,137,0,1049
2026-07-23 19:42:23,Cell_12,2.228,21.814,35.13,153,0,1031
2026-07-23 19:42:23,Cell_13,2.193,22.03,35.04,53,0,1138
2026-07-23 19:42:23,Cell_14,2.217,28.824,39.45,131,0,1054
2026-07-23 19:42:23,Cell_15,2.239,23.036,39.66,74,0,1109
2026-07-23 19:42:23,Cell_16,2.275,30.089,37.65,151,0,1035
2026-07-23 19:42:23,Cell_17,2.14,30.829,43.31,195,0,1001
2026-07-23 19:42:23,Cell_18,2.171,8.414,30.22,161,0,1022
2026-07-23 19:42:23,Cell_19,2.254,26.878,30.49,134,0,1053
2026-07-23 19:42:23,Cell_2,2.209,22.496,31.49,137,0,1046
2026-07-23 19:42:23,Cell_20,2.209,19.837,34.65,151,0,1031
2026-07-23 19:42:23,Cell_21,2.201,43.514,43.42,61,0,1136
2026-07-23 19:42:23,Cell_22,2.197,11.784,30.96,170,0,1025
2026-07-23 19:42:23,Cell_23,2.199,26.539,39.6,165,0,1025
2026-07-23 19:42:23,Cell_24,2.246,20.263,33.42,188,0,998
2026-07-23 19:42:23,Cell_25,2.241,29.06,37.72,107,0,1089
2026-07-23 19:42:23,Cell_26,2.203,25.518,39.25,200,0,993
2026-07-23 19:42:23,Cell_27,2.256,31.303,41.44,115,0,1070
2026-07-23 19:42:23,Cell_28,2.112,18.682,63.14,120,1,1006
2026-07-23 19:42:23,Cell_29,2.172,23.431,63.74,96,1,1037
2026-07-23 19:42:23,Cell_3,2.203,38.736,43.26,189,0,1006
2026-07-23 19:42:23,Cell_30,2.197,26.894,36.22,99,0,1086
2026-07-23 19:42:23,Cell_31,1.815,50.0,84.86,114,2,1019
2026-07-23 19:42:23,Cell_32,2.299,12.597,29.75,111,0,1080
2026-07-23 19:42:23,Cell_33,2.194,17.156,33.48,85,0,1108
2026-07-23 19:42:23,Cell_34,2.182,31.949,32.78,174,0,1022
2026-07-23 19:42:23,Cell_35,2.257,28.945,35.62,162,0,1023
2026-07-23 19:42:23,Cell_36,2.221,0.0,26.83,94,0,1087
2026-07-23 19:42:23,Cell_37,2.227,23.296,33.73,121,0,1062
2026-07-23 19:42:23,Cell_38,2.242,27.003,37.56,154,0,1043
2026-07-23 19:42:23,Cell_39,2.236,12.507,30.73,189,0,1001
2026-07-23 19:42:23,Cell_4,2.154,35.287,43.46,167,0,1018
2026-07-23 19:42:23,Cell_40,2.214,25.202,36.87,147,0,1034
2026-07-23 19:42:23,Cell_41,2.201,27.406,40.94,157,0,1029
2026-07-23 19:42:23,Cell_42,2.196,16.898,25.66,117,0,1078
2026-07-23 19:42:23,Cell_43,2.3,31.392,40.55,156,0,1043
2026-07-23 19:42:23,Cell_44,1.9,36.372,85.31,114,2,1015
2026-07-23 19:42:23,Cell_45,2.234,27.151,40.4,132,0,1052
2026-07-23 19:42:23,Cell_46,2.286,10.746,26.29,80,0,1115
2026-07-23 19:42:23,Cell_47,2.179,13.254,30.51,159,0,1030
2026-07-23 19:42:23,Cell_48,2.218,13.184,33.89,78,0,1112
2026-07-23 19:42:23,Cell_49,2.166,28.901,41.57,152,0,1035
2026-07-23 19:42:23,Cell_5,2.228,28.404,38.46,143,0,1052
2026-07-23 19:42:23,Cell_50,2.213,50.0,45.96,207,0,984
2026-07-23 19:42:23,Cell_51,2.182,29.045,40.47,161,0,1038
2026-07-23 19:42:23,Cell_52,2.243,25.322,34.36,62,0,1129
2026-07-23 19:42:23,Cell_53,2.193,41.931,47.74,147,0,1036
2026-07-23 19:42:23,Cell_54,2.179,16.405,36.5,132,0,1054
2026-07-23 19:42:23,Cell_55,2.249,15.129,27.29,198,0,993
2026-07-23 19:42:23,Cell_6,2.231,14.705,36.01,146,0,1054
2026-07-23 19:42:23,Cell_7,2.235,38.705,44.5,161,0,1039
2026-07-23 19:42:23,Cell_8,2.194,48.2,49.23,113,0,1087
2026-07-23 19:42:23,Cell_9,2.195,21.803,30.23,93,0,1095
2026-07-23 19:44:23,Cell_1,2.192,26.362,41.83,203,0,990
2026-07-23 19:44:23,Cell_10,2.205,12.849,35.37,179,0,1021
2026-07-23 19:44:23,Cell_11,2.265,19.06,32.11,137,0,1055
2026-07-23 19:44:23,Cell_12,2.196,45.644,46.25,153,0,1041
2026-07-23 19:44:23,Cell_13,2.255,32.215,35.46,53,0,1132
2026-07-23 19:44:23,Cell_14,2.233,29.157,34.82,131,0,1059
2026-07-23 19:44:23,Cell_15,2.211,12.491,32.06,74,0,1123
2026-07-23 19:44:23,Cell_16,2.153,35.861,40.74,151,0,1046
2026-07-23 19:44:23,Cell_17,2.187,37.201,42.44,195,0,1003
2026-07-23 19:44:23,Cell_18,2.081,18.579,29.8,161,0,1036
2026-07-23 19:44:23,Cell_19,2.251,19.067,30.71,134,0,1055
2026-07-23 19:44:23,Cell_2,2.241,34.379,36.68,137,0,1059
2026-07-23 19:44:23,Cell_20,2.118,34.989,38.51,151,0,1039
2026-07-23 19:44:23,Cell_21,2.122,17.18,32.09,61,0,1133
2026-07-23 19:44:23,Cell_22,2.24,23.504,38.62,170,0,1024
2026-07-23 19:44:23,Cell_23,2.135,28.575,42.16,165,0,1024
2026-07-23 19:44:23,Cell_24,2.18,19.0,37.55,188,0,999
2026-07-23 19:44:23,Cell_25,2.244,50.0,41.61,107,0,1091
2026-07-23 19:44:23,Cell_26,1.9,50.0,75.0,200,2,882
2026-07-23 19:44:23,Cell_27,2.245,32.863,41.18,115,0,1074
2026-07-23 19:44:23,Cell_28,2.158,28.009,69.17,120,1,1020
2026-07-23 19:44:23,Cell_29,2.193,32.128,35.25,96,0,1100
2026-07-23 19:44:23,Cell_3,2.183,19.089,35.04,189,0,1006
2026-07-23 19:44:23,Cell_30,2.272,26.064,38.39,99,0,1094
2026-07-23 19:44:23,Cell_31,2.227,44.658,48.61,114,0,1076
2026-07-23 19:44:23,Cell_32,2.209,42.491,40.33,111,0,1081
2026-07-23 19:44:23,Cell_33,2.164,23.559,37.01,85,0,1112
2026-07-23 19:44:23,Cell_34,2.213,42.124,40.96,174,0,1025
2026-07-23 19:44:23,Cell_35,2.261,35.929,43.04,162,0,1024
2026-07-23 19:44:23,Cell_36,2.263,19.856,33.82,94,0,1104
2026-07-23 19:44:23,Cell_37,2.3,4.618,28.35,121,0,1073
2026-07-23 19:44:23,Cell_38,2.237,28.145,37.04,154,0,1045
2026-07-23 19:44:23,Cell_39,2.215,35.459,42.95,189,0,1004
2026-07-23 19:44:23,Cell_4,2.207,32.46,38.96,167,0,1022
2026-07-23 19:44:23,Cell_40,2.25,19.224,31.55,147,0,1039
2026-07-23 19:44:23,Cell_41,2.212,15.729,35.91,157,0,1040
2026-07-23 19:44:23,Cell_42,2.156,35.554,39.25,117,0,1073
2026-07-23 19:44:23,Cell_43,2.215,28.976,47.5,156,0,1040
2026-07-23 19:44:23,Cell_44,2.289,25.046,36.25,114,0,1074
2026-07-23 19:44:23,Cell_45,2.18,12.229,33.79,132,0,1050
2026-07-23 19:44:23,Cell_46,2.3,16.52,29.33,80,0,1114
2026-07-23 19:44:23,Cell_47,1.889,45.965,75.0,159,2,950
2026-07-23 19:44:23,Cell_48,2.27,32.949,37.93,78,0,1104
2026-07-23 19:44:23,Cell_49,2.227,40.627,42.14,152,0,1036
2026-07-23 19:44:23,Cell_5,2.155,17.466,66.58,144,1,969
2026-07-23 19:44:23,Cell_50,2.156,18.932,35.33,207,0,980
2026-07-23 19:44:23,Cell_51,2.3,41.118,40.78,161,0,1030
2026-07-23 19:44:23,Cell_52,2.3,21.45,33.64,62,0,1137
2026-07-23 19:44:23,Cell_53,2.257,24.369,37.56,147,0,1036
2026-07-23 19:44:23,Cell_54,2.216,39.813,44.5,132,0,1064
2026-07-23 19:44:23,Cell_55,2.196,22.592,36.54,198,0,986
2026-07-23 19:44:23,Cell_6,2.114,40.333,37.38,146,0,1037
2026-07-23 19:44:23,Cell_7,2.3,24.51,36.25,161,0,1022
2026-07-23 19:44:23,Cell_8,2.184,22.011,29.7,113,0,1074
2026-07-23 19:44:23,Cell_9,2.201,40.081,42.07,93,0,1103
2026-07-23 19:46:23,Cell_1,2.189,22.509,35.5,203,0,979
2026-07-23 19:46:23,Cell_10,2.171,25.17,39.85,179,0,1012
2026-07-23 19:46:23,Cell_11,2.21,38.728,36.9,137,0,1058
2026-07-23 19:46:23,Cell_12,2.295,25.989,36.96,153,0,1036
2026-07-23 19:46:23,Cell_13,2.263,24.837,40.37,53,0,1145
2026-07-23 19:46:23,Cell_14,2.228,23.235,36.52,131,0,1051
2026-07-23 19:46:23,Cell_15,2.3,32.017,39.7,75,0,1118
2026-07-23 19:46:23,Cell_16,2.231,28.812,41.11,151,0,1035
2026-07-23 19:46:23,Cell_17,2.119,35.403,43.54,195,0,991
2026-07-23 19:46:23,Cell_18,2.19,16.516,28.87,161,0,1028
2026-07-23 19:46:23,Cell_19,2.282,28.373,42.54,134,0,1055
2026-07-23 19:46:23,Cell_2,2.274,16.491,38.16,138,0,1050
2026-07-23 19:46:23,Cell_20,2.3,0.0,26.25,151,0,1043
2026-07-23 19:46:23,Cell_21,2.167,26.616,40.77,61,0,1125
2026-07-23 19:46:23,Cell_22,2.178,20.2,35.76,170,0,1026
2026-07-23 19:46:23,Cell_23,2.222,12.917,29.93,165,0,1032
2026-07-23 19:46:23,Cell_24,2.212,19.866,34.23,188,0,1010
2026-07-23 19:46:23,Cell_25,2.246,26.369,35.67,107,0,1082
2026-07-23 19:46:23,Cell_26,2.259,25.837,39.17,200,0,1000
2026-07-23 19:46:23,Cell_27,2.181,22.929,32.21,115,0,1072
2026-07-23 19:46:23,Cell_28,2.258,31.175,35.29,120,0,1074
2026-07-23 19:46:23,Cell_29,2.184,3.647,29.57,96,0,1093
2026-07-23 19:46:23,Cell_3,2.134,22.072,34.92,189,0,998
2026-07-23 19:46:23,Cell_30,2.188,25.317,75.0,99,2,1049
2026-07-23 19:46:23,Cell_31,2.296,26.529,42.99,114,0,1076
2026-07-23 19:46:23,Cell_32,2.225,28.46,41.11,111,0,1070
2026-07-23 19:46:23,Cell_33,2.184,9.597,33.38,85,0,1104
2026-07-23 19:46:23,Cell_34,2.158,18.616,36.08,174,0,1014
2026-07-23 19:46:23,Cell_35,2.115,22.402,35.8,162,0,1025
2026-07-23 19:46:23,Cell_36,2.259,23.265,34.4,94,0,1103
2026-07-23 19:46:23,Cell_37,2.237,34.279,39.23,121,0,1061
2026-07-23 19:46:23,Cell_38,2.147,28.802,69.59,154,1,954
2026-07-23 19:46:23,Cell_39,2.14,22.138,62.6,189,1,909
2026-07-23 19:46:23,Cell_4,2.104,24.58,39.72,167,0,1031
2026-07-23 19:46:23,Cell_40,2.14,27.018,37.29,147,0,1045
2026-07-23 19:46:23,Cell_41,2.195,26.266,41.06,157,0,1036
2026-07-23 19:46:23,Cell_42,2.265,34.264,43.02,118,0,1069
2026-07-23 19:46:23,Cell_43,2.143,15.558,64.86,156,1,962
2026-07-23 19:46:23,Cell_44,2.264,10.248,33.08,114,0,1071
2026-07-23 19:46:23,Cell_45,2.174,36.889,47.1,132,0,1049
2026-07-23 19:46:23,Cell_46,2.266,14.222,36.25,80,0,1109
2026-07-23 19:46:23,Cell_47,2.266,31.188,39.05,159,0,1030
2026-07-23 19:46:23,Cell_48,2.156,32.744,42.93,78,0,1117
2026-07-23 19:46:23,Cell_49,2.25,40.368,41.76,152,0,1046
2026-07-23 19:46:23,Cell_5,2.154,28.655,37.26,144,0,1039
2026-07-23 19:46:23,Cell_50,2.113,23.527,37.5,207,0,977
2026-07-23 19:46:23,Cell_51,2.125,31.936,68.59,161,1,958
2026-07-23 19:46:23,Cell_52,2.243,24.316,35.25,62,0,1138
2026-07-23 19:46:23,Cell_53,2.17,3.455,26.13,147,0,1039
2026-07-23 19:46:23,Cell_54,2.195,18.717,30.12,132,0,1056
2026-07-23 19:46:23,Cell_55,2.143,37.544,41.01,198,0,997
2026-07-23 19:46:23,Cell_6,2.166,22.178,37.51,146,0,1038
2026-07-23 19:46:23,Cell_7,2.195,16.666,38.12,161,0,1028
2026-07-23 19:46:23,Cell_8,2.242,41.839,51.3,113,0,1076
2026-07-23 19:46:23,Cell_9,2.168,41.326,40.92,93,0,1094
2026-07-23 19:48:23,Cell_1,2.139,31.209,40.23,203,0,983
2026-07-23 19:48:23,Cell_10,2.14,20.314,38.25,179,0,1020
2026-07-23 19:48:23,Cell_11,2.204,10.265,33.46,137,0,1050
2026-07-23 19:48:23,Cell_12,2.248,28.168,37.39,153,0,1042
2026-07-23 19:48:23,Cell_13,2.127,23.186,33.93,53,0,1135
2026-07-23 19:48:23,Cell_14,2.164,24.864,40.79,131,0,1052
2026-07-23 19:48:23,Cell_15,2.251,23.789,35.15,75,0,1116
2026-07-23 19:48:23,Cell_16,2.171,31.227,37.28,151,0,1032
2026-07-23 19:48:23,Cell_17,2.209,17.05,30.51,195,0,1003
2026-07-23 19:48:23,Cell_18,2.149,35.544,41.51,161,0,1021
2026-07-23 19:48:23,Cell_19,2.182,33.634,41.79,134,0,1062
2026-07-23 19:48:23,Cell_2,2.229,17.345,33.36,138,0,1060
2026-07-23 19:48:23,Cell_20,2.227,36.789,39.38,152,0,1041
2026-07-23 19:48:23,Cell_21,2.205,43.618,43.6,61,0,1127
2026-07-23 19:48:23,Cell_22,1.868,38.581,81.71,170,2,934
2026-07-23 19:48:23,Cell_23,2.22,24.905,38.1,165,0,1018
2026-07-23 19:48:23,Cell_24,2.149,23.679,32.95,188,0,1000
2026-07-23 19:48:23,Cell_25,2.2,47.078,47.83,107,0,1091
2026-07-23 19:48:23,Cell_26,2.125,43.83,40.22,200,0,997
2026-07-23 19:48:23,Cell_27,2.226,18.469,35.79,115,0,1085
2026-07-23 19:48:23,Cell_28,2.183,38.845,40.13,120,0,1075
2026-07-23 19:48:23,Cell_29,2.248,33.824,40.44,96,0,1091
2026-07-23 19:48:23,Cell_3,2.122,26.499,35.51,189,0,1006
2026-07-23 19:48:23,Cell_30,2.196,22.629,28.4,99,0,1101
2026-07-23 19:48:23,Cell_31,2.18,38.923,47.71,114,0,1077
2026-07-23 19:48:23,Cell_32,2.194,27.898,61.38,111,1,1019
2026-07-23 19:48:23,Cell_33,2.204,36.366,41.23,85,0,1098
2026-07-23 19:48:23,Cell_34,2.166,31.774,39.2,174,0,1020
2026-07-23 19:48:23,Cell_35,2.123,35.677,68.82,162,1,949
2026-07-23 19:48:23,Cell_36,2.276,11.118,29.29,94,0,1087
2026-07-23 19:48:23,Cell_37,2.214,17.077,38.58,122,0,1067
2026-07-23 19:48:23,Cell_38,2.147,33.133,41.09,154,0,1046
2026-07-23 19:48:23,Cell_39,2.166,31.63,39.28,189,0,1003
2026-07-23 19:48:23,Cell_4,2.279,13.655,27.39,167,0,1032
2026-07-23 19:48:23,Cell_40,2.238,23.338,35.9,147,0,1041
2026-07-23 19:48:23,Cell_41,2.153,21.647,37.21,157,0,1041
2026-07-23 19:48:23,Cell_42,2.228,43.702,44.06,118,0,1076
2026-07-23 19:48:23,Cell_43,2.143,28.698,40.62,156,0,1037
2026-07-23 19:48:23,Cell_44,2.205,25.569,37.26,114,0,1083
2026-07-23 19:48:23,Cell_45,2.291,30.06,39.36,132,0,1050
2026-07-23 19:48:23,Cell_46,2.271,26.437,33.36,80,0,1118
2026-07-23 19:48:23,Cell_47,2.16,39.014,36.53,159,0,1026
2026-07-23 19:48:23,Cell_48,2.231,10.28,25.31,78,0,1113
2026-07-23 19:48:23,Cell_49,2.147,19.828,62.26,152,1,961
2026-07-23 19:48:23,Cell_5,2.222,32.818,43.55,144,0,1053
2026-07-23 19:48:23,Cell_50,2.142,23.318,33.3,207,0,988
2026-07-23 19:48:23,Cell_51,2.089,41.378,64.08,161,1,952
2026-07-23 19:48:23,Cell_52,2.204,4.427,26.52,62,0,1134
2026-07-23 19:48:23,Cell_53,2.247,31.081,40.48,147,0,1051
2026-07-23 19:48:23,Cell_54,2.23,28.393,38.88,132,0,1049
2026-07-23 19:48:23,Cell_55,2.222,22.659,39.31,198,0,996
2026-07-23 19:48:23,Cell_6,2.258,5.503,28.69,146,0,1039
2026-07-23 19:48:23,Cell_7,2.139,43.411,45.01,162,0,1021
2026-07-23 19:48:23,Cell_8,2.23,20.788,35.39,113,0,1079
2026-07-23 19:48:23,Cell_9,2.204,15.522,29.71,93,0,1103
2026-07-23 19:50:23,Cell_1,2.11,13.627,32.6,203,0,997
2026-07-23 19:50:23,Cell_10,2.158,41.599,39.7,179,0,1002
2026-07-23 19:50:23,Cell_11,2.116,29.92,39.99,137,0,1054
2026-07-23 19:50:23,Cell_12,2.187,39.916,41.56,153,0,1029
2026-07-23 19:50:23,Cell_13,2.238,28.093,30.96,54,0,1134
2026-07-23 19:50:23,Cell_14,2.216,28.256,41.01,131,0,1062
2026-07-23 19:50:23,Cell_15,2.244,3.296,22.62,75,0,1111
2026-07-23 19:50:23,Cell_16,2.194,28.214,39.75,151,0,1045
2026-07-23 19:50:23,Cell_17,2.108,27.243,37.84,195,0,988
2026-07-23 19:50:23,Cell_18,2.122,11.772,34.7,161,0,1025
2026-07-23 19:50:23,Cell_19,2.211,16.03,32.35,134,0,1063
2026-07-23 19:50:23,Cell_2,2.143,45.84,39.08,138,0,1047
2026-07-23 19:50:23,Cell_20,2.112,25.177,36.78,152,0,1030
2026-07-23 19:50:23,Cell_21,2.183,15.866,34.47,61,0,1132
2026-07-23 19:50:23,Cell_22,2.134,37.571,69.09,170,1,937
2026-07-23 19:50:23,Cell_23,2.205,23.723,37.7,165,0,1022
2026-07-23 19:50:23,Cell_24,2.207,33.058,36.44,188,0,998
2026-07-23 19:50:23,Cell_25,2.197,10.037,28.0,107,0,1091
2026-07-23 19:50:23,Cell_26,2.18,6.908,28.17,200,0,985
2026-07-23 19:50:23,Cell_27,2.17,16.84,67.58,115,1,1016
2026-07-23 19:50:23,Cell_28,2.238,21.442,36.07,120,0,1068
2026-07-23 19:50:23,Cell_29,2.122,27.255,35.83,96,0,1104
2026-07-23 19:50:23,Cell_3,2.132,23.11,30.14,189,0,1009
2026-07-23 19:50:23,Cell_30,2.208,9.384,28.87,99,0,1084
2026-07-23 19:50:23,Cell_31,2.139,28.353,35.8,114,0,1079
2026-07-23 19:50:23,Cell_32,2.278,32.341,36.54,111,0,1080
2026-07-23 19:50:23,Cell_33,2.211,15.402,39.15,85,0,1107
2026-07-23 19:50:23,Cell_34,2.244,20.548,34.47,174,0,1021
2026-07-23 19:50:23,Cell_35,2.114,25.387,37.81,162,0,1024
2026-07-23 19:50:23,Cell_36,2.266,27.919,39.79,94,0,1092
2026-07-23 19:50:23,Cell_37,2.271,20.933,36.2,122,0,1059
2026-07-23 19:50:23,Cell_38,2.157,29.244,39.44,154,0,1046
2026-07-23 19:50:23,Cell_39,2.191,5.658,26.44,189,0,1008
2026-07-23 19:50:23,Cell_4,2.233,20.123,37.61,167,0,1033
2026-07-23 19:50:23,Cell_40,2.155,19.552,31.59,148,0,1047
2026-07-23 19:50:23,Cell_41,2.113,19.272,61.4,157,1,954
2026-07-23 19:50:23,Cell_42,2.173,24.41,27.72,118,0,1082
2026-07-23 19:50:23,Cell_43,2.161,42.928,43.18,156,0,1036
2026-07-23 19:50:23,Cell_44,2.218,16.148,31.51,114,0,1080
2026-07-23 19:50:23,Cell_45,2.213,42.091,41.42,132,0,1062
2026-07-23 19:50:23,Cell_46,2.181,31.749,35.35,80,0,1117
2026-07-23 19:50:23,Cell_47,1.876,44.965,79.43,159,2,953
2026-07-23 19:50:23,Cell_48,2.214,33.142,36.89,78,0,1121
2026-07-23 19:50:23,Cell_49,2.229,31.624,43.41,152,0,1030
2026-07-23 19:50:23,Cell_5,1.849,40.646,82.75,144,2,968
2026-07-23 19:50:23,Cell_50,2.193,7.178,27.06,207,0,977
2026-07-23 19:50:23,Cell_51,2.198,17.848,33.45,161,0,1026
2026-07-23 19:50:23,Cell_52,2.182,11.551,33.85,62,0,1126
2026-07-23 19:50:23,Cell_53,2.207,10.619,31.79,147,0,1052
2026-07-23 19:50:23,Cell_54,2.258,36.122,41.56,132,0,1052
2026-07-23 19:50:23,Cell_55,2.165,28.205,38.23,198,0,988
2026-07-23 19:50:23,Cell_6,2.206,28.969,33.83,146,0,1046
2026-07-23 19:50:23,Cell_7,2.213,25.154,38.15,162,0,1036
2026-07-23 19:50:23,Cell_8,2.14,30.96,38.3,113,0,1082
2026-07-23 19:50:23,Cell_9,2.222,12.334,26.67,93,0,1100
2026-07-23 19:52:23,Cell_1,2.218,30.624,38.62,203,0,995
2026-07-23 19:52:23,Cell_10,2.179,30.618,35.79,179,0,1012
2026-07-23 19:52:23,Cell_11,2.223,8.895,31.4,137,0,1050
2026-07-23 19:52:23,Cell_12,2.16,40.869,41.61,154,0,1031
2026-07-23 19:52:23,Cell_13,2.227,32.738,40.96,54,0,1135
2026-07-23 19:52:23,Cell_14,2.182,39.757,44.17,131,0,1059
2026-07-23 19:52:23,Cell_15,2.139,19.059,60.0,75,1,1120
2026-07-23 19:52:23,Cell_16,2.223,16.676,32.47,151,0,1041
2026-07-23 19:52:23,Cell_17,2.137,41.48,37.57,196,0,998
2026-07-23 19:52:23,Cell_18,2.249,30.487,42.49,161,0,1036
2026-07-23 19:52:23,Cell_19,2.157,28.685,34.98,134,0,1048
2026-07-23 19:52:23,Cell_2,2.247,36.443,37.83,138,0,1044
2026-07-23 19:52:23,Cell_20,2.204,33.708,41.82,153,0,1041
2026-07-23 19:52:23,Cell_21,2.242,31.078,35.01,61,0,1128
2026-07-23 19:52:23,Cell_22,2.178,8.493,32.97,170,0,1021
2026-07-23 19:52:23,Cell_23,2.137,31.456,41.95,165,0,1034
2026-07-23 19:52:23,Cell_24,2.182,29.861,40.61,188,0,1009
2026-07-23 19:52:23,Cell_25,2.082,45.197,63.88,107,1,1029
2026-07-23 19:52:23,Cell_26,2.085,36.243,38.86,200,0,992
2026-07-23 19:52:23,Cell_27,2.245,18.661,36.08,115,0,1084
2026-07-23 19:52:23,Cell_28,2.209,23.997,34.63,120,0,1063
2026-07-23 19:52:23,Cell_29,2.187,18.559,35.56,96,0,1102
2026-07-23 19:52:23,Cell_3,2.211,36.944,44.64,189,0,996
2026-07-23 19:52:23,Cell_30,2.3,18.396,29.97,100,0,1082
2026-07-23 19:52:23,Cell_31,2.254,32.833,36.35,115,0,1082
2026-07-23 19:52:23,Cell_32,2.224,28.157,39.22,111,0,1071
2026-07-23 19:52:23,Cell_33,1.9,37.592,81.13,85,2,1056
2026-07-23 19:52:23,Cell_34,2.271,41.802,42.52,174,0,1010
2026-07-23 19:52:23,Cell_35,2.131,23.59,40.11,162,0,1024
2026-07-23 19:52:23,Cell_36,2.232,40.24,46.59,94,0,1087
2026-07-23 19:52:23,Cell_37,2.178,33.347,37.02,122,0,1061
2026-07-23 19:52:23,Cell_38,2.18,27.859,37.85,154,0,1029
2026-07-23 19:52:23,Cell_39,2.177,5.082,34.23,189,0,1005
2026-07-23 19:52:23,Cell_4,2.227,11.275,30.77,167,0,1024
2026-07-23 19:52:23,Cell_40,2.15,28.714,43.51,148,0,1036
2026-07-23 19:52:23,Cell_41,2.244,25.692,38.86,157,0,1024
2026-07-23 19:52:23,Cell_42,2.208,27.1,43.09,118,0,1081
2026-07-23 19:52:23,Cell_43,2.227,30.499,41.42,156,0,1033
2026-07-23 19:52:23,Cell_44,2.217,25.617,32.06,114,0,1076
2026-07-23 19:52:23,Cell_45,2.17,24.729,34.6,132,0,1067
2026-07-23 19:52:23,Cell_46,2.205,22.352,38.38,80,0,1109
2026-07-23 19:52:23,Cell_47,2.292,14.229,29.32,159,0,1041
2026-07-23 19:52:23,Cell_48,2.199,16.73,64.6,78,1,1074
2026-07-23 19:52:23,Cell_49,2.238,20.751,30.64,152,0,1048
2026-07-23 19:52:23,Cell_5,2.222,37.809,36.51,144,0,1038
2026-07-23 19:52:23,Cell_50,2.168,11.328,29.54,207,0,985
2026-07-23 19:52:23,Cell_51,2.279,25.978,37.22,161,0,1030
2026-07-23 19:52:23,Cell_52,2.266,26.947,39.19,62,0,1127
2026-07-23 19:52:23,Cell_53,2.176,11.382,34.3,147,0,1043
2026-07-23 19:52:23,Cell_54,2.198,18.509,33.67,132,0,1050
2026-07-23 19:52:23,Cell_55,2.091,32.4,40.57,198,0,998
2026-07-23 19:52:23,Cell_6,2.238,17.726,34.4,146,0,1050
2026-07-23 19:52:23,Cell_7,2.218,42.906,46.47,162,0,1022
2026-07-23 19:52:23,Cell_8,1.9,35.988,82.75,113,2,1014
2026-07-23 19:52:23,Cell_9,2.261,24.332,35.91,93,0,1093
2026-07-23 19:54:23,Cell_1,2.179,33.994,39.39,204,0,980
2026-07-23 19:54:23,Cell_10,2.176,35.277,41.1,179,0,1013
2026-07-23 19:54:23,Cell_11,2.237,29.414,32.26,137,0,1051
2026-07-23 19:54:23,Cell_12,1.9,50.0,78.99,154,2,968
2026-07-23 19:54:23,Cell_13,2.166,29.703,34.9,54,0,1140
2026-07-23 19:54:23,Cell_14,2.164,28.398,32.45,131,0,1066
2026-07-23 19:54:23,Cell_15,2.254,24.29,39.07,75,0,1125
2026-07-23 19:54:23,Cell_16,2.175,19.385,35.74,151,0,1035
2026-07-23 19:54:23,Cell_17,2.24,23.641,37.24,196,0,988
2026-07-23 19:54:23,Cell_18,2.148,28.488,38.43,162,0,1019
2026-07-23 19:54:23,Cell_19,2.196,13.65,32.7,134,0,1053
2026-07-23 19:54:23,Cell_2,2.183,35.35,37.0,138,0,1044
2026-07-23 19:54:23,Cell_20,2.228,24.699,36.33,153,0,1031
2026-07-23 19:54:23,Cell_21,2.286,20.692,35.8,61,0,1137
2026-07-23 19:54:23,Cell_22,2.156,22.459,40.55,170,0,1030
2026-07-23 19:54:23,Cell_23,2.112,22.111,35.57,165,0,1031
2026-07-23 19:54:23,Cell_24,2.117,16.867,37.88,188,0,1003
2026-07-23 19:54:23,Cell_25,2.159,33.959,38.44,107,0,1078
2026-07-23 19:54:23,Cell_26,2.186,8.808,31.25,200,0,985
2026-07-23 19:54:23,Cell_27,2.3,35.791,42.91,115,0,1080
2026-07-23 19:54:23,Cell_28,2.22,26.862,33.42,120,0,1079
2026-07-23 19:54:23,Cell_29,2.243,13.548,32.16,96,0,1101
2026-07-23 19:54:23,Cell_3,2.054,50.0,60.11,189,1,900
2026-07-23 19:54:23,Cell_30,2.181,3.883,30.22,100,0,1090
2026-07-23 19:54:23,Cell_31,2.247,6.863,32.01,115,0,1076
2026-07-23 19:54:23,Cell_32,2.224,25.398,33.58,111,0,1082
2026-07-23 19:54:23,Cell_33,2.144,8.507,32.13,85,0,1096
2026-07-23 19:54:23,Cell_34,1.815,50.0,83.49,174,2,933
2026-07-23 19:54:23,Cell_35,2.209,17.9,31.62,162,0,1029
2026-07-23 19:54:23,Cell_36,2.225,32.289,42.69,94,0,1094
2026-07-23 19:54:23,Cell_37,2.226,18.141,30.29,122,0,1075
2026-07-23 19:54:23,Cell_38,2.273,23.068,34.12,154,0,1043
2026-07-23 19:54:23,Cell_39,2.187,15.533,31.59,189,0,1011
2026-07-23 19:54:23,Cell_4,2.23,40.045,43.07,167,0,1023
2026-07-23 19:54:23,Cell_40,2.097,31.767,67.49,148,1,964
2026-07-23 19:54:23,Cell_41,2.105,18.983,33.11,157,0,1029
2026-07-23 19:54:23,Cell_42,2.242,22.347,35.92,118,0,1072
2026-07-23 19:54:23,Cell_43,2.207,25.126,42.05,156,0,1044
2026-07-23 19:54:23,Cell_44,2.244,35.945,40.78,114,0,1071
2026-07-23 19:54:23,Cell_45,2.256,35.268,42.64,132,0,1054
2026-07-23 19:54:23,Cell_46,2.177,22.054,31.88,80,0,1102
2026-07-23 19:54:23,Cell_47,2.119,25.175,40.79,159,0,1023
2026-07-23 19:54:23,Cell_48,2.186,46.176,45.02,78,0,1110
2026-07-23 19:54:23,Cell_49,2.114,20.1,36.11,152,0,1043
2026-07-23 19:54:23,Cell_5,2.267,30.666,40.0,144,0,1047
2026-07-23 19:54:23,Cell_50,2.111,13.465,29.92,207,0,989
2026-07-23 19:54:23,Cell_51,2.203,39.619,42.16,161,0,1031
2026-07-23 19:54:23,Cell_52,2.227,28.931,37.75,62,0,1122
2026-07-23 19:54:23,Cell_53,2.194,32.51,40.82,147,0,1040
2026-07-23 19:54:23,Cell_54,2.17,24.364,33.82,132,0,1054
2026-07-23 19:54:23,Cell_55,2.11,11.782,30.44,198,0,985
2026-07-23 19:54:23,Cell_6,2.3,23.648,41.19,146,0,1054
2026-07-23 19:54:23,Cell_7,2.151,43.082,44.71,162,0,1028
2026-07-23 19:54:23,Cell_8,2.246,23.873,32.11,113,0,1084
2026-07-23 19:54:23,Cell_9,2.175,37.369,41.57,93,0,1094
2026-07-23 19:56:23,Cell_1,2.111,33.893,39.53,204,0,979
2026-07-23 19:56:23,Cell_10,2.261,19.652,38.13,179,0,1011
2026-07-23 19:56:23,Cell_11,2.243,32.681,40.77,137,0,1060
2026-07-23 19:56:23,Cell_12,2.133,23.415,38.5,154,0,1040
2026-07-23 19:56:23,Cell_13,2.204,26.272,38.38,54,0,1129
2026-07-23 19:56:23,Cell_14,2.159,7.16,28.06,131,0,1069
2026-07-23 19:56:23,Cell_15,2.259,28.729,37.06,75,0,1112
2026-07-23 19:56:23,Cell_16,2.253,28.849,37.91,151,0,1049
2026-07-23 19:56:23,Cell_17,2.07,21.786,40.1,196,0,987
2026-07-23 19:56:23,Cell_18,2.276,17.285,34.63,162,0,1033
2026-07-23 19:56:23,Cell_19,2.207,39.563,40.77,135,0,1051
2026-07-23 19:56:23,Cell_2,2.205,15.649,32.76,139,0,1059
2026-07-23 19:56:23,Cell_20,2.193,36.043,41.17,153,0,1030
2026-07-23 19:56:23,Cell_21,2.244,38.072,38.49,61,0,1132
2026-07-23 19:56:23,Cell_22,2.19,38.604,45.45,170,0,1028
2026-07-23 19:56:23,Cell_23,2.156,17.783,39.74,165,0,1017
2026-07-23 19:56:23,Cell_24,2.065,18.243,63.03,188,1,916
2026-07-23 19:56:23,Cell_25,2.172,29.761,38.96,107,0,1087
2026-07-23 19:56:23,Cell_26,2.138,15.742,61.42,200,1,882
2026-07-23 19:56:23,Cell_27,2.27,32.749,37.04,115,0,1071
2026-07-23 19:56:23,Cell_28,2.205,0.0,28.16,120,0,1070
2026-07-23 19:56:23,Cell_29,2.255,36.646,41.14,96,0,1088
2026-07-23 19:56:23,Cell_3,2.099,35.236,63.62,189,1,903
2026-07-23 19:56:23,Cell_30,1.865,33.504,84.75,101,2,1032
2026-07-23 19:56:23,Cell_31,2.263,50.0,46.7,115,0,1079
2026-07-23 19:56:23,Cell_32,2.254,24.245,32.0,111,0,1081
2026-07-23 19:56:23,Cell_33,2.224,36.72,44.28,86,0,1107
2026-07-23 19:56:23,Cell_34,2.228,28.017,36.84,174,0,1014
2026-07-23 19:56:23,Cell_35,2.163,25.614,40.3,162,0,1024
2026-07-23 19:56:23,Cell_36,2.133,30.162,34.7,94,0,1105
2026-07-23 19:56:23,Cell_37,2.115,31.103,62.22,122,1,1012
2026-07-23 19:56:23,Cell_38,1.9,40.11,79.98,154,2,961
2026-07-23 19:56:23,Cell_39,2.196,11.221,35.59,189,0,1008
2026-07-23 19:56:23,Cell_4,2.168,16.529,33.14,167,0,1022
2026-07-23 19:56:23,Cell_40,1.9,33.077,79.71,148,2,965
2026-07-23 19:56:23,Cell_41,2.202,20.515,38.98,157,0,1039
2026-07-23 19:56:23,Cell_42,2.157,22.427,32.8,118,0,1067
2026-07-23 19:56:23,Cell_43,2.187,12.957,31.74,156,0,1036
2026-07-23 19:56:23,Cell_44,2.21,33.532,41.44,114,0,1068
2026-07-23 19:56:23,Cell_45,2.114,21.475,34.43,132,0,1065
2026-07-23 19:56:23,Cell_46,2.253,31.371,36.51,80,0,1107
2026-07-23 19:56:23,Cell_47,2.179,22.175,30.51,159,0,1038
2026-07-23 19:56:23,Cell_48,2.225,7.614,32.46,78,0,1112
2026-07-23 19:56:23,Cell_49,2.296,24.343,36.58,152,0,1046
2026-07-23 19:56:23,Cell_5,2.23,23.473,41.39,144,0,1051
2026-07-23 19:56:23,Cell_50,2.264,16.849,34.62,207,0,980
2026-07-23 19:56:23,Cell_51,2.15,21.934,36.15,161,0,1023
2026-07-23 19:56:23,Cell_52,2.215,42.957,39.24,62,0,1119
2026-07-23 19:56:23,Cell_53,2.278,42.089,38.3,147,0,1039
2026-07-23 19:56:23,Cell_54,2.219,6.185,33.59,132,0,1064
2026-07-23 19:56:23,Cell_55,2.121,14.832,29.11,199,0,995
2026-07-23 19:56:23,Cell_6,2.193,41.249,42.1,146,0,1038
2026-07-23 19:56:23,Cell_7,2.145,22.855,37.43,162,0,1035
2026-07-23 19:56:23,Cell_8,2.183,30.982,41.1,113,0,1075
2026-07-23 19:56:23,Cell_9,2.299,28.681,37.63,94,0,1090
2026-07-23 19:58:23,Cell_1,2.189,31.66,44.7,204,0,992
2026-07-23 19:58:23,Cell_10,2.141,28.484,39.69,179,0,1019
2026-07-23 19:58:23,Cell_11,2.209,24.221,34.97,137,0,1045
2026-07-23 19:58:23,Cell_12,2.245,31.577,38.76,154,0,1040
2026-07-23 19:58:23,Cell_13,2.247,32.006,38.66,54,0,1139
2026-07-23 19:58:23,Cell_14,2.166,19.22,33.91,131,0,1053
2026-07-23 19:58:23,Cell_15,2.192,27.174,33.06,75,0,1107
2026-07-23 19:58:23,Cell_16,2.136,17.957,26.2,151,0,1045
2026-07-23 19:58:23,Cell_17,2.23,35.106,37.45,196,0,996
2026-07-23 19:58:23,Cell_18,2.146,30.956,41.51,162,0,1031
2026-07-23 19:58:23,Cell_19,2.143,31.88,39.39,135,0,1048
2026-07-23 19:58:23,Cell_2,2.3,17.817,35.05,139,0,1045
2026-07-23 19:58:23,Cell_20,2.216,45.047,47.04,153,0,1028
2026-07-23 19:58:23,Cell_21,2.21,34.43,34.91,61,0,1133
2026-07-23 19:58:23,Cell_22,2.231,15.866,33.84,170,0,1030
2026-07-23 19:58:23,Cell_23,2.134,21.768,35.77,165,0,1029
2026-07-23 19:58:23,Cell_24,2.114,38.847,42.35,188,0,999
2026-07-23 19:58:23,Cell_25,2.241,18.006,31.87,107,0,1083
2026-07-23 19:58:23,Cell_26,2.076,12.509,60.0,201,1,992
2026-07-23 19:58:23,Cell_27,2.262,39.234,42.67,115,0,1078
2026-07-23 19:58:23,Cell_28,2.21,31.826,42.39,120,0,1061
2026-07-23 19:58:23,Cell_29,2.22,14.58,31.26,96,0,1103
2026-07-23 19:58:23,Cell_3,2.186,23.046,40.89,189,0,998
2026-07-23 19:58:23,Cell_30,2.238,19.391,31.85,101,0,1095
2026-07-23 19:58:23,Cell_31,2.157,49.959,46.44,116,0,1074
2026-07-23 19:58:23,Cell_32,2.187,21.137,33.79,111,0,1085
2026-07-23 19:58:23,Cell_33,2.291,33.995,41.16,86,0,1107
2026-07-23 19:58:23,Cell_34,2.238,8.504,30.9,174,0,1019
2026-07-23 19:58:23,Cell_35,2.17,26.322,34.87,162,0,1034
2026-07-23 19:58:23,Cell_36,2.225,13.642,32.02,94,0,1098
2026-07-23 19:58:23,Cell_37,2.233,8.833,25.98,122,0,1063
2026-07-23 19:58:23,Cell_38,2.177,29.573,37.67,154,0,1042
2026-07-23 19:58:23,Cell_39,2.232,18.149,30.59,189,0,1006
2026-07-23 19:58:23,Cell_4,2.281,25.697,33.48,167,0,1024
2026-07-23 19:58:23,Cell_40,2.222,24.458,33.75,148,0,1034
2026-07-23 19:58:23,Cell_41,2.246,28.411,42.03,157,0,1034
2026-07-23 19:58:23,Cell_42,2.221,36.382,48.67,118,0,1071
2026-07-23 19:58:23,Cell_43,2.18,29.109,38.17,156,0,1027
2026-07-23 19:58:23,Cell_44,2.206,8.19,28.5,114,0,1069
2026-07-23 19:58:23,Cell_45,2.192,20.401,33.59,132,0,1068
2026-07-23 19:58:23,Cell_46,2.258,36.321,39.72,80,0,1116
2026-07-23 19:58:23,Cell_47,2.187,30.086,38.63,159,0,1023
2026-07-23 19:58:23,Cell_48,2.28,27.992,36.49,78,0,1113
2026-07-23 19:58:23,Cell_49,2.112,18.781,35.91,153,0,1029
2026-07-23 19:58:23,Cell_5,2.19,4.726,60.0,144,1,1052
2026-07-23 19:58:23,Cell_50,2.242,22.763,35.39,207,0,993
2026-07-23 19:58:23,Cell_51,2.199,19.425,29.24,161,0,1021
2026-07-23 19:58:23,Cell_52,2.251,11.696,28.13,62,0,1119
2026-07-23 19:58:23,Cell_53,2.233,13.262,30.49,147,0,1046
2026-07-23 19:58:23,Cell_54,2.256,40.803,41.5,132,0,1050
2026-07-23 19:58:23,Cell_55,2.073,37.267,65.71,199,1,889
2026-07-23 19:58:23,Cell_6,2.202,33.011,39.65,146,0,1053
2026-07-23 19:58:23,Cell_7,2.235,10.912,33.34,162,0,1026
2026-07-23 19:58:23,Cell_8,2.169,31.741,36.11,113,0,1082
2026-07-23 19:58:23,Cell_9,2.109,7.658,32.28,94,0,1092
2026-07-23 20:00:23,Cell_1,2.114,30.514,71.69,204,1,894
2026-07-23 20:00:23,Cell_10,2.158,25.089,37.87,179,0,1021
2026-07-23 20:00:23,Cell_11,2.223,29.138,43.96,137,0,1053
2026-07-23 20:00:23,Cell_12,2.163,6.827,60.98,154,1,964
2026-07-23 20:00:23,Cell_13,2.225,21.507,39.45,54,0,1136
2026-07-23 20:00:23,Cell_14,2.159,17.663,33.87,131,0,1050
2026-07-23 20:00:23,Cell_15,2.143,26.676,38.03,75,0,1115
2026-07-23 20:00:23,Cell_16,2.21,13.87,29.78,151,0,1046
2026-07-23 20:00:23,Cell_17,2.109,31.289,66.64,196,1,900
2026-07-23 20:00:23,Cell_18,2.27,24.742,36.68,162,0,1033
2026-07-23 20:00:23,Cell_19,2.26,30.912,41.61,135,0,1056
2026-07-23 20:00:23,Cell_2,2.168,17.532,36.11,139,0,1042
2026-07-23 20:00:23,Cell_20,2.214,44.928,43.85,153,0,1033
2026-07-23 20:00:23,Cell_21,2.211,22.287,32.67,61,0,1132
2026-07-23 20:00:23,Cell_22,2.199,31.344,43.36,170,0,1027
2026-07-23 20:00:23,Cell_23,2.142,8.511,28.2,166,0,1018
2026-07-23 20:00:23,Cell_24,2.186,24.086,36.94,189,0,1008
2026-07-23 20:00:23,Cell_25,2.189,27.646,33.01,107,0,1074
2026-07-23 20:00:23,Cell_26,2.197,7.013,62.94,201,1,893
2026-07-23 20:00:23,Cell_27,2.173,25.818,36.47,116,0,1084
2026-07-23 20:00:23,Cell_28,2.223,31.99,42.24,120,0,1078
2026-07-23 20:00:23,Cell_29,2.299,17.264,37.29,96,0,1087
2026-07-23 20:00:23,Cell_3,2.228,33.344,42.56,189,0,994
2026-07-23 20:00:23,Cell_30,2.188,26.187,39.92,101,0,1083
2026-07-23 20:00:23,Cell_31,2.181,33.568,39.46,116,0,1073
2026-07-23 20:00:23,Cell_32,2.247,31.134,38.13,111,0,1073
2026-07-23 20:00:23,Cell_33,2.154,26.867,33.11,86,0,1105
2026-07-23 20:00:23,Cell_34,2.208,24.954,33.25,175,0,1010
2026-07-23 20:00:23,Cell_35,2.19,19.937,28.27,162,0,1037
2026-07-23 20:00:23,Cell_36,2.177,8.656,32.12,94,0,1105
2026-07-23 20:00:23,Cell_37,2.177,18.6,34.23,122,0,1062
2026-07-23 20:00:23,Cell_38,2.141,36.093,43.52,154,0,1040
2026-07-23 20:00:23,Cell_39,2.205,21.059,42.08,189,0,1010
2026-07-23 20:00:23,Cell_4,2.12,35.087,41.72,167,0,1026
2026-07-23 20:00:23,Cell_40,2.184,21.079,31.34,148,0,1036
2026-07-23 20:00:23,Cell_41,2.219,25.053,38.74,157,0,1034
2026-07-23 20:00:23,Cell_42,2.265,38.023,40.15,118,0,1067
2026-07-23 20:00:23,Cell_43,2.235,1.856,26.68,156,0,1038
2026-07-23 20:00:23,Cell_44,2.3,17.55,28.23,114,0,1076
2026-07-23 20:00:23,Cell_45,1.826,45.387,83.35,132,2,991
2026-07-23 20:00:23,Cell_46,2.241,35.165,34.15,80,0,1116
2026-07-23 20:00:23,Cell_47,2.145,30.256,43.05,159,0,1041
2026-07-23 20:00:23,Cell_48,2.294,32.622,35.96,78,0,1106
2026-07-23 20:00:23,Cell_49,2.165,23.687,34.58,153,0,1033
2026-07-23 20:00:23,Cell_5,2.038,43.607,72.44,144,1,976
2026-07-23 20:00:23,Cell_50,2.11,41.956,44.11,207,0,990
2026-07-23 20:00:23,Cell_51,2.193,15.367,30.9,161,0,1023
2026-07-23 20:00:23,Cell_52,2.217,29.21,39.84,62,0,1130
2026-07-23 20:00:23,Cell_53,2.17,26.961,38.71,147,0,1049
2026-07-23 20:00:23,Cell_54,2.3,31.494,38.9,132,0,1068
2026-07-23 20:00:23,Cell_55,2.206,40.762,40.92,199,0,992
2026-07-23 20:00:23,Cell_6,2.189,25.183,38.2,146,0,1045
2026-07-23 20:00:23,Cell_7,2.25,25.538,41.02,162,0,1022
2026-07-23 20:00:23,Cell_8,2.201,17.31,40.4,113,0,1068
2026-07-23 20:00:23,Cell_9,2.2,14.581,31.7,94,0,1096
2026-07-23 20:02:23,Cell_1,2.166,37.053,36.45,204,0,989
2026-07-23 20:02:23,Cell_10,2.099,7.365,70.93,179,1,923
2026-07-23 20:02:23,Cell_11,2.197,33.513,39.33,137,0,1057
2026-07-23 20:02:23,Cell_12,2.21,38.539,44.54,154,0,1034
2026-07-23 20:02:23,Cell_13,2.3,17.317,35.83,54,0,1127
2026-07-23 20:02:23,Cell_14,2.192,23.64,34.99,131,0,1054
2026-07-23 20:02:23,Cell_15,2.204,36.352,42.6,75,0,1106
2026-07-23 20:02:23,Cell_16,2.186,35.888,40.14,151,0,1030
2026-07-23 20:02:23,Cell_17,2.237,21.71,36.0,196,0,997
2026-07-23 20:02:23,Cell_18,2.248,12.942,32.82,162,0,1032
2026-07-23 20:02:23,Cell_19,2.246,30.818,35.18,135,0,1064
2026-07-23 20:02:23,Cell_2,2.228,25.887,31.36,139,0,1045
2026-07-23 20:02:23,Cell_20,2.191,33.063,36.42,153,0,1029
2026-07-23 20:02:23,Cell_21,2.164,23.789,37.77,61,0,1138
2026-07-23 20:02:23,Cell_22,2.279,15.941,28.85,170,0,1012
2026-07-23 20:02:23,Cell_23,2.188,35.008,34.05,166,0,1032
2026-07-23 20:02:23,Cell_24,2.171,28.555,39.17,190,0,1010
2026-07-23 20:02:23,Cell_25,2.188,37.099,42.61,107,0,1093
2026-07-23 20:02:23,Cell_26,2.145,21.358,34.96,201,0,996
2026-07-23 20:02:23,Cell_27,2.269,23.018,36.93,116,0,1072
2026-07-23 20:02:23,Cell_28,2.165,32.923,38.56,121,0,1071
2026-07-23 20:02:23,Cell_29,2.18,40.85,41.0,96,0,1099
2026-07-23 20:02:23,Cell_3,2.222,28.558,35.38,189,0,1001
2026-07-23 20:02:23,Cell_30,2.117,7.991,27.19,101,0,1088
2026-07-23 20:02:23,Cell_31,2.208,10.949,29.1,116,0,1067
2026-07-23 20:02:23,Cell_32,2.27,39.976,39.5,111,0,1075
2026-07-23 20:02:23,Cell_33,2.09,30.192,69.25,86,1,1061
2026-07-23 20:02:23,Cell_34,2.221,32.125,40.72,175,0,1024
2026-07-23 20:02:23,Cell_35,2.201,37.928,40.56,162,0,1027
2026-07-23 20:02:23,Cell_36,2.259,21.453,34.34,94,0,1100
2026-07-23 20:02:23,Cell_37,2.106,15.488,60.0,122,1,1072
2026-07-23 20:02:23,Cell_38,2.24,30.705,39.82,154,0,1028
2026-07-23 20:02:23,Cell_39,2.12,10.955,33.62,189,0,1006
2026-07-23 20:02:23,Cell_4,2.18,44.259,52.54,167,0,1024
2026-07-23 20:02:23,Cell_40,2.251,18.067,31.05,149,0,1033
2026-07-23 20:02:23,Cell_41,2.162,30.672,62.69,157,1,952
2026-07-23 20:02:23,Cell_42,2.262,2.408,28.57,118,0,1073
2026-07-23 20:02:23,Cell_43,2.248,36.144,40.19,156,0,1042
2026-07-23 20:02:23,Cell_44,2.288,22.939,31.18,114,0,1069
2026-07-23 20:02:23,Cell_45,2.197,45.065,41.43,132,0,1053
2026-07-23 20:02:23,Cell_46,2.232,16.858,41.22,80,0,1112
2026-07-23 20:02:23,Cell_47,2.168,2.177,25.02,159,0,1034
2026-07-23 20:02:23,Cell_48,2.277,22.533,29.79,78,0,1122
2026-07-23 20:02:23,Cell_49,2.215,17.24,37.32,153,0,1041
2026-07-23 20:02:23,Cell_5,2.111,29.845,39.09,144,0,1054
2026-07-23 20:02:23,Cell_50,2.19,22.455,36.28,207,0,986
2026-07-23 20:02:23,Cell_51,2.183,27.481,36.56,161,0,1026
2026-07-23 20:02:23,Cell_52,2.244,46.139,41.39,63,0,1130
2026-07-23 20:02:23,Cell_53,2.204,25.803,37.5,147,0,1053
2026-07-23 20:02:23,Cell_54,2.25,42.761,44.42,132,0,1051
2026-07-23 20:02:23,Cell_55,2.13,16.418,36.07,199,0,995
2026-07-23 20:02:23,Cell_6,2.18,41.916,44.09,146,0,1052
2026-07-23 20:02:23,Cell_7,2.191,27.201,39.61,162,0,1026
2026-07-23 20:02:23,Cell_8,2.177,32.36,35.84,113,0,1071
2026-07-23 20:02:23,Cell_9,2.211,25.382,34.19,94,0,1094
2026-07-23 20:04:23,Cell_1,2.206,11.513,30.72,204,0,985
2026-07-23 20:04:23,Cell_10,2.145,34.905,40.14,179,0,1021
2026-07-23 20:04:23,Cell_11,2.233,19.505,31.16,137,0,1052
2026-07-23 20:04:23,Cell_12,2.212,9.895,30.6,154,0,1033
2026-07-23 20:04:23,Cell_13,2.224,6.639,30.68,54,0,1135
2026-07-23 20:04:23,Cell_14,2.176,26.404,31.51,131,0,1068
2026-07-23 20:04:23,Cell_15,2.172,31.64,42.08,75,0,1111
2026-07-23 20:04:23,Cell_16,2.189,37.183,44.49,151,0,1048
2026-07-23 20:04:23,Cell_17,2.167,40.873,48.65,197,0,993
2026-07-23 20:04:23,Cell_18,1.9,40.997,79.28,162,2,953
2026-07-23 20:04:23,Cell_19,2.165,32.701,62.07,135,1,994
2026-07-23 20:04:23,Cell_2,2.202,33.694,40.41,139,0,1049
2026-07-23 20:04:23,Cell_20,2.167,36.127,42.22,153,0,1047
2026-07-23 20:04:23,Cell_21,2.25,27.72,31.53,62,0,1138
2026-07-23 20:04:23,Cell_22,2.069,30.764,40.77,170,0,1028
2026-07-23 20:04:23,Cell_23,2.179,38.12,39.2,166,0,1019
2026-07-23 20:04:23,Cell_24,2.041,24.231,30.97,190,0,992
2026-07-23 20:04:23,Cell_25,2.3,36.136,36.91,107,0,1088
2026-07-23 20:04:23,Cell_26,2.188,32.078,43.62,201,0,980
2026-07-23 20:04:23,Cell_27,2.234,18.385,35.09,116,0,1072
2026-07-23 20:04:23,Cell_28,2.167,2.21,28.9,121,0,1072
2026-07-23 20:04:23,Cell_29,2.187,36.919,43.4,96,0,1100
2026-07-23 20:04:23,Cell_3,2.175,30.902,39.64,189,0,1007
2026-07-23 20:04:23,Cell_30,2.267,39.654,36.73,101,0,1087
2026-07-23 20:04:23,Cell_31,2.256,23.027,31.83,116,0,1081
2026-07-23 20:04:23,Cell_32,2.3,24.387,36.54,111,0,1086
2026-07-23 20:04:23,Cell_33,2.181,33.676,72.33,86,1,1066
2026-07-23 20:04:23,Cell_34,2.196,31.201,40.9,175,0,1020
2026-07-23 20:04:23,Cell_35,2.167,20.242,31.91,162,0,1035
2026-07-23 20:04:23,Cell_36,2.211,26.467,35.72,94,0,1106
2026-07-23 20:04:23,Cell_37,2.174,28.731,37.6,122,0,1065
2026-07-23 20:04:23,Cell_38,2.178,26.893,33.72,154,0,1037
2026-07-23 20:04:23,Cell_39,2.196,44.845,43.11,189,0,1003
2026-07-23 20:04:23,Cell_4,2.125,38.049,40.39,167,0,1018
2026-07-23 20:04:23,Cell_40,2.208,27.576,37.0,149,0,1033
2026-07-23 20:04:23,Cell_41,1.9,42.063,78.28,157,2,950
2026-07-23 20:04:23,Cell_42,2.159,11.746,29.3,118,0,1069
2026-07-23 20:04:23,Cell_43,2.221,40.798,47.61,156,0,1041
2026-07-23 20:04:23,Cell_44,2.239,29.442,41.22,114,0,1071
2026-07-23 20:04:23,Cell_45,2.158,50.0,60.0,132,1,1064
2026-07-23 20:04:23,Cell_46,2.277,6.997,23.71,80,0,1106
2026-07-23 20:04:23,Cell_47,2.206,18.865,31.1,159,0,1040
2026-07-23 20:04:23,Cell_48,2.3,33.075,40.09,78,0,1108
2026-07-23 20:04:23,Cell_49,2.298,42.552,45.43,153,0,1043
2026-07-23 20:04:23,Cell_5,2.3,17.247,33.3,144,0,1046
2026-07-23 20:04:23,Cell_50,2.224,27.811,39.73,207,0,980
2026-07-23 20:04:23,Cell_51,2.234,9.705,31.73,161,0,1026
2026-07-23 20:04:23,Cell_52,2.248,32.918,35.94,63,0,1120
2026-07-23 20:04:23,Cell_53,1.9,36.153,88.93,147,2,971
2026-07-23 20:04:23,Cell_54,2.116,17.71,34.07,132,0,1068
2026-07-23 20:04:23,Cell_55,2.187,46.843,47.45,200,0,986
2026-07-23 20:04:23,Cell_6,2.222,10.298,30.94,146,0,1044
2026-07-23 20:04:23,Cell_7,2.164,17.167,34.23,162,0,1032
2026-07-23 20:04:23,Cell_8,2.179,21.35,31.5,113,0,1078
2026-07-23 20:04:23,Cell_9,2.174,25.674,36.21,94,0,1105
2026-07-23 20:06:23,Cell_1,2.025,27.36,60.0,204,1,985
2026-07-23 20:06:23,Cell_10,2.248,25.731,31.59,179,0,1021
2026-07-23 20:06:23,Cell_11,2.125,27.068,34.58,137,0,1056
2026-07-23 20:06:23,Cell_12,2.197,23.212,30.84,154,0,1038
2026-07-23 20:06:23,Cell_13,2.255,0.0,23.49,54,0,1131
2026-07-23 20:06:23,Cell_14,2.164,12.678,32.87,131,0,1065
2026-07-23 20:06:23,Cell_15,2.3,33.754,38.28,75,0,1120
2026-07-23 20:06:23,Cell_16,2.229,19.574,33.27,151,0,1030
2026-07-23 20:06:23,Cell_17,2.12,40.059,43.32,197,0,1002
2026-07-23 20:06:23,Cell_18,2.236,27.893,38.3,162,0,1029
2026-07-23 20:06:23,Cell_19,2.163,41.039,39.59,135,0,1062
2026-07-23 20:06:23,Cell_2,2.279,44.665,46.92,139,0,1049
2026-07-23 20:06:23,Cell_20,2.205,30.776,40.71,153,0,1035
2026-07-23 20:06:23,Cell_21,1.9,48.163,85.9,62,2,1089
2026-07-23 20:06:23,Cell_22,2.154,25.501,34.03,170,0,1016
2026-07-23 20:06:23,Cell_23,2.164,22.77,39.36,166,0,1029
2026-07-23 20:06:23,Cell_24,2.168,42.997,44.54,190,0,1003
2026-07-23 20:06:23,Cell_25,2.22,31.738,35.9,107,0,1082
2026-07-23 20:06:23,Cell_26,2.218,39.977,40.99,202,0,994
2026-07-23 20:06:23,Cell_27,2.208,24.862,37.64,116,0,1068
2026-07-23 20:06:23,Cell_28,2.22,15.945,32.22,121,0,1061
2026-07-23 20:06:23,Cell_29,2.2,32.546,66.51,96,1,1044
2026-07-23 20:06:23,Cell_3,2.154,7.219,30.08,189,0,995
2026-07-23 20:06:23,Cell_30,2.235,28.529,39.76,101,0,1091
2026-07-23 20:06:23,Cell_31,2.167,17.884,27.95,117,0,1072
2026-07-23 20:06:23,Cell_32,2.201,33.684,43.39,111,0,1078
2026-07-23 20:06:23,Cell_33,2.292,17.711,32.29,86,0,1114
2026-07-23 20:06:23,Cell_34,2.079,28.16,64.12,175,1,931
2026-07-23 20:06:23,Cell_35,2.189,15.96,33.86,162,0,1025
2026-07-23 20:06:23,Cell_36,2.201,37.414,36.92,94,0,1095
2026-07-23 20:06:23,Cell_37,2.268,23.038,39.64,122,0,1065
2026-07-23 20:06:23,Cell_38,2.091,17.774,60.0,154,1,1039
2026-07-23 20:06:23,Cell_39,2.172,39.218,40.24,189,0,1011
2026-07-23 20:06:23,Cell_4,2.124,15.281,30.55,167,0,1017
2026-07-23 20:06:23,Cell_40,2.135,31.232,45.02,149,0,1047
2026-07-23 20:06:23,Cell_41,2.178,29.955,33.4,157,0,1040
2026-07-23 20:06:23,Cell_42,2.171,22.396,30.78,118,0,1063
2026-07-23 20:06:23,Cell_43,2.216,30.202,30.58,156,0,1043
2026-07-23 20:06:23,Cell_44,2.244,15.781,34.24,114,0,1078
2026-07-23 20:06:23,Cell_45,2.261,37.141,35.44,132,0,1067
2026-07-23 20:06:23,Cell_46,2.248,31.05,43.53,80,0,1112
2026-07-23 20:06:23,Cell_47,2.09,14.976,75.0,159,2,952
2026-07-23 20:06:23,Cell_48,2.251,25.32,35.15,78,0,1103
2026-07-23 20:06:23,Cell_49,2.146,30.585,40.84,153,0,1042
2026-07-23 20:06:23,Cell_5,2.144,29.813,41.48,144,0,1048
2026-07-23 20:06:23,Cell_50,2.253,11.842,33.42,207,0,986
2026-07-23 20:06:23,Cell_51,2.207,34.458,39.06,161,0,1032
2026-07-23 20:06:23,Cell_52,2.21,17.162,28.94,63,0,1122
2026-07-23 20:06:23,Cell_53,2.164,25.052,40.05,147,0,1053
2026-07-23 20:06:23,Cell_54,2.219,11.797,30.97,132,0,1054
2026-07-23 20:06:23,Cell_55,2.21,23.449,38.73,200,0,990
2026-07-23 20:06:23,Cell_6,2.19,24.7,34.62,146,0,1045
2026-07-23 20:06:23,Cell_7,2.202,18.237,32.33,162,0,1019
2026-07-23 20:06:23,Cell_8,2.184,24.728,35.34,113,0,1080
2026-07-23 20:06:23,Cell_9,2.3,26.639,37.93,95,0,1097
2026-07-23 20:08:23,Cell_1,2.22,30.687,41.77,204,0,994
2026-07-23 20:08:23,Cell_10,2.191,20.821,34.86,179,0,1016
2026-07-23 20:08:23,Cell_11,2.239,21.779,26.25,137,0,1054
2026-07-23 20:08:23,Cell_12,2.173,34.291,38.34,154,0,1028
2026-07-23 20:08:23,Cell_13,2.197,16.616,65.41,54,1,1116
2026-07-23 20:08:23,Cell_14,2.188,1.552,24.45,131,0,1058
2026-07-23 20:08:23,Cell_15,2.251,39.344,41.51,75,0,1116
2026-07-23 20:08:23,Cell_16,2.216,22.775,29.84,151,0,1033
2026-07-23 20:08:23,Cell_17,2.074,8.711,25.03,197,0,985
2026-07-23 20:08:23,Cell_18,2.145,14.786,34.84,162,0,1027
2026-07-23 20:08:23,Cell_19,2.207,32.047,35.64,135,0,1055
2026-07-23 20:08:23,Cell_2,2.197,14.224,33.33,139,0,1046
2026-07-23 20:08:23,Cell_20,2.184,23.017,31.09,154,0,1039
2026-07-23 20:08:23,Cell_21,2.267,49.005,45.06,62,0,1120
2026-07-23 20:08:23,Cell_22,2.123,10.229,29.43,170,0,1019
2026-07-23 20:08:23,Cell_23,2.154,16.978,33.37,166,0,1028
2026-07-23 20:08:23,Cell_24,2.121,33.256,41.06,190,0,1009
2026-07-23 20:08:23,Cell_25,2.297,36.136,39.7,107,0,1088
2026-07-23 20:08:23,Cell_26,2.166,50.0,43.27,202,0,998
2026-07-23 20:08:23,Cell_27,2.197,14.836,33.76,116,0,1065
2026-07-23 20:08:23,Cell_28,2.206,20.538,31.68,121,0,1079
2026-07-23 20:08:23,Cell_29,2.194,20.406,34.45,96,0,1096
2026-07-23 20:08:23,Cell_3,2.144,28.535,39.84,189,0,1003
2026-07-23 20:08:23,Cell_30,2.29,10.053,32.39,101,0,1085
2026-07-23 20:08:23,Cell_31,2.228,12.203,31.0,117,0,1078
2026-07-23 20:08:23,Cell_32,2.14,30.532,37.4,112,0,1082
2026-07-23 20:08:23,Cell_33,2.229,22.955,38.02,86,0,1100
2026-07-23 20:08:23,Cell_34,2.151,12.168,33.58,175,0,1019
2026-07-23 20:08:23,Cell_35,2.116,14.564,32.33,162,0,1027
2026-07-23 20:08:23,Cell_36,2.255,45.284,40.19,94,0,1104
2026-07-23 20:08:23,Cell_37,2.186,14.119,32.39,123,0,1076
2026-07-23 20:08:23,Cell_38,2.212,6.264,27.27,155,0,1034
2026-07-23 20:08:23,Cell_39,2.12,34.134,68.89,189,1,910
2026-07-23 20:08:23,Cell_4,2.246,11.262,30.96,167,0,1014
2026-07-23 20:08:23,Cell_40,2.3,8.26,28.91,149,0,1038
2026-07-23 20:08:23,Cell_41,2.126,19.189,29.63,157,0,1041
2026-07-23 20:08:23,Cell_42,2.186,40.316,39.78,118,0,1066
2026-07-23 20:08:23,Cell_43,2.267,13.193,30.63,157,0,1026
2026-07-23 20:08:23,Cell_44,2.214,10.773,29.13,114,0,1074
2026-07-23 20:08:23,Cell_45,2.264,8.787,22.25,132,0,1057
2026-07-23 20:08:23,Cell_46,2.197,23.196,35.3,80,0,1106
2026-07-23 20:08:23,Cell_47,2.161,38.715,41.35,159,0,1037
2026-07-23 20:08:23,Cell_48,2.186,18.192,35.64,78,0,1103
2026-07-23 20:08:23,Cell_49,2.245,43.601,42.93,154,0,1031
2026-07-23 20:08:23,Cell_5,2.249,22.065,32.29,144,0,1055
2026-07-23 20:08:23,Cell_50,2.182,6.804,26.34,207,0,993
2026-07-23 20:08:23,Cell_51,2.166,29.79,41.11,161,0,1026
2026-07-23 20:08:23,Cell_52,2.207,32.291,38.93,63,0,1128
2026-07-23 20:08:23,Cell_53,2.187,29.134,37.46,147,0,1035
2026-07-23 20:08:23,Cell_54,2.167,28.162,36.91,132,0,1062
2026-07-23 20:08:23,Cell_55,2.109,21.5,37.33,201,0,994
2026-07-23 20:08:23,Cell_6,2.217,31.343,36.67,146,0,1044
2026-07-23 20:08:23,Cell_7,2.032,40.417,72.1,162,1,941
2026-07-23 20:08:23,Cell_8,2.198,29.543,40.36,113,0,1082
2026-07-23 20:08:23,Cell_9,2.094,33.033,60.0,95,1,1089
2026-07-23 20:10:23,Cell_1,2.197,32.291,42.12,205,0,994
2026-07-23 20:10:23,Cell_10,2.212,22.21,40.92,179,0,1018
2026-07-23 20:10:23,Cell_11,2.17,17.502,31.38,137,0,1052
2026-07-23 20:10:23,Cell_12,2.134,0.0,23.87,154,0,1030
2026-07-23 20:10:23,Cell_13,2.264,31.707,38.89,54,0,1138
2026-07-23 20:10:23,Cell_14,2.153,32.677,43.24,132,0,1059
2026-07-23 20:10:23,Cell_15,2.078,0.0,63.81,76,1,1085
2026-07-23 20:10:23,Cell_16,2.285,18.393,34.86,151,0,1046
2026-07-23 20:10:23,Cell_17,2.207,14.82,35.86,197,0,1002
2026-07-23 20:10:23,Cell_18,2.184,42.583,46.83,162,0,1032
2026-07-23 20:10:23,Cell_19,2.147,18.56,38.49,136,0,1062
2026-07-23 20:10:23,Cell_2,2.218,8.457,30.92,139,0,1050
2026-07-23 20:10:23,Cell_20,2.183,37.47,42.89,154,0,1042
2026-07-23 20:10:23,Cell_21,2.231,50.0,44.95,62,0,1124
2026-07-23 20:10:23,Cell_22,2.259,28.516,42.82,170,0,1021
2026-07-23 20:10:23,Cell_23,2.194,6.719,24.8,166,0,1019
2026-07-23 20:10:23,Cell_24,2.144,19.041,36.69,190,0,994
2026-07-23 20:10:23,Cell_25,2.277,20.15,39.6,107,0,1076
2026-07-23 20:10:23,Cell_26,2.172,27.226,31.84,202,0,990
2026-07-23 20:10:23,Cell_27,2.248,33.901,40.09,116,0,1084
2026-07-23 20:10:23,Cell_28,2.235,24.821,36.1,122,0,1076
2026-07-23 20:10:23,Cell_29,2.3,22.92,29.8,96,0,1093
2026-07-23 20:10:23,Cell_3,2.245,34.749,42.15,189,0,999
2026-07-23 20:10:23,Cell_30,2.272,20.653,33.19,101,0,1081
2026-07-23 20:10:23,Cell_31,2.181,17.594,30.03,117,0,1077
2026-07-23 20:10:23,Cell_32,1.882,50.0,75.0,112,2,1017
2026-07-23 20:10:23,Cell_33,2.265,11.123,29.87,86,0,1102
2026-07-23 20:10:23,Cell_34,2.251,31.362,37.24,175,0,1010
2026-07-23 20:10:23,Cell_35,2.261,22.695,40.05,162,0,1022
2026-07-23 20:10:23,Cell_36,2.209,18.365,33.74,94,0,1106
2026-07-23 20:10:23,Cell_37,2.222,24.149,35.31,124,0,1074
2026-07-23 20:10:23,Cell_38,2.147,24.896,41.13,155,0,1028
2026-07-23 20:10:23,Cell_39,2.123,34.632,40.29,189,0,1003
2026-07-23 20:10:23,Cell_4,2.175,24.349,38.23,167,0,1023
2026-07-23 20:10:23,Cell_40,2.173,34.677,37.04,149,0,1038
2026-07-23 20:10:23,Cell_41,2.138,16.049,30.09,157,0,1038
2026-07-23 20:10:23,Cell_42,2.212,23.398,32.14,118,0,1066
2026-07-23 20:10:23,Cell_43,2.154,36.072,40.59,157,0,1038
2026-07-23 20:10:23,Cell_44,2.102,22.004,34.02,114,0,1080
2026-07-23 20:10:23,Cell_45,2.206,34.883,42.0,132,0,1062
2026-07-23 20:10:23,Cell_46,2.215,23.869,32.38,80,0,1112
2026-07-23 20:10:23,Cell_47,2.161,34.297,41.3,159,0,1027
2026-07-23 20:10:23,Cell_48,2.246,21.622,27.79,78,0,1104
2026-07-23 20:10:23,Cell_49,2.032,29.992,69.44,154,1,952
2026-07-23 20:10:23,Cell_5,2.298,12.296,30.62,144,0,1038
2026-07-23 20:10:23,Cell_50,2.228,39.839,37.76,207,0,993
2026-07-23 20:10:23,Cell_51,2.233,26.084,34.42,161,0,1026
2026-07-23 20:10:23,Cell_52,2.159,42.189,60.0,64,1,1129
2026-07-23 20:10:23,Cell_53,2.273,22.865,33.73,147,0,1037
2026-07-23 20:10:23,Cell_54,2.184,17.148,31.99,132,0,1065
2026-07-23 20:10:23,Cell_55,2.15,19.043,37.4,201,0,994
2026-07-23 20:10:23,Cell_6,2.166,8.928,29.64,146,0,1046
2026-07-23 20:10:23,Cell_7,2.214,11.642,31.27,163,0,1034
2026-07-23 20:10:23,Cell_8,2.19,38.474,41.51,113,0,1077
2026-07-23 20:10:23,Cell_9,2.215,31.46,39.17,95,0,1089
2026-07-23 20:12:23,Cell_1,2.185,27.895,37.11,205,0,995
2026-07-23 20:12:23,Cell_10,2.178,33.352,43.62,179,0,1011
2026-07-23 20:12:23,Cell_11,2.234,45.478,44.69,137,0,1051
2026-07-23 20:12:23,Cell_12,2.236,18.236,31.3,154,0,1035
2026-07-23 20:12:23,Cell_13,2.226,0.165,29.92,54,0,1133
2026-07-23 20:12:23,Cell_14,2.197,21.909,30.52,132,0,1054
2026-07-23 20:12:23,Cell_15,2.249,14.137,30.21,76,0,1115
2026-07-23 20:12:23,Cell_16,2.219,33.43,37.12,151,0,1041
2026-07-23 20:12:23,Cell_17,2.191,24.671,42.16,197,0,998
2026-07-23 20:12:23,Cell_18,2.186,9.119,25.69,162,0,1037
2026-07-23 20:12:23,Cell_19,2.253,21.603,39.07,136,0,1059
2026-07-23 20:12:23,Cell_2,2.267,23.71,37.1,139,0,1058
2026-07-23 20:12:23,Cell_20,2.122,18.981,68.03,155,1,958
2026-07-23 20:12:23,Cell_21,2.226,31.056,39.12,62,0,1119
2026-07-23 20:12:23,Cell_22,2.121,20.402,35.05,170,0,1017
2026-07-23 20:12:23,Cell_23,2.092,40.775,65.6,167,1,947
2026-07-23 20:12:23,Cell_24,2.286,19.072,35.96,190,0,1008
2026-07-23 20:12:23,Cell_25,2.188,43.1,42.98,107,0,1083
2026-07-23 20:12:23,Cell_26,2.194,31.846,37.48,202,0,985
2026-07-23 20:12:23,Cell_27,2.138,29.679,40.85,116,0,1074
2026-07-23 20:12:23,Cell_28,2.216,39.781,38.36,122,0,1062
2026-07-23 20:12:23,Cell_29,2.26,25.983,39.07,96,0,1092
2026-07-23 20:12:23,Cell_3,2.197,32.169,36.93,189,0,1004
2026-07-23 20:12:23,Cell_30,2.249,12.746,35.81,101,0,1080
2026-07-23 20:12:23,Cell_31,2.176,17.651,32.64,117,0,1082
2026-07-23 20:12:23,Cell_32,2.114,27.231,41.61,112,0,1080
2026-07-23 20:12:23,Cell_33,2.287,26.314,32.09,86,0,1097
2026-07-23 20:12:23,Cell_34,2.234,7.028,36.1,175,0,1016
2026-07-23 20:12:23,Cell_35,2.101,23.89,34.54,162,0,1019
2026-07-23 20:12:23,Cell_36,2.281,25.797,32.11,94,0,1087
2026-07-23 20:12:23,Cell_37,2.256,29.433,41.74,124,0,1059
2026-07-23 20:12:23,Cell_38,2.178,24.068,35.48,155,0,1029
2026-07-23 20:12:23,Cell_39,2.207,21.441,33.58,189,0,1000
2026-07-23 20:12:23,Cell_4,2.172,13.069,32.14,167,0,1033
2026-07-23 20:12:23,Cell_40,2.172,18.198,33.35,149,0,1039
2026-07-23 20:12:23,Cell_41,2.166,37.778,42.21,157,0,1031
2026-07-23 20:12:23,Cell_42,2.149,30.749,35.91,118,0,1070
2026-07-23 20:12:23,Cell_43,2.218,30.099,31.13,157,0,1035
2026-07-23 20:12:23,Cell_44,2.196,32.041,42.16,114,0,1081
2026-07-23 20:12:23,Cell_45,2.26,40.106,47.29,132,0,1065
2026-07-23 20:12:23,Cell_46,2.205,31.799,36.1,80,0,1111
2026-07-23 20:12:23,Cell_47,2.146,17.251,32.12,159,0,1031
2026-07-23 20:12:23,Cell_48,2.227,19.128,33.19,78,0,1122
2026-07-23 20:12:23,Cell_49,2.245,35.805,39.15,154,0,1037
2026-07-23 20:12:23,Cell_5,2.251,21.466,31.88,144,0,1052
2026-07-23 20:12:23,Cell_50,2.162,26.642,38.33,207,0,988
2026-07-23 20:12:23,Cell_51,2.231,29.943,38.19,161,0,1029
2026-07-23 20:12:23,Cell_52,2.104,17.996,31.1,64,0,1123
2026-07-23 20:12:23,Cell_53,2.139,18.254,32.48,147,0,1035
2026-07-23 20:12:23,Cell_54,2.214,23.293,35.54,132,0,1053
2026-07-23 20:12:23,Cell_55,2.159,28.189,33.09,201,0,980
2026-07-23 20:12:23,Cell_6,2.092,26.871,38.91,146,0,1044
2026-07-23 20:12:23,Cell_7,2.2,23.436,35.6,163,0,1030
2026-07-23 20:12:23,Cell_8,2.23,20.494,29.65,113,0,1076
2026-07-23 20:12:23,Cell_9,2.21,26.113,40.07,95,0,1096
2026-07-23 20:14:23,Cell_1,2.188,28.781,35.69,205,0,988
2026-07-23 20:14:23,Cell_10,2.175,40.964,40.56,179,0,1007
2026-07-23 20:14:23,Cell_11,2.145,16.369,30.0,137,0,1050
2026-07-23 20:14:23,Cell_12,2.185,31.526,36.34,154,0,1038
2026-07-23 20:14:23,Cell_13,1.9,44.591,86.28,54,2,1118
2026-07-23 20:14:23,Cell_14,2.08,43.912,68.77,132,1,989
2026-07-23 20:14:23,Cell_15,2.207,22.417,37.35,76,0,1116
2026-07-23 20:14:23,Cell_16,2.221,16.729,30.87,151,0,1031
2026-07-23 20:14:23,Cell_17,2.204,23.069,30.63,197,0,996
2026-07-23 20:14:23,Cell_18,2.201,26.29,38.57,162,0,1027
2026-07-23 20:14:23,Cell_19,2.238,14.264,28.22,136,0,1062
2026-07-23 20:14:23,Cell_2,2.121,22.045,37.14,139,0,1051
2026-07-23 20:14:23,Cell_20,2.121,34.439,42.17,155,0,1033
2026-07-23 20:14:23,Cell_21,2.243,21.409,33.24,62,0,1127
2026-07-23 20:14:23,Cell_22,2.242,24.331,36.6,170,0,1019
2026-07-23 20:14:23,Cell_23,2.211,25.149,38.46,167,0,1032
2026-07-23 20:14:23,Cell_24,2.175,27.582,41.12,190,0,1003
2026-07-23 20:14:23,Cell_25,2.192,28.102,33.27,107,0,1079
2026-07-23 20:14:23,Cell_26,2.22,10.607,32.26,202,0,985
2026-07-23 20:14:23,Cell_27,2.166,21.203,32.08,116,0,1068
2026-07-23 20:14:23,Cell_28,2.141,25.815,35.28,123,0,1060
2026-07-23 20:14:23,Cell_29,2.3,9.023,31.45,96,0,1095
2026-07-23 20:14:23,Cell_3,2.175,34.429,42.57,189,0,1004
2026-07-23 20:14:23,Cell_30,2.215,32.977,33.51,101,0,1098
2026-07-23 20:14:23,Cell_31,2.185,28.502,43.1,117,0,1078
2026-07-23 20:14:23,Cell_32,2.203,22.67,34.41,112,0,1073
2026-07-23 20:14:23,Cell_33,2.194,11.729,34.31,86,0,1099
2026-07-23 20:14:23,Cell_34,2.225,21.49,33.25,175,0,1023
2026-07-23 20:14:23,Cell_35,2.157,32.036,39.86,162,0,1034
2026-07-23 20:14:23,Cell_36,2.3,33.546,40.29,94,0,1094
2026-07-23 20:14:23,Cell_37,2.251,13.262,31.44,124,0,1057
2026-07-23 20:14:23,Cell_38,2.149,27.342,41.03,155,0,1034
2026-07-23 20:14:23,Cell_39,2.137,20.483,68.8,189,1,913
2026-07-23 20:14:23,Cell_4,2.257,27.132,41.27,167,0,1024
2026-07-23 20:14:23,Cell_40,2.201,25.653,35.65,149,0,1046
2026-07-23 20:14:23,Cell_41,2.201,15.527,32.81,158,0,1040
2026-07-23 20:14:23,Cell_42,2.187,33.511,44.35,118,0,1082
2026-07-23 20:14:23,Cell_43,2.216,17.581,34.26,157,0,1036
2026-07-23 20:14:23,Cell_44,1.9,36.769,82.56,114,2,1029
2026-07-23 20:14:23,Cell_45,2.134,19.599,35.87,132,0,1059
2026-07-23 20:14:23,Cell_46,2.236,21.815,29.35,80,0,1110
2026-07-23 20:14:23,Cell_47,2.29,19.052,32.95,159,0,1035
2026-07-23 20:14:23,Cell_48,2.3,23.868,34.77,78,0,1115
2026-07-23 20:14:23,Cell_49,2.059,43.802,68.82,154,1,965
2026-07-23 20:14:23,Cell_5,2.228,17.035,34.95,144,0,1047
2026-07-23 20:14:23,Cell_50,2.157,49.996,45.21,207,0,979
2026-07-23 20:14:23,Cell_51,2.194,8.797,27.96,161,0,1030
2026-07-23 20:14:23,Cell_52,2.194,45.216,39.82,64,0,1128
2026-07-23 20:14:23,Cell_53,2.08,19.629,60.0,147,1,1049
2026-07-23 20:14:23,Cell_54,2.107,23.853,32.13,132,0,1052
2026-07-23 20:14:23,Cell_55,2.247,18.293,33.63,201,0,983
2026-07-23 20:14:23,Cell_6,2.223,34.701,39.75,146,0,1050
2026-07-23 20:14:23,Cell_7,2.211,28.344,37.16,163,0,1030
2026-07-23 20:14:23,Cell_8,2.22,21.245,35.11,113,0,1076
2026-07-23 20:14:23,Cell_9,2.107,41.243,39.54,95,0,1101
2026-07-23 20:16:23,Cell_1,1.999,26.288,42.3,205,0,985
2026-07-23 20:16:23,Cell_10,2.201,12.709,28.96,179,0,1011
2026-07-23 20:16:23,Cell_11,2.154,9.39,30.1,137,0,1056
2026-07-23 20:16:23,Cell_12,2.254,32.781,42.01,154,0,1031
2026-07-23 20:16:23,Cell_13,2.245,16.992,31.49,54,0,1139
2026-07-23 20:16:23,Cell_14,2.107,26.05,33.67,132,0,1059
2026-07-23 20:16:23,Cell_15,2.201,27.428,39.58,77,0,1115
2026-07-23 20:16:23,Cell_16,2.298,11.668,30.01,151,0,1032
2026-07-23 20:16:23,Cell_17,2.219,28.717,41.04,197,0,991
2026-07-23 20:16:23,Cell_18,2.095,3.44,30.21,162,0,1029
2026-07-23 20:16:23,Cell_19,2.152,28.872,41.8,136,0,1053
2026-07-23 20:16:23,Cell_2,2.15,32.977,34.86,139,0,1042
2026-07-23 20:16:23,Cell_20,2.112,34.981,39.51,155,0,1028
2026-07-23 20:16:23,Cell_21,2.266,17.766,35.0,62,0,1129
2026-07-23 20:16:23,Cell_22,2.142,29.088,37.16,170,0,1019
2026-07-23 20:16:23,Cell_23,2.232,37.456,36.92,167,0,1015
2026-07-23 20:16:23,Cell_24,2.055,24.376,60.0,190,1,995
2026-07-23 20:16:23,Cell_25,2.3,14.644,36.57,107,0,1075
2026-07-23 20:16:23,Cell_26,2.199,23.932,36.49,202,0,991
2026-07-23 20:16:23,Cell_27,2.139,32.296,34.71,116,0,1073
2026-07-23 20:16:23,Cell_28,2.274,21.183,34.98,123,0,1065
2026-07-23 20:16:23,Cell_29,2.146,6.561,28.95,96,0,1085
2026-07-23 20:16:23,Cell_3,2.208,19.357,36.52,189,0,999
2026-07-23 20:16:23,Cell_30,2.257,14.927,34.35,101,0,1083
2026-07-23 20:16:23,Cell_31,2.223,4.306,24.8,117,0,1075
2026-07-23 20:16:23,Cell_32,2.197,28.691,36.8,112,0,1080
2026-07-23 20:16:23,Cell_33,2.185,23.243,38.79,86,0,1114
2026-07-23 20:16:23,Cell_34,2.215,34.617,43.59,175,0,1017
2026-07-23 20:16:23,Cell_35,2.156,34.253,42.59,162,0,1036
2026-07-23 20:16:23,Cell_36,2.275,41.374,45.73,94,0,1101
2026-07-23 20:16:23,Cell_37,2.171,14.56,31.6,124,0,1072
2026-07-23 20:16:23,Cell_38,2.148,10.25,27.27,155,0,1045
2026-07-23 20:16:23,Cell_39,2.173,19.301,36.16,189,0,1011
2026-07-23 20:16:23,Cell_4,2.246,25.237,40.64,167,0,1018
2026-07-23 20:16:23,Cell_40,2.147,11.04,32.19,149,0,1048
2026-07-23 20:16:23,Cell_41,2.161,31.556,38.97,158,0,1037
2026-07-23 20:16:23,Cell_42,2.25,28.834,40.4,118,0,1070
2026-07-23 20:16:23,Cell_43,2.253,42.57,45.64,157,0,1037
2026-07-23 20:16:23,Cell_44,2.188,22.533,37.52,114,0,1081
2026-07-23 20:16:23,Cell_45,2.273,7.676,32.48,132,0,1068
2026-07-23 20:16:23,Cell_46,2.282,0.0,26.64,80,0,1109
2026-07-23 20:16:23,Cell_47,2.246,22.576,38.01,159,0,1029
2026-07-23 20:16:23,Cell_48,2.073,22.219,34.08,78,0,1119
2026-07-23 20:16:23,Cell_49,2.21,23.864,31.32,154,0,1046
2026-07-23 20:16:23,Cell_5,2.292,30.587,32.33,144,0,1053
2026-07-23 20:16:23,Cell_50,2.3,9.602,29.27,207,0,980
2026-07-23 20:16:23,Cell_51,2.204,40.995,43.94,161,0,1031
2026-07-23 20:16:23,Cell_52,2.2,22.18,63.46,64,1,1089
2026-07-23 20:16:23,Cell_53,2.211,26.347,34.76,147,0,1049
2026-07-23 20:16:23,Cell_54,2.234,32.65,37.77,132,0,1060
2026-07-23 20:16:23,Cell_55,2.146,29.91,41.27,201,0,984
2026-07-23 20:16:23,Cell_6,2.241,15.102,25.68,146,0,1039
2026-07-23 20:16:23,Cell_7,2.262,27.225,43.09,163,0,1033
2026-07-23 20:16:23,Cell_8,2.185,28.865,34.34,113,0,1071
2026-07-23 20:16:23,Cell_9,2.195,27.834,37.46,95,0,1096
2026-07-23 20:18:23,Cell_1,2.153,29.55,46.06,205,0,978
2026-07-23 20:18:23,Cell_10,2.195,29.363,39.71,179,0,1011
2026-07-23 20:18:23,Cell_11,2.199,26.399,34.88,137,0,1048
2026-07-23 20:18:23,Cell_12,2.254,22.312,39.73,154,0,1027
2026-07-23 20:18:23,Cell_13,2.274,30.288,40.99,54,0,1142
2026-07-23 20:18:23,Cell_14,2.229,37.148,42.37,132,0,1064
2026-07-23 20:18:23,Cell_15,2.181,20.468,33.73,77,0,1107
2026-07-23 20:18:23,Cell_16,2.207,36.682,36.67,151,0,1040
2026-07-23 20:18:23,Cell_17,2.206,47.798,48.42,197,0,993
2026-07-23 20:18:23,Cell_18,2.257,6.208,28.57,162,0,1030
2026-07-23 20:18:23,Cell_19,2.272,42.924,42.62,136,0,1059
2026-07-23 20:18:23,Cell_2,2.225,26.035,37.38,139,0,1055
2026-07-23 20:18:23,Cell_20,2.232,23.201,35.75,155,0,1026
2026-07-23 20:18:23,Cell_21,2.231,25.041,41.73,62,0,1137
2026-07-23 20:18:23,Cell_22,2.15,29.692,34.6,170,0,1013
2026-07-23 20:18:23,Cell_23,2.212,20.635,33.85,167,0,1025
2026-07-23 20:18:23,Cell_24,2.248,20.273,29.02,190,0,993
2026-07-23 20:18:23,Cell_25,2.074,23.936,29.32,107,0,1090
2026-07-23 20:18:23,Cell_26,2.159,9.186,30.33,202,0,986
2026-07-23 20:18:23,Cell_27,2.222,17.9,33.71,116,0,1066
2026-07-23 20:18:23,Cell_28,2.199,1.597,24.8,123,0,1064
2026-07-23 20:18:23,Cell_29,2.252,21.596,37.76,96,0,1088
2026-07-23 20:18:23,Cell_3,2.15,27.348,37.06,189,0,1000
2026-07-23 20:18:23,Cell_30,2.182,3.939,26.58,101,0,1084
2026-07-23 20:18:23,Cell_31,2.27,29.881,41.38,117,0,1071
2026-07-23 20:18:23,Cell_32,2.2,35.879,47.77,112,0,1080
2026-07-23 20:18:23,Cell_33,2.208,19.74,28.27,86,0,1097
2026-07-23 20:18:23,Cell_34,2.096,26.884,41.04,175,0,1015
2026-07-23 20:18:23,Cell_35,2.071,25.126,34.87,162,0,1037
2026-07-23 20:18:23,Cell_36,2.264,15.218,33.66,94,0,1087
2026-07-23 20:18:23,Cell_37,2.153,26.187,39.39,125,0,1065
2026-07-23 20:18:23,Cell_38,2.111,17.258,36.0,155,0,1037
2026-07-23 20:18:23,Cell_39,2.237,32.757,41.2,189,0,1006
2026-07-23 20:18:23,Cell_4,2.145,9.089,24.15,167,0,1033
2026-07-23 20:18:23,Cell_40,2.191,14.322,23.62,149,0,1035
2026-07-23 20:18:23,Cell_41,2.142,34.24,38.14,158,0,1035
2026-07-23 20:18:23,Cell_42,2.103,1.059,20.88,118,0,1074
2026-07-23 20:18:23,Cell_43,2.084,22.709,34.97,157,0,1034
2026-07-23 20:18:23,Cell_44,2.202,15.49,30.66,114,0,1077
2026-07-23 20:18:23,Cell_45,1.9,33.304,82.88,132,2,1002
2026-07-23 20:18:23,Cell_46,2.189,24.684,36.76,80,0,1101
2026-07-23 20:18:23,Cell_47,2.212,12.426,29.03,159,0,1024
2026-07-23 20:18:23,Cell_48,2.194,35.729,40.79,78,0,1119
2026-07-23 20:18:23,Cell_49,2.157,22.886,37.41,154,0,1035
2026-07-23 20:18:23,Cell_5,2.2,17.183,29.62,144,0,1047
2026-07-23 20:18:23,Cell_50,2.166,6.494,35.3,207,0,985
2026-07-23 20:18:23,Cell_51,2.144,20.393,39.09,161,0,1027
2026-07-23 20:18:23,Cell_52,2.233,45.873,40.91,64,0,1134
2026-07-23 20:18:23,Cell_53,2.233,32.807,32.3,147,0,1052
2026-07-23 20:18:23,Cell_54,2.209,33.864,42.21,132,0,1056
2026-07-23 20:18:23,Cell_55,2.197,40.159,40.27,201,0,985
2026-07-23 20:18:23,Cell_6,2.22,22.899,34.16,146,0,1037
2026-07-23 20:18:23,Cell_7,2.229,18.178,33.92,163,0,1024
2026-07-23 20:18:23,Cell_8,2.231,29.432,35.83,114,0,1072
2026-07-23 20:18:23,Cell_9,2.174,25.641,37.92,95,0,1102
2026-07-23 20:20:23,Cell_1,2.199,8.177,33.43,205,0,979
2026-07-23 20:20:23,Cell_10,2.139,25.485,38.38,179,0,1007
2026-07-23 20:20:23,Cell_11,2.253,25.402,31.25,137,0,1060
2026-07-23 20:20:23,Cell_12,2.254,28.379,32.13,154,0,1033
2026-07-23 20:20:23,Cell_13,2.185,19.579,31.34,54,0,1144
2026-07-23 20:20:23,Cell_14,2.278,27.438,40.12,132,0,1061
2026-07-23 20:20:23,Cell_15,2.262,50.0,49.99,77,0,1112
2026-07-23 20:20:23,Cell_16,2.282,12.52,33.48,151,0,1048
2026-07-23 20:20:23,Cell_17,2.109,21.631,34.93,197,0,998
2026-07-23 20:20:23,Cell_18,2.18,33.409,36.48,162,0,1022
2026-07-23 20:20:23,Cell_19,2.228,28.911,36.42,136,0,1057
2026-07-23 20:20:23,Cell_2,2.099,11.562,30.85,139,0,1054
2026-07-23 20:20:23,Cell_20,2.219,21.312,36.56,155,0,1034
2026-07-23 20:20:23,Cell_21,2.157,15.973,31.44,62,0,1124
2026-07-23 20:20:23,Cell_22,2.118,15.402,35.74,170,0,1025
2026-07-23 20:20:23,Cell_23,2.181,34.872,38.56,167,0,1017
2026-07-23 20:20:23,Cell_24,2.267,31.239,39.67,190,0,998
2026-07-23 20:20:23,Cell_25,2.288,29.855,40.11,107,0,1075
2026-07-23 20:20:23,Cell_26,2.177,44.329,46.93,202,0,990
2026-07-23 20:20:23,Cell_27,2.227,23.898,37.82,116,0,1075
2026-07-23 20:20:23,Cell_28,2.145,17.417,32.0,123,0,1076
2026-07-23 20:20:23,Cell_29,2.185,16.029,32.05,96,0,1089
2026-07-23 20:20:23,Cell_3,2.185,27.02,38.11,189,0,1004
2026-07-23 20:20:23,Cell_30,2.17,24.613,34.47,101,0,1098
2026-07-23 20:20:23,Cell_31,2.249,22.623,42.23,117,0,1071
2026-07-23 20:20:23,Cell_32,2.221,28.017,33.54,112,0,1071
2026-07-23 20:20:23,Cell_33,2.199,29.419,38.42,86,0,1107
2026-07-23 20:20:23,Cell_34,2.135,31.208,37.5,175,0,1018
2026-07-23 20:20:23,Cell_35,2.18,9.411,34.01,162,0,1022
2026-07-23 20:20:23,Cell_36,2.166,29.823,36.01,94,0,1090
2026-07-23 20:20:23,Cell_37,2.284,1.408,29.85,125,0,1066
2026-07-23 20:20:23,Cell_38,2.106,15.814,29.55,155,0,1026
2026-07-23 20:20:23,Cell_39,2.253,36.24,36.75,189,0,1001
2026-07-23 20:20:23,Cell_4,2.261,22.843,38.19,167,0,1032
2026-07-23 20:20:23,Cell_40,2.138,24.239,36.35,149,0,1043
2026-07-23 20:20:23,Cell_41,2.253,21.845,36.84,158,0,1032
2026-07-23 20:20:23,Cell_42,2.22,30.548,35.02,118,0,1072
2026-07-23 20:20:23,Cell_43,2.148,30.111,36.85,157,0,1030
2026-07-23 20:20:23,Cell_44,2.234,39.772,41.23,114,0,1070
2026-07-23 20:20:23,Cell_45,2.268,0.655,30.64,132,0,1052
2026-07-23 20:20:23,Cell_46,2.233,23.952,37.71,80,0,1108
2026-07-23 20:20:23,Cell_47,2.195,7.337,24.3,159,0,1024
2026-07-23 20:20:23,Cell_48,2.221,36.412,37.23,78,0,1112
2026-07-23 20:20:23,Cell_49,2.191,21.872,37.49,154,0,1044
2026-07-23 20:20:23,Cell_5,2.104,32.905,36.49,144,0,1052
2026-07-23 20:20:23,Cell_50,2.203,47.05,47.18,207,0,989
2026-07-23 20:20:23,Cell_51,2.151,28.173,34.13,161,0,1024
2026-07-23 20:20:23,Cell_52,2.209,31.209,33.86,64,0,1120
2026-07-23 20:20:23,Cell_53,2.154,25.211,70.26,147,1,964
2026-07-23 20:20:23,Cell_54,2.263,0.0,23.31,132,0,1064
2026-07-23 20:20:23,Cell_55,2.236,35.151,41.61,201,0,994
2026-07-23 20:20:23,Cell_6,2.23,31.22,38.45,146,0,1036
2026-07-23 20:20:23,Cell_7,2.105,25.477,38.32,163,0,1018
2026-07-23 20:20:23,Cell_8,2.167,30.088,34.27,114,0,1086
2026-07-23 20:20:23,Cell_9,2.113,19.722,31.49,95,0,1096
2026-07-23 20:22:23,Cell_1,2.185,10.0,30.28,205,0,978
2026-07-23 20:22:23,Cell_10,2.24,43.383,45.01,179,0,1021
2026-07-23 20:22:23,Cell_11,2.234,32.147,40.09,137,0,1060
2026-07-23 20:22:23,Cell_12,2.26,28.808,35.31,154,0,1037
2026-07-23 20:22:23,Cell_13,2.197,9.692,28.18,54,0,1129
2026-07-23 20:22:23,Cell_14,2.122,12.995,29.17,132,0,1063
2026-07-23 20:22:23,Cell_15,2.268,28.62,33.34,77,0,1115
2026-07-23 20:22:23,Cell_16,2.134,20.069,36.26,151,0,1047
2026-07-23 20:22:23,Cell_17,2.212,33.78,37.73,197,0,984
2026-07-23 20:22:23,Cell_18,2.217,28.537,41.4,162,0,1027
2026-07-23 20:22:23,Cell_19,2.241,28.912,42.15,137,0,1055
2026-07-23 20:22:23,Cell_2,2.182,28.114,35.37,139,0,1049
2026-07-23 20:22:23,Cell_20,2.244,19.566,39.41,155,0,1029
2026-07-23 20:22:23,Cell_21,2.23,37.987,42.35,62,0,1129
2026-07-23 20:22:23,Cell_22,2.169,16.772,36.11,170,0,1014
2026-07-23 20:22:23,Cell_23,2.215,28.712,39.72,167,0,1014
2026-07-23 20:22:23,Cell_24,2.3,30.926,47.65,190,0,1007
2026-07-23 20:22:23,Cell_25,2.282,14.453,28.99,107,0,1091
2026-07-23 20:22:23,Cell_26,2.135,37.821,40.56,202,0,979
2026-07-23 20:22:23,Cell_27,2.171,33.9,38.96,116,0,1072
2026-07-23 20:22:23,Cell_28,2.291,23.543,36.11,123,0,1067
2026-07-23 20:22:23,Cell_29,2.243,31.907,41.05,96,0,1088
2026-07-23 20:22:23,Cell_3,2.233,10.697,30.79,189,0,1000
2026-07-23 20:22:23,Cell_30,2.224,40.949,43.5,101,0,1095
2026-07-23 20:22:23,Cell_31,2.21,30.01,38.62,117,0,1074
2026-07-23 20:22:23,Cell_32,2.19,39.049,38.81,112,0,1078
2026-07-23 20:22:23,Cell_33,2.215,32.467,34.92,86,0,1113
2026-07-23 20:22:23,Cell_34,2.155,42.838,39.0,175,0,1017
2026-07-23 20:22:23,Cell_35,2.223,14.702,30.93,162,0,1034
2026-07-23 20:22:23,Cell_36,2.261,34.183,41.31,94,0,1088
2026-07-23 20:22:23,Cell_37,2.262,8.658,31.92,125,0,1060
2026-07-23 20:22:23,Cell_38,2.208,11.231,36.83,155,0,1027
2026-07-23 20:22:23,Cell_39,2.163,21.121,31.54,189,0,1001
2026-07-23 20:22:23,Cell_4,2.216,23.823,35.68,167,0,1019
2026-07-23 20:22:23,Cell_40,2.246,40.954,38.77,149,0,1048
2026-07-23 20:22:23,Cell_41,1.9,36.986,83.63,158,2,955
2026-07-23 20:22:23,Cell_42,2.217,15.139,32.0,118,0,1078
2026-07-23 20:22:23,Cell_43,2.162,18.857,36.26,157,0,1034
2026-07-23 20:22:23,Cell_44,2.256,29.585,36.45,114,0,1086
2026-07-23 20:22:23,Cell_45,2.215,19.845,33.37,132,0,1064
2026-07-23 20:22:23,Cell_46,2.192,17.474,32.4,80,0,1111
2026-07-23 20:22:23,Cell_47,2.166,8.819,27.14,159,0,1030
2026-07-23 20:22:23,Cell_48,2.181,25.899,35.46,78,0,1110
2026-07-23 20:22:23,Cell_49,2.3,29.951,36.42,154,0,1045
2026-07-23 20:22:23,Cell_5,2.294,23.882,37.49,144,0,1055
2026-07-23 20:22:23,Cell_50,2.177,6.859,28.24,207,0,992
2026-07-23 20:22:23,Cell_51,2.237,34.464,39.85,161,0,1027
2026-07-23 20:22:23,Cell_52,2.248,43.873,33.81,64,0,1118
2026-07-23 20:22:23,Cell_53,2.223,14.85,31.41,147,0,1051
2026-07-23 20:22:23,Cell_54,2.177,33.813,42.45,132,0,1061
2026-07-23 20:22:23,Cell_55,2.186,44.202,43.19,201,0,980
2026-07-23 20:22:23,Cell_6,2.18,34.846,38.17,146,0,1043
2026-07-23 20:22:23,Cell_7,2.208,29.211,44.51,163,0,1030
2026-07-23 20:22:23,Cell_8,2.129,28.787,60.0,114,1,1080
2026-07-23 20:22:23,Cell_9,2.14,17.651,29.06,95,0,1093
2026-07-23 20:24:23,Cell_1,2.139,25.676,35.37,205,0,991
2026-07-23 20:24:23,Cell_10,2.152,27.705,37.54,179,0,1008
2026-07-23 20:24:23,Cell_11,2.245,0.0,26.64,138,0,1053
2026-07-23 20:24:23,Cell_12,2.207,34.704,42.42,154,0,1027
2026-07-23 20:24:23,Cell_13,2.187,34.631,36.72,54,0,1146
2026-07-23 20:24:23,Cell_14,2.266,26.677,38.67,132,0,1056
2026-07-23 20:24:23,Cell_15,2.259,30.556,37.92,77,0,1104
2026-07-23 20:24:23,Cell_16,2.3,32.047,35.01,151,0,1032
2026-07-23 20:24:23,Cell_17,2.263,36.575,40.73,198,0,990
2026-07-23 20:24:23,Cell_18,2.167,37.338,40.75,162,0,1028
2026-07-23 20:24:23,Cell_19,2.226,24.024,35.35,137,0,1049
2026-07-23 20:24:23,Cell_2,2.261,29.52,37.55,139,0,1042
2026-07-23 20:24:23,Cell_20,2.225,17.344,32.08,155,0,1029
2026-07-23 20:24:23,Cell_21,2.253,11.877,32.19,62,0,1129
2026-07-23 20:24:23,Cell_22,2.173,24.267,32.62,171,0,1019
2026-07-23 20:24:23,Cell_23,2.139,20.376,33.14,167,0,1018
2026-07-23 20:24:23,Cell_24,2.169,39.945,37.18,190,0,998
2026-07-23 20:24:23,Cell_25,2.264,31.763,39.16,107,0,1081
2026-07-23 20:24:23,Cell_26,2.151,30.861,35.51,202,0,993
2026-07-23 20:24:23,Cell_27,2.3,31.24,40.61,116,0,1075
2026-07-23 20:24:23,Cell_28,2.118,19.218,31.24,123,0,1072
2026-07-23 20:24:23,Cell_29,2.133,17.179,34.55,96,0,1091
2026-07-23 20:24:23,Cell_3,2.135,8.964,29.56,190,0,1007
2026-07-23 20:24:23,Cell_30,2.133,13.028,27.64,101,0,1099
2026-07-23 20:24:23,Cell_31,2.273,21.671,37.95,117,0,1070
2026-07-23 20:24:23,Cell_32,2.243,32.56,36.33,112,0,1079
2026-07-23 20:24:23,Cell_33,2.18,25.8,35.58,86,0,1104
2026-07-23 20:24:23,Cell_34,2.104,29.405,40.7,175,0,1017
2026-07-23 20:24:23,Cell_35,2.159,22.027,30.86,162,0,1032
2026-07-23 20:24:23,Cell_36,2.215,16.302,35.22,94,0,1088
2026-07-23 20:24:23,Cell_37,2.13,29.618,40.91,125,0,1057
2026-07-23 20:24:23,Cell_38,2.177,26.452,37.11,155,0,1026
2026-07-23 20:24:23,Cell_39,2.147,22.77,29.85,190,0,1009
2026-07-23 20:24:23,Cell_4,2.193,15.693,30.13,167,0,1028
2026-07-23 20:24:23,Cell_40,2.131,24.772,30.84,149,0,1044
2026-07-23 20:24:23,Cell_41,2.21,28.622,39.96,158,0,1042
2026-07-23 20:24:23,Cell_42,2.182,22.528,65.04,118,1,1007
2026-07-23 20:24:23,Cell_43,2.22,20.989,36.23,157,0,1039
2026-07-23 20:24:23,Cell_44,2.15,21.998,36.68,115,0,1082
2026-07-23 20:24:23,Cell_45,2.152,39.336,45.79,132,0,1049
2026-07-23 20:24:23,Cell_46,2.234,38.042,44.54,80,0,1118
2026-07-23 20:24:23,Cell_47,2.26,26.591,37.67,159,0,1039
2026-07-23 20:24:23,Cell_48,2.285,16.841,33.18,79,0,1115
2026-07-23 20:24:23,Cell_49,2.174,1.312,26.03,154,0,1046
2026-07-23 20:24:23,Cell_5,2.19,35.794,42.42,144,0,1055
2026-07-23 20:24:23,Cell_50,2.17,39.589,43.75,207,0,987
2026-07-23 20:24:23,Cell_51,2.157,20.424,31.8,161,0,1026
2026-07-23 20:24:23,Cell_52,2.225,24.198,32.95,64,0,1123
2026-07-23 20:24:23,Cell_53,2.168,14.524,33.13,147,0,1037
2026-07-23 20:24:23,Cell_54,2.258,13.536,36.94,132,0,1057
2026-07-23 20:24:23,Cell_55,2.195,0.0,27.66,201,0,985
2026-07-23 20:24:23,Cell_6,2.169,15.446,30.13,146,0,1048
2026-07-23 20:24:23,Cell_7,2.196,18.998,36.36,163,0,1034
2026-07-23 20:24:23,Cell_8,2.253,26.381,32.0,114,0,1086
2026-07-23 20:24:23,Cell_9,2.168,50.0,41.86,95,0,1101
2026-07-23 20:26:23,Cell_1,2.189,22.898,32.03,205,0,995
2026-07-23 20:26:23,Cell_10,2.155,22.678,39.41,179,0,1015
2026-07-23 20:26:23,Cell_11,2.142,40.021,44.05,138,0,1054
2026-07-23 20:26:23,Cell_12,2.217,37.419,42.38,154,0,1028
2026-07-23 20:26:23,Cell_13,2.214,23.467,32.78,54,0,1146
2026-07-23 20:26:23,Cell_14,2.257,27.394,34.15,132,0,1051
2026-07-23 20:26:23,Cell_15,2.25,38.748,39.11,77,0,1118
2026-07-23 20:26:23,Cell_16,2.215,29.287,43.41,151,0,1049
2026-07-23 20:26:23,Cell_17,2.188,25.718,42.09,198,0,990
2026-07-23 20:26:23,Cell_18,2.179,14.242,31.75,162,0,1025
2026-07-23 20:26:23,Cell_19,2.248,20.543,36.69,137,0,1059
2026-07-23 20:26:23,Cell_2,2.226,22.774,39.26,139,0,1045
2026-07-23 20:26:23,Cell_20,2.15,13.134,31.48,155,0,1043
2026-07-23 20:26:23,Cell_21,2.177,14.415,27.83,62,0,1134
2026-07-23 20:26:23,Cell_22,2.284,37.369,40.18,171,0,1025
2026-07-23 20:26:23,Cell_23,2.273,20.138,36.76,168,0,1016
2026-07-23 20:26:23,Cell_24,2.2,2.083,29.38,190,0,991
2026-07-23 20:26:23,Cell_25,2.149,5.854,30.84,107,0,1081
2026-07-23 20:26:23,Cell_26,2.196,35.23,39.08,202,0,983
2026-07-23 20:26:23,Cell_27,2.181,25.8,36.93,116,0,1072
2026-07-23 20:26:23,Cell_28,2.098,32.355,41.45,123,0,1058
2026-07-23 20:26:23,Cell_29,2.247,24.17,37.69,96,0,1100
2026-07-23 20:26:23,Cell_3,2.199,32.701,30.79,190,0,999
2026-07-23 20:26:23,Cell_30,2.265,50.0,48.8,101,0,1099
2026-07-23 20:26:23,Cell_31,2.24,23.137,30.87,117,0,1067
2026-07-23 20:26:23,Cell_32,2.239,33.501,44.86,112,0,1081
2026-07-23 20:26:23,Cell_33,2.193,17.128,29.53,86,0,1101
2026-07-23 20:26:23,Cell_34,2.185,22.135,37.23,175,0,1013
2026-07-23 20:26:23,Cell_35,2.256,23.431,43.03,162,0,1037
2026-07-23 20:26:23,Cell_36,2.123,23.304,38.93,94,0,1101
2026-07-23 20:26:23,Cell_37,2.196,31.796,38.15,126,0,1059
2026-07-23 20:26:23,Cell_38,2.256,26.568,35.69,155,0,1030
2026-07-23 20:26:23,Cell_39,2.173,20.073,31.19,190,0,1006
2026-07-23 20:26:23,Cell_4,2.115,14.389,31.02,167,0,1030
2026-07-23 20:26:23,Cell_40,2.143,35.244,45.89,149,0,1047
2026-07-23 20:26:23,Cell_41,2.136,21.3,32.35,158,0,1040
2026-07-23 20:26:23,Cell_42,2.181,17.764,73.9,118,1,1018
2026-07-23 20:26:23,Cell_43,2.025,13.671,60.0,157,1,1030
2026-07-23 20:26:23,Cell_44,2.118,32.519,39.76,115,0,1070
2026-07-23 20:26:23,Cell_45,2.079,13.899,33.22,132,0,1050
2026-07-23 20:26:23,Cell_46,2.19,24.68,37.58,80,0,1116
2026-07-23 20:26:23,Cell_47,2.162,29.075,40.45,159,0,1034
2026-07-23 20:26:23,Cell_48,2.295,17.308,31.2,79,0,1114
2026-07-23 20:26:23,Cell_49,2.175,37.509,63.28,154,1,959
2026-07-23 20:26:23,Cell_5,2.189,26.862,38.74,144,0,1051
2026-07-23 20:26:23,Cell_50,2.264,34.366,40.16,207,0,987
2026-07-23 20:26:23,Cell_51,2.277,29.826,37.99,161,0,1022
2026-07-23 20:26:23,Cell_52,2.14,9.586,30.36,64,0,1123
2026-07-23 20:26:23,Cell_53,2.189,26.71,39.35,147,0,1048
2026-07-23 20:26:23,Cell_54,2.192,9.027,32.42,132,0,1052
2026-07-23 20:26:23,Cell_55,2.175,12.924,34.88,201,0,981
2026-07-23 20:26:23,Cell_6,2.185,30.561,41.79,146,0,1035
2026-07-23 20:26:23,Cell_7,2.225,26.857,41.13,163,0,1025
2026-07-23 20:26:23,Cell_8,2.209,19.801,33.06,114,0,1077
2026-07-23 20:26:23,Cell_9,2.152,28.319,35.49,95,0,1092
2026-07-23 20:28:23,Cell_1,2.233,27.05,38.28,205,0,995
2026-07-23 20:28:23,Cell_10,2.244,17.813,31.38,179,0,1004
2026-07-23 20:28:23,Cell_11,2.196,20.586,32.13,138,0,1054
2026-07-23 20:28:23,Cell_12,2.288,15.059,29.68,154,0,1041
2026-07-23 20:28:23,Cell_13,2.226,21.303,35.28,54,0,1145
2026-07-23 20:28:23,Cell_14,2.28,35.682,40.32,132,0,1051
2026-07-23 20:28:23,Cell_15,2.3,19.346,35.33,77,0,1113
2026-07-23 20:28:23,Cell_16,2.114,36.307,38.53,151,0,1046
2026-07-23 20:28:23,Cell_17,2.027,50.0,67.56,198,1,896
2026-07-23 20:28:23,Cell_18,1.9,50.0,79.1,162,2,944
2026-07-23 20:28:23,Cell_19,2.195,16.129,32.33,137,0,1058
2026-07-23 20:28:23,Cell_2,2.17,3.346,26.99,139,0,1060
2026-07-23 20:28:23,Cell_20,2.169,30.137,38.5,155,0,1035
2026-07-23 20:28:23,Cell_21,2.144,14.48,28.75,63,0,1118
2026-07-23 20:28:23,Cell_22,2.258,16.314,32.4,171,0,1025
2026-07-23 20:28:23,Cell_23,2.18,16.332,33.67,168,0,1024
2026-07-23 20:28:23,Cell_24,2.151,37.579,41.18,190,0,1000
2026-07-23 20:28:23,Cell_25,1.844,50.0,82.36,107,2,1039
2026-07-23 20:28:23,Cell_26,2.244,18.609,30.53,202,0,981
2026-07-23 20:28:23,Cell_27,2.194,30.86,40.74,116,0,1083
2026-07-23 20:28:23,Cell_28,2.196,32.296,41.58,123,0,1076
2026-07-23 20:28:23,Cell_29,2.233,21.699,29.44,96,0,1101
2026-07-23 20:28:23,Cell_3,2.16,18.922,64.67,190,1,904
2026-07-23 20:28:23,Cell_30,2.209,11.163,32.83,101,0,1093
2026-07-23 20:28:23,Cell_31,2.251,19.765,36.52,117,0,1083
2026-07-23 20:28:23,Cell_32,2.164,25.15,33.79,112,0,1088
2026-07-23 20:28:23,Cell_33,2.3,0.0,31.81,86,0,1112
2026-07-23 20:28:23,Cell_34,2.118,10.945,32.04,175,0,1017
2026-07-23 20:28:23,Cell_35,2.234,12.243,30.97,162,0,1026
2026-07-23 20:28:23,Cell_36,2.241,12.776,27.17,94,0,1094
2026-07-23 20:28:23,Cell_37,2.18,26.845,39.3,126,0,1073
2026-07-23 20:28:23,Cell_38,2.284,26.389,34.21,155,0,1027
2026-07-23 20:28:23,Cell_39,2.251,1.396,28.36,190,0,1007
2026-07-23 20:28:23,Cell_4,2.235,25.956,30.14,167,0,1023
2026-07-23 20:28:23,Cell_40,2.137,15.664,64.31,149,1,970
2026-07-23 20:28:23,Cell_41,2.204,37.244,41.55,158,0,1033
2026-07-23 20:28:23,Cell_42,2.219,25.668,37.32,118,0,1080
2026-07-23 20:28:23,Cell_43,2.184,33.781,33.73,157,0,1040
2026-07-23 20:28:23,Cell_44,2.117,36.16,41.43,115,0,1072
2026-07-23 20:28:23,Cell_45,2.16,13.47,32.96,132,0,1062
2026-07-23 20:28:23,Cell_46,2.143,28.364,35.05,80,0,1115
2026-07-23 20:28:23,Cell_47,2.223,36.272,41.51,159,0,1026
2026-07-23 20:28:23,Cell_48,2.262,24.325,29.12,79,0,1119
2026-07-23 20:28:23,Cell_49,2.164,20.291,28.3,154,0,1037
2026-07-23 20:28:23,Cell_5,2.194,29.544,34.0,144,0,1056
2026-07-23 20:28:23,Cell_50,2.195,0.387,25.25,207,0,987
2026-07-23 20:28:23,Cell_51,2.139,10.944,25.68,161,0,1023
2026-07-23 20:28:23,Cell_52,2.187,14.43,29.85,64,0,1130
2026-07-23 20:28:23,Cell_53,2.076,35.87,68.84,147,1,977
2026-07-23 20:28:23,Cell_54,2.079,28.441,65.1,132,1,993
2026-07-23 20:28:23,Cell_55,2.183,21.421,30.76,201,0,987
2026-07-23 20:28:23,Cell_6,2.157,21.457,36.82,146,0,1043
2026-07-23 20:28:23,Cell_7,2.277,37.992,45.19,163,0,1030
2026-07-23 20:28:23,Cell_8,2.173,32.949,39.27,114,0,1072
2026-07-23 20:28:23,Cell_9,2.265,23.709,31.03,95,0,1094
2026-07-23 20:30:23,Cell_1,1.889,50.0,85.13,205,2,885
2026-07-23 20:30:23,Cell_10,2.226,29.791,36.95,179,0,1006
2026-07-23 20:30:23,Cell_11,2.192,23.712,37.85,138,0,1043
2026-07-23 20:30:23,Cell_12,2.218,28.505,36.58,154,0,1037
2026-07-23 20:30:23,Cell_13,2.212,23.066,38.95,54,0,1138
2026-07-23 20:30:23,Cell_14,2.282,19.653,33.39,132,0,1059
2026-07-23 20:30:23,Cell_15,2.294,45.917,42.97,77,0,1107
2026-07-23 20:30:23,Cell_16,2.155,20.989,35.14,151,0,1034
2026-07-23 20:30:23,Cell_17,2.164,10.301,22.2,198,0,996
2026-07-23 20:30:23,Cell_18,2.224,15.537,37.64,163,0,1030
2026-07-23 20:30:23,Cell_19,2.165,33.236,33.26,137,0,1052
2026-07-23 20:30:23,Cell_2,2.119,25.535,73.47,139,1,972
2026-07-23 20:30:23,Cell_20,2.121,18.209,33.74,155,0,1033
2026-07-23 20:30:23,Cell_21,2.273,14.854,31.02,63,0,1125
2026-07-23 20:30:23,Cell_22,2.262,29.555,42.82,171,0,1024
2026-07-23 20:30:23,Cell_23,2.058,30.042,61.55,168,1,929
2026-07-23 20:30:23,Cell_24,2.157,37.416,40.39,190,0,996
2026-07-23 20:30:23,Cell_25,2.245,25.923,37.07,107,0,1083
2026-07-23 20:30:23,Cell_26,2.009,21.835,68.27,203,1,888
2026-07-23 20:30:23,Cell_27,2.18,28.917,42.97,116,0,1076
2026-07-23 20:30:23,Cell_28,2.101,21.24,60.0,123,1,1072
2026-07-23 20:30:23,Cell_29,2.197,25.65,33.86,96,0,1095
2026-07-23 20:30:23,Cell_3,2.197,21.187,34.63,190,0,995
2026-07-23 20:30:23,Cell_30,2.164,31.298,40.44,101,0,1095
2026-07-23 20:30:23,Cell_31,2.208,2.452,24.72,117,0,1077
2026-07-23 20:30:23,Cell_32,2.27,14.59,30.58,112,0,1076
2026-07-23 20:30:23,Cell_33,2.154,11.557,31.06,86,0,1098
2026-07-23 20:30:23,Cell_34,2.234,21.708,35.84,175,0,1024
2026-07-23 20:30:23,Cell_35,2.136,35.751,42.95,162,0,1033
2026-07-23 20:30:23,Cell_36,2.3,31.046,39.52,95,0,1090
2026-07-23 20:30:23,Cell_37,2.229,17.471,28.13,126,0,1055
2026-07-23 20:30:23,Cell_38,2.174,24.913,30.61,155,0,1041
2026-07-23 20:30:23,Cell_39,2.175,25.307,36.76,190,0,996
2026-07-23 20:30:23,Cell_4,2.173,27.848,30.54,167,0,1015
2026-07-23 20:30:23,Cell_40,2.156,16.571,33.37,149,0,1042
2026-07-23 20:30:23,Cell_41,2.203,25.375,40.42,159,0,1026
2026-07-23 20:30:23,Cell_42,2.178,36.183,44.65,118,0,1073
2026-07-23 20:30:23,Cell_43,2.3,19.976,34.33,157,0,1043
2026-07-23 20:30:23,Cell_44,2.206,23.958,31.97,115,0,1067
2026-07-23 20:30:23,Cell_45,2.223,29.7,39.94,132,0,1054
2026-07-23 20:30:23,Cell_46,2.276,20.782,34.71,80,0,1115
2026-07-23 20:30:23,Cell_47,2.157,17.904,35.34,159,0,1030
2026-07-23 20:30:23,Cell_48,2.245,0.0,26.0,79,0,1104
2026-07-23 20:30:23,Cell_49,2.226,10.884,32.04,154,0,1032
2026-07-23 20:30:23,Cell_5,2.215,22.453,31.34,144,0,1050
2026-07-23 20:30:23,Cell_50,2.094,36.55,40.81,207,0,992
2026-07-23 20:30:23,Cell_51,1.892,29.94,81.99,161,2,940
2026-07-23 20:30:23,Cell_52,2.293,34.28,39.48,64,0,1133
2026-07-23 20:30:23,Cell_53,1.876,48.631,87.91,147,2,979
2026-07-23 20:30:23,Cell_54,2.203,5.282,30.48,132,0,1064
2026-07-23 20:30:23,Cell_55,2.147,33.018,37.99,201,0,997
2026-07-23 20:30:23,Cell_6,2.204,18.684,38.78,146,0,1037
2026-07-23 20:30:23,Cell_7,2.168,21.18,34.42,163,0,1026
2026-07-23 20:30:23,Cell_8,2.248,19.883,29.02,114,0,1075
2026-07-23 20:30:23,Cell_9,2.174,13.413,29.61,95,0,1105
2026-07-23 20:32:23,Cell_1,2.13,15.77,31.51,205,0,986
2026-07-23 20:32:23,Cell_10,2.216,13.907,31.5,179,0,1017
2026-07-23 20:32:23,Cell_11,2.182,13.48,29.45,138,0,1059
2026-07-23 20:32:23,Cell_12,2.287,10.194,28.23,154,0,1031
2026-07-23 20:32:23,Cell_13,2.189,18.138,32.2,54,0,1141
2026-07-23 20:32:23,Cell_14,2.223,16.966,31.23,132,0,1050
2026-07-23 20:32:23,Cell_15,2.281,22.063,33.3,77,0,1113
2026-07-23 20:32:23,Cell_16,2.164,37.439,45.47,151,0,1034
2026-07-23 20:32:23,Cell_17,2.164,19.128,34.44,198,0,1002
2026-07-23 20:32:23,Cell_18,2.204,24.352,35.28,163,0,1022
2026-07-23 20:32:23,Cell_19,2.24,7.261,29.02,137,0,1057
2026-07-23 20:32:23,Cell_2,2.19,19.068,35.52,139,0,1050
2026-07-23 20:32:23,Cell_20,2.197,15.754,34.7,155,0,1027
2026-07-23 20:32:23,Cell_21,2.153,28.848,39.61,64,0,1135
2026-07-23 20:32:23,Cell_22,2.226,23.87,37.34,171,0,1022
2026-07-23 20:32:23,Cell_23,2.206,24.913,37.65,168,0,1019
2026-07-23 20:32:23,Cell_24,2.19,23.215,40.61,190,0,998
2026-07-23 20:32:23,Cell_25,2.247,35.92,40.57,108,0,1083
2026-07-23 20:32:23,Cell_26,2.205,24.016,35.47,203,0,997
2026-07-23 20:32:23,Cell_27,2.224,28.396,32.58,116,0,1080
2026-07-23 20:32:23,Cell_28,2.139,27.487,38.46,123,0,1061
2026-07-23 20:32:23,Cell_29,2.173,14.316,34.2,96,0,1094
2026-07-23 20:32:23,Cell_3,2.245,30.445,38.35,190,0,1002
2026-07-23 20:32:23,Cell_30,2.186,12.927,33.13,101,0,1083
2026-07-23 20:32:23,Cell_31,2.154,40.599,40.65,117,0,1080
2026-07-23 20:32:23,Cell_32,2.224,24.442,30.49,113,0,1078
2026-07-23 20:32:23,Cell_33,2.271,19.054,33.17,86,0,1101
2026-07-23 20:32:23,Cell_34,2.174,34.9,36.61,175,0,1006
2026-07-23 20:32:23,Cell_35,2.294,43.691,48.48,162,0,1029
2026-07-23 20:32:23,Cell_36,2.271,34.867,42.62,95,0,1087
2026-07-23 20:32:23,Cell_37,2.248,37.241,42.82,126,0,1067
2026-07-23 20:32:23,Cell_38,2.164,17.708,31.48,155,0,1039
2026-07-23 20:32:23,Cell_39,2.16,21.086,34.14,190,0,999
2026-07-23 20:32:23,Cell_4,2.183,33.734,41.91,167,0,1023
2026-07-23 20:32:23,Cell_40,2.24,29.726,43.64,149,0,1041
2026-07-23 20:32:23,Cell_41,2.109,25.09,39.19,159,0,1032
2026-07-23 20:32:23,Cell_42,2.163,25.612,39.25,118,0,1065
2026-07-23 20:32:23,Cell_43,2.215,24.428,28.16,157,0,1037
2026-07-23 20:32:23,Cell_44,2.238,50.0,46.25,115,0,1077
2026-07-23 20:32:23,Cell_45,2.17,31.834,40.8,132,0,1063
2026-07-23 20:32:23,Cell_46,2.278,20.722,28.45,80,0,1103
2026-07-23 20:32:23,Cell_47,2.165,16.172,28.2,159,0,1030
2026-07-23 20:32:23,Cell_48,2.2,32.37,37.2,79,0,1108
2026-07-23 20:32:23,Cell_49,2.145,44.592,45.02,154,0,1038
2026-07-23 20:32:23,Cell_5,2.206,21.431,36.69,144,0,1054
2026-07-23 20:32:23,Cell_50,2.212,15.745,34.25,207,0,976
2026-07-23 20:32:23,Cell_51,2.236,42.244,42.14,161,0,1037
2026-07-23 20:32:23,Cell_52,2.209,8.304,33.15,64,0,1117
2026-07-23 20:32:23,Cell_53,2.1,28.212,37.04,147,0,1043
2026-07-23 20:32:23,Cell_54,2.188,19.226,29.58,132,0,1057
2026-07-23 20:32:23,Cell_55,2.133,14.166,33.76,201,0,994
2026-07-23 20:32:23,Cell_6,2.245,10.097,31.74,146,0,1047
2026-07-23 20:32:23,Cell_7,2.152,41.129,44.8,163,0,1034
2026-07-23 20:32:23,Cell_8,2.253,39.951,41.31,114,0,1069
2026-07-23 20:32:23,Cell_9,2.115,32.632,40.97,95,0,1086
2026-07-23 20:34:23,Cell_1,2.162,26.527,43.0,205,0,990
2026-07-23 20:34:23,Cell_10,2.122,24.436,33.71,179,0,1015
2026-07-23 20:34:23,Cell_11,2.162,38.277,43.53,138,0,1050
2026-07-23 20:34:23,Cell_12,2.219,13.569,30.41,154,0,1043
2026-07-23 20:34:23,Cell_13,2.234,23.198,39.63,54,0,1128
2026-07-23 20:34:23,Cell_14,2.118,18.407,60.0,132,1,1057
2026-07-23 20:34:23,Cell_15,2.172,13.436,25.58,77,0,1115
2026-07-23 20:34:23,Cell_16,2.234,18.245,36.91,151,0,1038
2026-07-23 20:34:23,Cell_17,1.817,32.676,82.99,198,2,888
2026-07-23 20:34:23,Cell_18,2.183,23.824,34.4,164,0,1027
2026-07-23 20:34:23,Cell_19,2.069,23.954,60.0,137,1,1050
2026-07-23 20:34:23,Cell_2,2.292,31.912,42.4,140,0,1053
2026-07-23 20:34:23,Cell_20,2.24,37.5,40.24,155,0,1042
2026-07-23 20:34:23,Cell_21,2.142,19.078,36.27,64,0,1117
2026-07-23 20:34:23,Cell_22,2.125,18.359,30.21,171,0,1020
2026-07-23 20:34:23,Cell_23,2.265,30.605,41.59,168,0,1032
2026-07-23 20:34:23,Cell_24,2.21,37.81,42.1,190,0,1008
2026-07-23 20:34:23,Cell_25,2.242,21.57,35.24,108,0,1073
2026-07-23 20:34:23,Cell_26,2.187,11.473,29.02,204,0,986
2026-07-23 20:34:23,Cell_27,2.275,0.0,20.0,116,0,1075
2026-07-23 20:34:23,Cell_28,2.159,34.41,43.89,123,0,1077
2026-07-23 20:34:23,Cell_29,2.286,35.401,42.03,96,0,1090
2026-07-23 20:34:23,Cell_3,2.106,14.522,32.17,190,0,1004
2026-07-23 20:34:23,Cell_30,2.113,28.258,38.34,101,0,1081
2026-07-23 20:34:23,Cell_31,2.226,37.811,38.65,117,0,1071
2026-07-23 20:34:23,Cell_32,2.223,39.935,42.14,113,0,1072
2026-07-23 20:34:23,Cell_33,2.206,17.354,34.19,86,0,1106
2026-07-23 20:34:23,Cell_34,2.171,40.111,42.81,175,0,1006
2026-07-23 20:34:23,Cell_35,2.29,23.362,36.1,162,0,1029
2026-07-23 20:34:23,Cell_36,2.157,39.848,42.53,95,0,1100
2026-07-23 20:34:23,Cell_37,2.133,14.265,34.96,126,0,1058
2026-07-23 20:34:23,Cell_38,2.155,26.613,36.66,155,0,1039
2026-07-23 20:34:23,Cell_39,2.173,20.934,30.93,190,0,1004
2026-07-23 20:34:23,Cell_4,2.169,35.253,39.35,167,0,1029
2026-07-23 20:34:23,Cell_40,2.168,28.756,32.35,149,0,1032
2026-07-23 20:34:23,Cell_41,2.074,15.322,28.34,159,0,1028
2026-07-23 20:34:23,Cell_42,2.182,24.431,32.95,118,0,1068
2026-07-23 20:34:23,Cell_43,2.234,35.872,42.11,157,0,1040
2026-07-23 20:34:23,Cell_44,2.154,24.211,39.81,115,0,1079
2026-07-23 20:34:23,Cell_45,2.233,30.995,34.2,132,0,1054
2026-07-23 20:34:23,Cell_46,2.285,38.033,44.17,80,0,1103
2026-07-23 20:34:23,Cell_47,2.226,29.406,38.53,159,0,1036
2026-07-23 20:34:23,Cell_48,2.205,25.811,37.52,79,0,1114
2026-07-23 20:34:23,Cell_49,2.3,35.04,38.82,154,0,1032
2026-07-23 20:34:23,Cell_5,2.197,15.731,33.82,144,0,1052
2026-07-23 20:34:23,Cell_50,2.163,24.33,36.12,207,0,988
2026-07-23 20:34:23,Cell_51,2.119,21.391,39.8,161,0,1020
2026-07-23 20:34:23,Cell_52,2.114,22.771,60.87,64,1,1089
2026-07-23 20:34:23,Cell_53,2.3,35.919,42.92,147,0,1036
2026-07-23 20:34:23,Cell_54,2.257,24.95,34.01,132,0,1051
2026-07-23 20:34:23,Cell_55,2.178,30.794,42.19,201,0,986
2026-07-23 20:34:23,Cell_6,2.195,30.064,38.39,146,0,1035
2026-07-23 20:34:23,Cell_7,2.116,44.763,41.07,163,0,1036
2026-07-23 20:34:23,Cell_8,2.236,13.529,32.72,114,0,1082
2026-07-23 20:34:23,Cell_9,2.218,32.33,38.41,95,0,1091
2026-07-23 20:36:23,Cell_1,2.193,16.156,29.22,205,0,993
2026-07-23 20:36:23,Cell_10,2.155,7.538,30.23,179,0,1021
2026-07-23 20:36:23,Cell_11,2.185,14.053,28.68,138,0,1059
2026-07-23 20:36:23,Cell_12,1.9,46.825,83.95,155,2,953
2026-07-23 20:36:23,Cell_13,2.222,28.066,33.27,54,0,1143
2026-07-23 20:36:23,Cell_14,2.299,26.385,32.95,132,0,1063
2026-07-23 20:36:23,Cell_15,2.241,23.486,33.64,77,0,1114
2026-07-23 20:36:23,Cell_16,2.072,27.814,69.78,151,1,958
2026-07-23 20:36:23,Cell_17,1.883,47.246,81.54,199,2,893
2026-07-23 20:36:23,Cell_18,2.074,9.637,71.86,164,1,940
2026-07-23 20:36:23,Cell_19,2.178,21.871,32.23,137,0,1062
2026-07-23 20:36:23,Cell_2,2.112,8.737,28.15,140,0,1045
2026-07-23 20:36:23,Cell_20,2.23,14.999,37.84,155,0,1043
2026-07-23 20:36:23,Cell_21,2.187,25.578,35.13,64,0,1136
2026-07-23 20:36:23,Cell_22,2.216,25.105,37.88,171,0,1019
2026-07-23 20:36:23,Cell_23,2.149,34.995,42.56,168,0,1013
2026-07-23 20:36:23,Cell_24,2.181,11.346,31.03,190,0,995
2026-07-23 20:36:23,Cell_25,2.185,34.311,36.54,108,0,1080
2026-07-23 20:36:23,Cell_26,2.156,49.439,48.4,204,0,987
2026-07-23 20:36:23,Cell_27,2.178,16.915,32.5,116,0,1066
2026-07-23 20:36:23,Cell_28,2.167,39.274,40.75,123,0,1073
2026-07-23 20:36:23,Cell_29,1.9,45.624,82.19,96,2,1054
2026-07-23 20:36:23,Cell_3,2.226,33.393,36.61,190,0,1001
2026-07-23 20:36:23,Cell_30,2.224,24.041,32.69,101,0,1086
2026-07-23 20:36:23,Cell_31,2.122,30.964,37.2,117,0,1065
2026-07-23 20:36:23,Cell_32,2.26,23.881,39.03,113,0,1085
2026-07-23 20:36:23,Cell_33,2.171,17.433,31.31,86,0,1107
2026-07-23 20:36:23,Cell_34,2.136,36.301,45.2,175,0,1023
2026-07-23 20:36:23,Cell_35,2.209,27.799,34.92,162,0,1029
2026-07-23 20:36:23,Cell_36,2.22,32.765,34.68,95,0,1093
2026-07-23 20:36:23,Cell_37,2.239,26.642,37.76,126,0,1067
2026-07-23 20:36:23,Cell_38,2.231,23.497,36.04,155,0,1029
2026-07-23 20:36:23,Cell_39,2.209,18.741,34.5,190,0,996
2026-07-23 20:36:23,Cell_4,2.148,28.83,38.8,167,0,1020
2026-07-23 20:36:23,Cell_40,2.165,17.023,31.13,149,0,1039
2026-07-23 20:36:23,Cell_41,2.203,22.297,35.49,159,0,1024
2026-07-23 20:36:23,Cell_42,2.142,23.921,39.82,118,0,1081
2026-07-23 20:36:23,Cell_43,2.21,32.822,37.63,157,0,1040
2026-07-23 20:36:23,Cell_44,2.3,24.261,32.22,115,0,1074
2026-07-23 20:36:23,Cell_45,2.224,40.533,40.55,132,0,1067
2026-07-23 20:36:23,Cell_46,2.223,33.683,36.41,80,0,1111
2026-07-23 20:36:23,Cell_47,2.174,26.081,30.46,159,0,1027
2026-07-23 20:36:23,Cell_48,2.208,32.893,37.11,79,0,1102
2026-07-23 20:36:23,Cell_49,2.26,27.728,36.21,154,0,1035
2026-07-23 20:36:23,Cell_5,2.148,39.47,39.12,144,0,1044
2026-07-23 20:36:23,Cell_50,2.147,27.298,36.99,208,0,974
2026-07-23 20:36:23,Cell_51,2.208,17.155,33.43,161,0,1030
2026-07-23 20:36:23,Cell_52,2.271,26.444,30.39,64,0,1135
2026-07-23 20:36:23,Cell_53,2.278,30.704,38.34,147,0,1038
2026-07-23 20:36:23,Cell_54,2.209,19.549,30.69,133,0,1064
2026-07-23 20:36:23,Cell_55,2.122,30.393,35.48,201,0,986
2026-07-23 20:36:23,Cell_6,2.177,17.945,36.19,146,0,1041
2026-07-23 20:36:23,Cell_7,2.153,29.586,38.15,163,0,1032
2026-07-23 20:36:23,Cell_8,2.26,17.525,36.72,114,0,1084
2026-07-23 20:36:23,Cell_9,2.188,22.822,38.69,95,0,1099
2026-07-23 20:38:23,Cell_1,2.162,12.266,30.83,205,0,993
2026-07-23 20:38:23,Cell_10,2.099,31.55,38.9,179,0,1015
2026-07-23 20:38:23,Cell_11,2.166,36.402,44.03,138,0,1044
2026-07-23 20:38:23,Cell_12,2.136,34.493,37.81,155,0,1041
2026-07-23 20:38:23,Cell_13,2.268,6.155,28.96,54,0,1141
2026-07-23 20:38:23,Cell_14,2.166,39.338,39.01,132,0,1061
2026-07-23 20:38:23,Cell_15,2.15,27.395,36.55,77,0,1105
2026-07-23 20:38:23,Cell_16,2.215,23.714,35.09,151,0,1031
2026-07-23 20:38:23,Cell_17,2.143,26.021,37.76,199,0,983
2026-07-23 20:38:23,Cell_18,2.227,42.562,38.52,164,0,1017
2026-07-23 20:38:23,Cell_19,2.199,40.295,45.84,138,0,1056
2026-07-23 20:38:23,Cell_2,2.153,18.15,38.05,140,0,1057
2026-07-23 20:38:23,Cell_20,2.202,6.399,26.16,155,0,1032
2026-07-23 20:38:23,Cell_21,2.206,32.649,39.99,64,0,1136
2026-07-23 20:38:23,Cell_22,2.259,22.68,34.95,171,0,1019
2026-07-23 20:38:23,Cell_23,2.105,31.484,40.71,168,0,1031
2026-07-23 20:38:23,Cell_24,1.9,40.921,89.91,190,2,900
2026-07-23 20:38:23,Cell_25,2.185,32.852,41.9,108,0,1076
2026-07-23 20:38:23,Cell_26,2.081,29.529,39.55,205,0,995
2026-07-23 20:38:23,Cell_27,2.109,32.23,42.67,116,0,1081
2026-07-23 20:38:23,Cell_28,2.135,37.942,38.73,123,0,1068
2026-07-23 20:38:23,Cell_29,2.269,26.632,36.01,96,0,1100
2026-07-23 20:38:23,Cell_3,2.17,31.739,40.6,190,0,992
2026-07-23 20:38:23,Cell_30,2.24,32.549,40.67,101,0,1096
2026-07-23 20:38:23,Cell_31,2.288,26.385,34.42,117,0,1083
2026-07-23 20:38:23,Cell_32,2.202,22.661,34.9,113,0,1077
2026-07-23 20:38:23,Cell_33,2.217,32.231,37.11,86,0,1109
2026-07-23 20:38:23,Cell_34,2.147,45.223,43.03,175,0,1014
2026-07-23 20:38:23,Cell_35,2.211,7.281,33.19,162,0,1032
2026-07-23 20:38:23,Cell_36,2.16,42.52,46.99,95,0,1089
2026-07-23 20:38:23,Cell_37,2.246,20.415,28.11,126,0,1069
2026-07-23 20:38:23,Cell_38,2.179,0.426,26.03,155,0,1030
2026-07-23 20:38:23,Cell_39,1.9,50.0,90.0,190,2,915
2026-07-23 20:38:23,Cell_4,2.12,22.547,69.14,167,1,938
2026-07-23 20:38:23,Cell_40,2.146,36.836,64.91,149,1,960
2026-07-23 20:38:23,Cell_41,2.24,27.996,40.09,159,0,1040
2026-07-23 20:38:23,Cell_42,2.221,31.771,36.56,118,0,1065
2026-07-23 20:38:23,Cell_43,2.176,26.46,38.87,157,0,1036
2026-07-23 20:38:23,Cell_44,2.171,27.599,36.25,115,0,1068
2026-07-23 20:38:23,Cell_45,2.124,17.4,30.08,133,0,1059
2026-07-23 20:38:23,Cell_46,2.163,19.442,32.01,80,0,1120
2026-07-23 20:38:23,Cell_47,2.076,19.672,62.57,159,1,949
2026-07-23 20:38:23,Cell_48,2.255,16.409,33.47,79,0,1108
2026-07-23 20:38:23,Cell_49,2.208,15.423,30.37,154,0,1032
2026-07-23 20:38:23,Cell_5,2.21,25.904,35.57,144,0,1045
2026-07-23 20:38:23,Cell_50,2.186,18.399,35.33,208,0,992
2026-07-23 20:38:23,Cell_51,2.15,25.018,38.95,162,0,1033
2026-07-23 20:38:23,Cell_52,2.261,25.623,32.89,64,0,1122
2026-07-23 20:38:23,Cell_53,2.251,39.495,44.15,147,0,1047
2026-07-23 20:38:23,Cell_54,2.027,25.772,70.61,133,1,995
2026-07-23 20:38:23,Cell_55,2.3,15.766,32.62,201,0,994
2026-07-23 20:38:23,Cell_6,2.173,21.285,42.4,146,0,1047
2026-07-23 20:38:23,Cell_7,2.158,30.176,37.42,163,0,1032
2026-07-23 20:38:23,Cell_8,2.184,34.149,36.18,114,0,1083
2026-07-23 20:38:23,Cell_9,2.252,24.288,31.49,95,0,1091
2026-07-23 20:40:23,Cell_1,2.272,41.65,40.64,205,0,992
2026-07-23 20:40:23,Cell_10,2.273,14.444,33.84,179,0,1002
2026-07-23 20:40:23,Cell_11,2.227,13.887,27.92,138,0,1062
2026-07-23 20:40:23,Cell_12,2.132,44.814,43.68,155,0,1045
2026-07-23 20:40:23,Cell_13,2.256,17.991,33.64,54,0,1137
2026-07-23 20:40:23,Cell_14,2.064,24.538,64.15,132,1,987
2026-07-23 20:40:23,Cell_15,2.272,28.684,32.81,77,0,1106
2026-07-23 20:40:23,Cell_16,2.148,42.627,46.57,151,0,1043
2026-07-23 20:40:23,Cell_17,2.219,22.613,32.37,199,0,982
2026-07-23 20:40:23,Cell_18,1.9,34.252,75.0,164,2,950
2026-07-23 20:40:23,Cell_19,2.266,17.914,31.03,138,0,1053
2026-07-23 20:40:23,Cell_2,2.15,25.001,37.84,140,0,1056
2026-07-23 20:40:23,Cell_20,2.201,32.347,38.76,155,0,1039
2026-07-23 20:40:23,Cell_21,2.257,29.959,39.9,64,0,1117
2026-07-23 20:40:23,Cell_22,2.245,14.784,26.78,171,0,1025
2026-07-23 20:40:23,Cell_23,2.152,27.162,42.4,168,0,1027
2026-07-23 20:40:23,Cell_24,2.166,14.383,32.18,190,0,1004
2026-07-23 20:40:23,Cell_25,2.258,30.093,39.07,108,0,1087
2026-07-23 20:40:23,Cell_26,2.079,35.894,47.19,205,0,986
2026-07-23 20:40:23,Cell_27,2.13,6.29,27.04,116,0,1065
2026-07-23 20:40:23,Cell_28,2.188,21.824,34.71,123,0,1073
2026-07-23 20:40:23,Cell_29,1.9,50.0,90.0,96,2,1044
2026-07-23 20:40:23,Cell_3,2.225,20.723,36.37,190,0,1004
2026-07-23 20:40:23,Cell_30,2.23,34.36,36.58,101,0,1084
2026-07-23 20:40:23,Cell_31,2.242,18.438,35.26,117,0,1079
2026-07-23 20:40:23,Cell_32,2.3,31.766,40.07,113,0,1071
2026-07-23 20:40:23,Cell_33,2.247,33.807,43.54,86,0,1102
2026-07-23 20:40:23,Cell_34,2.24,24.347,40.65,176,0,1012
2026-07-23 20:40:23,Cell_35,2.183,10.541,23.12,162,0,1029
2026-07-23 20:40:23,Cell_36,2.212,13.341,28.13,95,0,1090
2026-07-23 20:40:23,Cell_37,2.181,42.095,45.24,126,0,1063
2026-07-23 20:40:23,Cell_38,2.057,32.077,40.08,155,0,1030
2026-07-23 20:40:23,Cell_39,2.162,25.893,37.09,190,0,1006
2026-07-23 20:40:23,Cell_4,2.174,40.277,39.3,167,0,1030
2026-07-23 20:40:23,Cell_40,2.094,29.288,37.87,149,0,1038
2026-07-23 20:40:23,Cell_41,2.214,33.171,34.42,159,0,1031
2026-07-23 20:40:23,Cell_42,2.16,11.042,28.31,118,0,1063
2026-07-23 20:40:23,Cell_43,2.235,50.0,46.39,157,0,1037
2026-07-23 20:40:23,Cell_44,2.25,21.889,32.86,115,0,1073
2026-07-23 20:40:23,Cell_45,2.191,28.55,37.46,133,0,1054
2026-07-23 20:40:23,Cell_46,2.186,18.921,36.28,80,0,1115
2026-07-23 20:40:23,Cell_47,2.196,24.493,37.84,159,0,1023
2026-07-23 20:40:23,Cell_48,2.202,33.246,36.79,79,0,1103
2026-07-23 20:40:23,Cell_49,2.266,15.83,30.35,154,0,1038
2026-07-23 20:40:23,Cell_5,2.244,23.979,38.13,144,0,1046
2026-07-23 20:40:23,Cell_50,2.171,22.32,38.65,208,0,973
2026-07-23 20:40:23,Cell_51,2.114,27.957,38.53,162,0,1023
2026-07-23 20:40:23,Cell_52,2.219,27.962,32.97,64,0,1117
2026-07-23 20:40:23,Cell_53,2.084,33.122,64.01,147,1,979
2026-07-23 20:40:23,Cell_54,2.26,27.056,39.05,133,0,1050
2026-07-23 20:40:23,Cell_55,2.163,26.931,37.03,201,0,991
2026-07-23 20:40:23,Cell_6,2.194,35.075,37.45,146,0,1050
2026-07-23 20:40:23,Cell_7,2.209,35.595,38.53,163,0,1031
2026-07-23 20:40:23,Cell_8,2.161,13.5,35.75,114,0,1069
2026-07-23 20:40:23,Cell_9,2.203,26.13,34.76,95,0,1087
2026-07-23 20:42:23,Cell_1,2.127,25.31,37.98,205,0,992
2026-07-23 20:42:23,Cell_10,2.271,22.313,34.52,179,0,1011
2026-07-23 20:42:23,Cell_11,2.066,20.699,61.08,138,1,992
2026-07-23 20:42:23,Cell_12,2.256,27.402,34.78,155,0,1043
2026-07-23 20:42:23,Cell_13,1.9,50.0,79.43,54,2,1108
2026-07-23 20:42:23,Cell_14,2.226,32.152,39.8,132,0,1053
2026-07-23 20:42:23,Cell_15,2.3,22.759,34.68,77,0,1123
2026-07-23 20:42:23,Cell_16,2.239,14.457,32.12,151,0,1037
2026-07-23 20:42:23,Cell_17,2.135,14.515,39.2,199,0,1000
2026-07-23 20:42:23,Cell_18,2.235,3.281,30.23,164,0,1026
2026-07-23 20:42:23,Cell_19,2.14,6.829,27.64,139,0,1046
2026-07-23 20:42:23,Cell_2,2.216,26.508,36.24,140,0,1052
2026-07-23 20:42:23,Cell_20,2.146,15.185,34.27,155,0,1032
2026-07-23 20:42:23,Cell_21,2.184,27.678,36.25,64,0,1119
2026-07-23 20:42:23,Cell_22,2.226,5.351,26.23,171,0,1028
2026-07-23 20:42:23,Cell_23,2.159,25.693,36.69,169,0,1029
2026-07-23 20:42:23,Cell_24,2.115,35.108,64.28,190,1,897
2026-07-23 20:42:23,Cell_25,2.237,28.785,38.25,108,0,1076
2026-07-23 20:42:23,Cell_26,2.236,29.51,33.16,205,0,983
2026-07-23 20:42:23,Cell_27,2.183,45.799,46.66,117,0,1067
2026-07-23 20:42:23,Cell_28,2.207,29.273,36.31,123,0,1061
2026-07-23 20:42:23,Cell_29,2.218,32.314,39.21,96,0,1091
2026-07-23 20:42:23,Cell_3,2.16,14.045,34.09,190,0,1004
2026-07-23 20:42:23,Cell_30,2.193,16.87,35.7,101,0,1084
2026-07-23 20:42:23,Cell_31,2.169,12.58,31.2,117,0,1069
2026-07-23 20:42:23,Cell_32,2.197,27.707,39.9,113,0,1076
2026-07-23 20:42:23,Cell_33,2.119,19.857,68.45,86,1,1057
2026-07-23 20:42:23,Cell_34,2.203,35.013,39.09,176,0,1013
2026-07-23 20:42:23,Cell_35,2.229,19.145,34.63,162,0,1035
2026-07-23 20:42:23,Cell_36,2.134,44.851,40.79,95,0,1095
2026-07-23 20:42:23,Cell_37,2.288,50.0,43.12,126,0,1066
2026-07-23 20:42:23,Cell_38,2.211,23.011,36.23,155,0,1029
2026-07-23 20:42:23,Cell_39,2.202,27.667,39.43,190,0,1007
2026-07-23 20:42:23,Cell_4,2.181,14.69,33.07,167,0,1032
2026-07-23 20:42:23,Cell_40,2.221,30.401,40.68,149,0,1041
2026-07-23 20:42:23,Cell_41,2.237,9.493,30.63,159,0,1023
2026-07-23 20:42:23,Cell_42,2.15,28.471,41.53,118,0,1073
2026-07-23 20:42:23,Cell_43,2.189,29.192,41.55,157,0,1039
2026-07-23 20:42:23,Cell_44,2.246,9.912,27.76,115,0,1073
2026-07-23 20:42:23,Cell_45,2.218,24.218,38.04,133,0,1050
2026-07-23 20:42:23,Cell_46,2.194,9.058,23.24,80,0,1108
2026-07-23 20:42:23,Cell_47,2.237,48.2,39.41,159,0,1022
2026-07-23 20:42:23,Cell_48,2.161,13.542,26.11,79,0,1106
2026-07-23 20:42:23,Cell_49,2.233,17.283,32.32,154,0,1042
2026-07-23 20:42:23,Cell_5,2.165,4.698,26.77,144,0,1045
2026-07-23 20:42:23,Cell_50,2.222,28.033,37.54,208,0,976
2026-07-23 20:42:23,Cell_51,2.238,38.331,47.03,162,0,1036
2026-07-23 20:42:23,Cell_52,2.127,12.868,67.39,64,1,1092
2026-07-23 20:42:23,Cell_53,2.17,16.974,32.84,147,0,1048
2026-07-23 20:42:23,Cell_54,2.144,26.598,35.59,133,0,1055
2026-07-23 20:42:23,Cell_55,2.19,31.602,40.14,201,0,993
2026-07-23 20:42:23,Cell_6,2.227,13.561,31.04,146,0,1041
2026-07-23 20:42:23,Cell_7,2.186,24.054,38.01,163,0,1021
2026-07-23 20:42:23,Cell_8,2.235,27.586,32.62,114,0,1075
2026-07-23 20:42:23,Cell_9,2.224,21.357,36.22,95,0,1100
2026-07-23 20:44:23,Cell_1,2.218,23.78,35.93,206,0,990
2026-07-23 20:44:23,Cell_10,2.148,28.036,40.63,179,0,1008
2026-07-23 20:44:23,Cell_11,2.228,37.058,41.82,138,0,1044
2026-07-23 20:44:23,Cell_12,2.238,35.963,43.28,155,0,1032
2026-07-23 20:44:23,Cell_13,2.3,24.373,32.46,54,0,1132
2026-07-23 20:44:23,Cell_14,2.199,33.782,40.67,133,0,1052
2026-07-23 20:44:23,Cell_15,2.113,9.998,65.41,77,1,1076
2026-07-23 20:44:23,Cell_16,2.228,29.588,39.78,151,0,1036
2026-07-23 20:44:23,Cell_17,2.118,22.511,36.16,199,0,999
2026-07-23 20:44:23,Cell_18,2.188,30.423,39.25,164,0,1034
2026-07-23 20:44:23,Cell_19,2.233,31.589,38.05,139,0,1049
2026-07-23 20:44:23,Cell_2,2.25,44.608,42.44,140,0,1042
2026-07-23 20:44:23,Cell_20,2.174,26.333,36.1,155,0,1034
2026-07-23 20:44:23,Cell_21,2.239,7.679,28.36,64,0,1120
2026-07-23 20:44:23,Cell_22,2.224,23.363,37.24,171,0,1017
2026-07-23 20:44:23,Cell_23,2.068,36.201,40.94,169,0,1014
2026-07-23 20:44:23,Cell_24,2.267,34.137,40.2,190,0,996
2026-07-23 20:44:23,Cell_25,2.194,24.915,34.25,108,0,1090
2026-07-23 20:44:23,Cell_26,2.204,30.349,40.04,205,0,985
2026-07-23 20:44:23,Cell_27,2.195,36.051,38.35,118,0,1064
2026-07-23 20:44:23,Cell_28,2.207,14.493,32.57,123,0,1063
2026-07-23 20:44:23,Cell_29,2.181,18.114,32.83,96,0,1093
2026-07-23 20:44:23,Cell_3,2.207,27.94,34.44,190,0,1008
2026-07-23 20:44:23,Cell_30,2.222,27.135,38.38,101,0,1099
2026-07-23 20:44:23,Cell_31,2.228,32.37,32.08,117,0,1082
2026-07-23 20:44:23,Cell_32,2.198,32.506,33.5,113,0,1085
2026-07-23 20:44:23,Cell_33,2.183,20.963,69.91,86,1,1055
2026-07-23 20:44:23,Cell_34,2.232,19.921,39.33,176,0,1014
2026-07-23 20:44:23,Cell_35,2.217,30.69,40.57,162,0,1024
2026-07-23 20:44:23,Cell_36,2.279,42.417,44.45,95,0,1102
2026-07-23 20:44:23,Cell_37,2.225,43.297,45.13,126,0,1062
2026-07-23 20:44:23,Cell_38,2.182,34.542,43.35,155,0,1045
2026-07-23 20:44:23,Cell_39,2.216,22.134,35.44,190,0,1008
2026-07-23 20:44:23,Cell_4,2.177,40.045,44.06,167,0,1027
2026-07-23 20:44:23,Cell_40,2.076,24.45,66.05,149,1,972
2026-07-23 20:44:23,Cell_41,2.155,27.333,35.6,159,0,1023
2026-07-23 20:44:23,Cell_42,2.143,21.787,61.86,118,1,1011
2026-07-23 20:44:23,Cell_43,2.242,29.783,40.01,157,0,1025
2026-07-23 20:44:23,Cell_44,2.071,32.567,38.2,115,0,1069
2026-07-23 20:44:23,Cell_45,2.28,21.367,35.93,134,0,1056
2026-07-23 20:44:23,Cell_46,2.107,30.954,40.09,80,0,1111
2026-07-23 20:44:23,Cell_47,2.259,23.304,35.57,159,0,1039
2026-07-23 20:44:23,Cell_48,2.252,14.439,28.15,79,0,1119
2026-07-23 20:44:23,Cell_49,2.167,18.865,32.15,155,0,1038
2026-07-23 20:44:23,Cell_5,2.269,21.119,35.04,144,0,1052
2026-07-23 20:44:23,Cell_50,2.246,14.554,34.43,208,0,987
2026-07-23 20:44:23,Cell_51,2.116,33.555,37.27,162,0,1021
2026-07-23 20:44:23,Cell_52,2.092,26.071,64.12,64,1,1091
2026-07-23 20:44:23,Cell_53,2.151,46.996,43.57,147,0,1052
2026-07-23 20:44:23,Cell_54,2.232,16.731,30.36,133,0,1062
2026-07-23 20:44:23,Cell_55,2.215,31.009,32.22,201,0,986
2026-07-23 20:44:23,Cell_6,2.29,8.233,30.05,146,0,1054
2026-07-23 20:44:23,Cell_7,2.169,25.453,35.86,163,0,1028
2026-07-23 20:44:23,Cell_8,2.279,22.283,34.82,114,0,1079
2026-07-23 20:44:23,Cell_9,2.147,33.785,45.17,95,0,1092
2026-07-23 20:46:23,Cell_1,2.232,31.994,43.6,206,0,980
2026-07-23 20:46:23,Cell_10,2.193,11.62,31.12,179,0,1010
2026-07-23 20:46:23,Cell_11,2.063,37.847,67.92,138,1,985
2026-07-23 20:46:23,Cell_12,2.102,26.892,40.18,155,0,1033
2026-07-23 20:46:23,Cell_13,2.169,14.419,33.3,54,0,1144
2026-07-23 20:46:23,Cell_14,2.155,20.881,37.82,133,0,1066
2026-07-23 20:46:23,Cell_15,2.181,21.415,60.0,77,1,1110
2026-07-23 20:46:23,Cell_16,2.223,19.549,33.66,151,0,1047
2026-07-23 20:46:23,Cell_17,2.205,27.141,38.43,199,0,996
2026-07-23 20:46:23,Cell_18,2.112,0.566,26.14,164,0,1033
2026-07-23 20:46:23,Cell_19,2.234,17.121,31.25,139,0,1045
2026-07-23 20:46:23,Cell_2,2.258,14.548,34.61,140,0,1048
2026-07-23 20:46:23,Cell_20,2.259,33.207,39.91,155,0,1034
2026-07-23 20:46:23,Cell_21,2.3,26.303,36.34,64,0,1135
2026-07-23 20:46:23,Cell_22,2.215,22.214,36.48,171,0,1023
2026-07-23 20:46:23,Cell_23,2.178,28.938,40.68,170,0,1027
2026-07-23 20:46:23,Cell_24,2.168,30.678,40.58,190,0,994
2026-07-23 20:46:23,Cell_25,2.161,10.734,60.22,108,1,1029
2026-07-23 20:46:23,Cell_26,2.238,40.672,43.46,205,0,986
2026-07-23 20:46:23,Cell_27,2.228,27.492,39.51,118,0,1072
2026-07-23 20:46:23,Cell_28,2.188,24.729,36.19,123,0,1070
2026-07-23 20:46:23,Cell_29,2.3,21.897,37.24,97,0,1087
2026-07-23 20:46:23,Cell_3,2.183,8.034,29.46,190,0,1002
2026-07-23 20:46:23,Cell_30,2.186,10.155,29.72,101,0,1096
2026-07-23 20:46:23,Cell_31,2.255,30.676,40.53,117,0,1083
2026-07-23 20:46:23,Cell_32,2.22,23.596,32.11,113,0,1085
2026-07-23 20:46:23,Cell_33,2.175,24.593,36.92,87,0,1101
2026-07-23 20:46:23,Cell_34,2.157,19.056,39.5,176,0,1024
2026-07-23 20:46:23,Cell_35,2.181,13.586,29.33,162,0,1034
2026-07-23 20:46:23,Cell_36,2.137,43.269,42.41,95,0,1100
2026-07-23 20:46:23,Cell_37,2.149,39.11,46.65,126,0,1060
2026-07-23 20:46:23,Cell_38,2.264,30.064,35.58,155,0,1039
2026-07-23 20:46:23,Cell_39,2.124,25.261,32.75,190,0,993
2026-07-23 20:46:23,Cell_4,2.172,29.141,37.68,167,0,1014
2026-07-23 20:46:23,Cell_40,2.222,36.77,36.31,149,0,1050
2026-07-23 20:46:23,Cell_41,2.14,32.486,36.09,159,0,1026
2026-07-23 20:46:23,Cell_42,2.042,36.028,61.2,118,1,1011
2026-07-23 20:46:23,Cell_43,2.209,27.002,39.99,157,0,1029
2026-07-23 20:46:23,Cell_44,2.142,31.267,34.9,115,0,1071
2026-07-23 20:46:23,Cell_45,2.281,18.693,34.84,134,0,1049
2026-07-23 20:46:23,Cell_46,2.151,27.491,39.06,80,0,1110
2026-07-23 20:46:23,Cell_47,2.161,5.058,29.08,159,0,1040
2026-07-23 20:46:23,Cell_48,2.254,26.163,33.61,79,0,1117
2026-07-23 20:46:23,Cell_49,2.237,21.334,31.2,155,0,1035
2026-07-23 20:46:23,Cell_5,2.24,30.645,39.55,144,0,1045
2026-07-23 20:46:23,Cell_50,2.124,28.281,37.62,208,0,990
2026-07-23 20:46:23,Cell_51,2.24,21.624,35.25,162,0,1036
2026-07-23 20:46:23,Cell_52,2.274,32.089,34.94,64,0,1136
2026-07-23 20:46:23,Cell_53,2.16,10.212,32.41,147,0,1045
2026-07-23 20:46:23,Cell_54,2.215,29.583,40.57,133,0,1067
2026-07-23 20:46:23,Cell_55,2.225,37.002,44.34,201,0,983
2026-07-23 20:46:23,Cell_6,2.173,30.757,40.89,146,0,1053
2026-07-23 20:46:23,Cell_7,2.239,21.677,35.63,163,0,1026
2026-07-23 20:46:23,Cell_8,2.238,31.258,39.34,114,0,1086
2026-07-23 20:46:23,Cell_9,2.214,8.478,25.6,95,0,1105
2026-07-23 20:48:23,Cell_1,2.175,16.097,28.47,206,0,988
2026-07-23 20:48:23,Cell_10,2.289,26.2,37.31,179,0,1015
2026-07-23 20:48:23,Cell_11,2.259,29.273,35.97,138,0,1060
2026-07-23 20:48:23,Cell_12,2.242,34.199,43.64,156,0,1029
2026-07-23 20:48:23,Cell_13,2.255,6.513,25.0,54,0,1137
2026-07-23 20:48:23,Cell_14,2.199,14.945,29.85,133,0,1066
2026-07-23 20:48:23,Cell_15,2.3,8.571,23.76,78,0,1110
2026-07-23 20:48:23,Cell_16,2.17,28.294,36.82,151,0,1030
2026-07-23 20:48:23,Cell_17,2.143,5.346,26.97,199,0,992
2026-07-23 20:48:23,Cell_18,2.177,6.229,25.91,164,0,1017
2026-07-23 20:48:23,Cell_19,2.123,28.926,39.29,139,0,1044
2026-07-23 20:48:23,Cell_2,2.229,24.088,37.8,140,0,1041
2026-07-23 20:48:23,Cell_20,2.257,18.074,38.44,155,0,1045
2026-07-23 20:48:23,Cell_21,2.287,32.474,41.1,64,0,1136
2026-07-23 20:48:23,Cell_22,2.204,19.933,34.68,171,0,1021
2026-07-23 20:48:23,Cell_23,2.154,15.816,30.72,170,0,1011
2026-07-23 20:48:23,Cell_24,2.127,36.152,67.13,191,1,910
2026-07-23 20:48:23,Cell_25,2.244,29.995,37.05,109,0,1078
2026-07-23 20:48:23,Cell_26,2.177,7.055,29.41,205,0,984
2026-07-23 20:48:23,Cell_27,2.172,22.505,31.33,118,0,1072
2026-07-23 20:48:23,Cell_28,2.246,18.917,36.92,123,0,1065
2026-07-23 20:48:23,Cell_29,2.216,20.825,35.11,97,0,1102
2026-07-23 20:48:23,Cell_3,2.136,25.84,37.22,190,0,993
2026-07-23 20:48:23,Cell_30,2.181,32.096,34.36,101,0,1080
2026-07-23 20:48:23,Cell_31,2.163,23.898,36.96,117,0,1070
2026-07-23 20:48:23,Cell_32,2.15,33.366,39.34,113,0,1085
2026-07-23 20:48:23,Cell_33,2.269,16.551,33.26,87,0,1104
2026-07-23 20:48:23,Cell_34,2.101,34.169,38.6,176,0,1016
2026-07-23 20:48:23,Cell_35,2.212,37.627,44.22,162,0,1021
2026-07-23 20:48:23,Cell_36,2.294,29.634,38.42,95,0,1087
2026-07-23 20:48:23,Cell_37,2.203,10.268,30.24,126,0,1064
2026-07-23 20:48:23,Cell_38,2.187,32.524,39.38,155,0,1038
2026-07-23 20:48:23,Cell_39,2.118,14.873,29.22,190,0,1002
2026-07-23 20:48:23,Cell_4,2.139,29.265,35.12,167,0,1029
2026-07-23 20:48:23,Cell_40,2.146,35.213,42.5,149,0,1035
2026-07-23 20:48:23,Cell_41,2.204,18.166,32.39,159,0,1025
2026-07-23 20:48:23,Cell_42,2.245,18.831,28.63,118,0,1066
2026-07-23 20:48:23,Cell_43,2.21,23.686,33.7,158,0,1035
2026-07-23 20:48:23,Cell_44,2.244,27.285,37.64,115,0,1080
2026-07-23 20:48:23,Cell_45,2.074,22.787,33.72,134,0,1055
2026-07-23 20:48:23,Cell_46,2.208,36.878,42.21,80,0,1120
2026-07-23 20:48:23,Cell_47,2.153,17.523,30.97,159,0,1034
2026-07-23 20:48:23,Cell_48,2.103,20.219,33.98,79,0,1112
2026-07-23 20:48:23,Cell_49,2.238,34.04,38.04,155,0,1027
2026-07-23 20:48:23,Cell_5,2.125,24.382,38.76,144,0,1038
2026-07-23 20:48:23,Cell_50,2.187,35.459,42.19,208,0,977
2026-07-23 20:48:23,Cell_51,2.21,23.335,36.37,162,0,1029
2026-07-23 20:48:23,Cell_52,2.278,18.06,32.35,64,0,1134
2026-07-23 20:48:23,Cell_53,2.206,28.875,37.6,147,0,1049
2026-07-23 20:48:23,Cell_54,2.159,33.184,39.72,133,0,1062
2026-07-23 20:48:23,Cell_55,2.207,24.304,38.37,201,0,991
2026-07-23 20:48:23,Cell_6,2.246,25.967,37.72,146,0,1048
2026-07-23 20:48:23,Cell_7,2.149,14.511,33.23,163,0,1035
2026-07-23 20:48:23,Cell_8,2.199,34.702,39.03,114,0,1077
2026-07-23 20:48:23,Cell_9,2.263,16.206,32.14,95,0,1090
2026-07-23 20:50:23,Cell_1,2.211,47.616,45.36,206,0,985
2026-07-23 20:50:23,Cell_10,2.237,31.559,32.86,179,0,1005
2026-07-23 20:50:23,Cell_11,2.233,23.989,33.42,138,0,1043
2026-07-23 20:50:23,Cell_12,2.183,16.746,29.14,156,0,1034
2026-07-23 20:50:23,Cell_13,2.235,0.0,21.07,54,0,1136
2026-07-23 20:50:23,Cell_14,2.211,32.839,41.23,133,0,1060
2026-07-23 20:50:23,Cell_15,2.201,31.181,37.24,78,0,1120
2026-07-23 20:50:23,Cell_16,2.211,22.835,35.75,151,0,1046
2026-07-23 20:50:23,Cell_17,2.136,24.286,38.83,200,0,988
2026-07-23 20:50:23,Cell_18,2.226,7.217,29.79,164,0,1034
2026-07-23 20:50:23,Cell_19,2.232,24.515,38.96,139,0,1044
2026-07-23 20:50:23,Cell_2,2.259,34.407,37.36,140,0,1056
2026-07-23 20:50:23,Cell_20,2.239,20.254,31.77,155,0,1037
2026-07-23 20:50:23,Cell_21,2.226,17.432,31.41,64,0,1117
2026-07-23 20:50:23,Cell_22,2.258,42.54,43.31,171,0,1013
2026-07-23 20:50:23,Cell_23,2.241,23.992,41.04,170,0,1027
2026-07-23 20:50:23,Cell_24,2.234,35.199,39.21,191,0,990
2026-07-23 20:50:23,Cell_25,2.231,23.724,36.41,109,0,1081
2026-07-23 20:50:23,Cell_26,2.155,35.84,42.48,205,0,989
2026-07-23 20:50:23,Cell_27,2.099,16.95,37.29,118,0,1063
2026-07-23 20:50:23,Cell_28,2.258,35.187,39.46,123,0,1062
2026-07-23 20:50:23,Cell_29,2.191,21.925,34.33,97,0,1103
2026-07-23 20:50:23,Cell_3,2.134,25.054,34.6,190,0,996
2026-07-23 20:50:23,Cell_30,2.186,12.391,31.76,101,0,1090
2026-07-23 20:50:23,Cell_31,2.147,29.212,38.59,117,0,1078
2026-07-23 20:50:23,Cell_32,2.253,38.92,41.97,113,0,1073
2026-07-23 20:50:23,Cell_33,2.257,25.264,32.72,87,0,1101
2026-07-23 20:50:23,Cell_34,2.286,20.35,28.53,176,0,1010
2026-07-23 20:50:23,Cell_35,2.195,43.551,41.36,162,0,1020
2026-07-23 20:50:23,Cell_36,2.239,40.273,41.47,95,0,1102
2026-07-23 20:50:23,Cell_37,2.156,18.725,36.34,126,0,1058
2026-07-23 20:50:23,Cell_38,2.194,31.259,44.4,155,0,1032
2026-07-23 20:50:23,Cell_39,2.143,11.819,27.73,190,0,994
2026-07-23 20:50:23,Cell_4,2.116,30.02,43.73,167,0,1022
2026-07-23 20:50:23,Cell_40,2.222,27.027,35.81,150,0,1038
2026-07-23 20:50:23,Cell_41,2.3,47.839,47.94,159,0,1039
2026-07-23 20:50:23,Cell_42,2.149,12.346,30.84,118,0,1063
2026-07-23 20:50:23,Cell_43,2.283,33.483,40.82,158,0,1037
2026-07-23 20:50:23,Cell_44,2.3,31.113,41.01,115,0,1073
2026-07-23 20:50:23,Cell_45,2.219,26.277,29.57,134,0,1056
2026-07-23 20:50:23,Cell_46,2.244,35.247,35.92,80,0,1109
2026-07-23 20:50:23,Cell_47,2.171,22.58,34.95,159,0,1026
2026-07-23 20:50:23,Cell_48,2.19,38.996,38.36,79,0,1118
2026-07-23 20:50:23,Cell_49,2.147,26.592,34.92,155,0,1041
2026-07-23 20:50:23,Cell_5,2.144,32.826,40.87,144,0,1056
2026-07-23 20:50:23,Cell_50,2.235,26.141,34.62,208,0,975
2026-07-23 20:50:23,Cell_51,2.269,16.386,30.95,162,0,1036
2026-07-23 20:50:23,Cell_52,2.224,22.995,34.88,64,0,1132
2026-07-23 20:50:23,Cell_53,2.196,27.657,39.28,147,0,1041
2026-07-23 20:50:23,Cell_54,2.216,17.648,35.07,133,0,1063
2026-07-23 20:50:23,Cell_55,2.24,30.732,35.7,201,0,982
2026-07-23 20:50:23,Cell_6,2.259,15.012,36.16,146,0,1044
2026-07-23 20:50:23,Cell_7,2.18,22.658,32.65,163,0,1027
2026-07-23 20:50:23,Cell_8,2.147,12.356,71.51,114,1,1016
2026-07-23 20:50:23,Cell_9,2.234,25.018,31.11,95,0,1099
2026-07-23 20:52:23,Cell_1,2.196,23.569,35.21,206,0,979
2026-07-23 20:52:23,Cell_10,2.272,9.859,34.66,179,0,1007
2026-07-23 20:52:23,Cell_11,2.248,24.209,37.04,138,0,1049
2026-07-23 20:52:23,Cell_12,2.175,47.033,47.12,156,0,1038
2026-07-23 20:52:23,Cell_13,2.221,33.767,38.31,54,0,1134
2026-07-23 20:52:23,Cell_14,2.188,39.355,43.79,133,0,1048
2026-07-23 20:52:23,Cell_15,2.245,40.157,36.45,78,0,1114
2026-07-23 20:52:23,Cell_16,2.158,10.202,28.42,151,0,1047
2026-07-23 20:52:23,Cell_17,2.185,25.694,39.69,200,0,995
2026-07-23 20:52:23,Cell_18,2.173,15.437,32.66,164,0,1027
2026-07-23 20:52:23,Cell_19,2.132,30.194,39.65,139,0,1054
2026-07-23 20:52:23,Cell_2,2.289,38.315,41.67,140,0,1056
2026-07-23 20:52:23,Cell_20,2.28,21.352,35.31,155,0,1030
2026-07-23 20:52:23,Cell_21,2.273,12.983,33.75,64,0,1126
2026-07-23 20:52:23,Cell_22,2.224,18.585,36.24,171,0,1022
2026-07-23 20:52:23,Cell_23,2.157,27.312,37.76,170,0,1015
2026-07-23 20:52:23,Cell_24,2.226,33.897,44.77,191,0,1004
2026-07-23 20:52:23,Cell_25,2.205,17.68,33.44,109,0,1081
2026-07-23 20:52:23,Cell_26,2.23,24.602,40.57,205,0,978
2026-07-23 20:52:23,Cell_27,2.182,27.555,38.97,118,0,1071
2026-07-23 20:52:23,Cell_28,2.17,19.399,28.65,123,0,1067
2026-07-23 20:52:23,Cell_29,2.217,8.057,32.36,97,0,1092
2026-07-23 20:52:23,Cell_3,2.191,23.6,38.6,190,0,995
2026-07-23 20:52:23,Cell_30,2.09,27.985,68.91,101,1,1044
2026-07-23 20:52:23,Cell_31,2.162,1.61,28.12,117,0,1065
2026-07-23 20:52:23,Cell_32,2.221,20.761,31.48,113,0,1069
2026-07-23 20:52:23,Cell_33,2.24,23.271,40.48,87,0,1101
2026-07-23 20:52:23,Cell_34,2.23,32.774,36.59,176,0,1024
2026-07-23 20:52:23,Cell_35,2.25,26.99,35.04,162,0,1025
2026-07-23 20:52:23,Cell_36,2.138,22.834,30.16,95,0,1104
2026-07-23 20:52:23,Cell_37,2.211,35.701,42.13,127,0,1059
2026-07-23 20:52:23,Cell_38,2.216,26.378,32.32,155,0,1036
2026-07-23 20:52:23,Cell_39,2.226,28.871,38.04,190,0,996
2026-07-23 20:52:23,Cell_4,2.236,25.686,39.58,167,0,1016
2026-07-23 20:52:23,Cell_40,2.134,17.849,34.79,150,0,1038
2026-07-23 20:52:23,Cell_41,2.3,45.393,44.3,159,0,1031
2026-07-23 20:52:23,Cell_42,2.191,34.504,45.47,118,0,1072
2026-07-23 20:52:23,Cell_43,2.182,20.666,33.88,158,0,1025
2026-07-23 20:52:23,Cell_44,2.285,10.822,35.2,115,0,1078
2026-07-23 20:52:23,Cell_45,2.185,17.94,39.62,134,0,1059
2026-07-23 20:52:23,Cell_46,1.9,41.552,75.0,80,2,1061
2026-07-23 20:52:23,Cell_47,2.188,23.814,35.32,159,0,1026
2026-07-23 20:52:23,Cell_48,2.132,14.49,30.49,79,0,1121
2026-07-23 20:52:23,Cell_49,2.145,20.998,29.44,155,0,1037
2026-07-23 20:52:23,Cell_5,2.191,1.242,26.29,144,0,1042
2026-07-23 20:52:23,Cell_50,2.191,23.495,36.5,208,0,981
2026-07-23 20:52:23,Cell_51,2.194,8.769,28.15,162,0,1019
2026-07-23 20:52:23,Cell_52,2.161,23.992,34.66,64,0,1134
2026-07-23 20:52:23,Cell_53,2.23,30.977,42.5,147,0,1035
2026-07-23 20:52:23,Cell_54,2.193,38.412,43.82,133,0,1050
2026-07-23 20:52:23,Cell_55,2.204,12.366,25.42,201,0,992
2026-07-23 20:52:23,Cell_6,2.25,35.183,39.9,146,0,1038
2026-07-23 20:52:23,Cell_7,2.137,34.534,40.43,163,0,1024
2026-07-23 20:52:23,Cell_8,2.167,33.388,43.3,114,0,1081
2026-07-23 20:52:23,Cell_9,2.195,32.745,38.05,95,0,1092
2026-07-23 20:54:23,Cell_1,2.105,30.072,48.41,206,0,991
2026-07-23 20:54:23,Cell_10,2.18,26.796,40.68,179,0,1005
2026-07-23 20:54:23,Cell_11,2.221,35.124,33.87,138,0,1051
2026-07-23 20:54:23,Cell_12,2.155,20.466,32.54,156,0,1029
2026-07-23 20:54:23,Cell_13,2.154,39.109,38.43,54,0,1131
2026-07-23 20:54:23,Cell_14,2.225,28.301,33.5,133,0,1054
2026-07-23 20:54:23,Cell_15,2.27,36.013,40.15,78,0,1109
2026-07-23 20:54:23,Cell_16,2.243,37.195,43.67,151,0,1042
2026-07-23 20:54:23,Cell_17,2.276,22.883,35.68,200,0,994
2026-07-23 20:54:23,Cell_18,2.131,17.261,34.24,165,0,1028
2026-07-23 20:54:23,Cell_19,2.3,37.167,37.66,139,0,1059
2026-07-23 20:54:23,Cell_2,2.237,26.147,34.83,140,0,1050
2026-07-23 20:54:23,Cell_20,2.191,13.332,29.52,155,0,1035
2026-07-23 20:54:23,Cell_21,2.209,14.596,28.16,64,0,1127
2026-07-23 20:54:23,Cell_22,2.225,22.024,32.15,171,0,1025
2026-07-23 20:54:23,Cell_23,2.202,25.402,36.87,170,0,1030
2026-07-23 20:54:23,Cell_24,2.236,10.156,28.45,191,0,1009
2026-07-23 20:54:23,Cell_25,2.106,34.146,39.91,109,0,1084
2026-07-23 20:54:23,Cell_26,2.174,22.489,33.99,205,0,977
2026-07-23 20:54:23,Cell_27,2.201,42.9,44.43,118,0,1070
2026-07-23 20:54:23,Cell_28,2.286,11.935,33.52,124,0,1067
2026-07-23 20:54:23,Cell_29,2.225,22.48,32.77,97,0,1101
2026-07-23 20:54:23,Cell_3,2.148,21.319,37.25,190,0,1007
2026-07-23 20:54:23,Cell_30,2.28,13.355,31.51,101,0,1086
2026-07-23 20:54:23,Cell_31,2.244,9.746,33.2,117,0,1080
2026-07-23 20:54:23,Cell_32,2.124,44.612,46.02,113,0,1081
2026-07-23 20:54:23,Cell_33,2.203,27.276,40.38,87,0,1112
2026-07-23 20:54:23,Cell_34,2.251,22.916,28.18,176,0,1005
2026-07-23 20:54:23,Cell_35,2.025,39.585,41.71,162,0,1025
2026-07-23 20:54:23,Cell_36,2.23,44.396,41.67,95,0,1098
2026-07-23 20:54:23,Cell_37,2.151,20.031,31.02,127,0,1072
2026-07-23 20:54:23,Cell_38,2.219,12.828,33.92,155,0,1032
2026-07-23 20:54:23,Cell_39,2.2,28.245,42.66,190,0,991
2026-07-23 20:54:23,Cell_4,2.225,10.595,29.8,167,0,1026
2026-07-23 20:54:23,Cell_40,2.102,16.074,30.54,150,0,1042
2026-07-23 20:54:23,Cell_41,2.134,23.329,38.84,159,0,1037
2026-07-23 20:54:23,Cell_42,2.236,7.831,28.36,118,0,1082
2026-07-23 20:54:23,Cell_43,2.227,29.301,33.59,158,0,1024
2026-07-23 20:54:23,Cell_44,2.218,9.162,29.2,115,0,1084
2026-07-23 20:54:23,Cell_45,2.256,28.421,37.81,134,0,1059
2026-07-23 20:54:23,Cell_46,2.23,25.886,36.31,80,0,1106
2026-07-23 20:54:23,Cell_47,2.105,10.19,66.51,159,1,959
2026-07-23 20:54:23,Cell_48,2.038,19.213,72.48,79,1,1075
2026-07-23 20:54:23,Cell_49,2.21,41.488,43.3,155,0,1030
2026-07-23 20:54:23,Cell_5,2.244,5.451,23.4,144,0,1041
2026-07-23 20:54:23,Cell_50,2.225,16.878,35.93,208,0,974
2026-07-23 20:54:23,Cell_51,2.152,29.963,42.26,162,0,1034
2026-07-23 20:54:23,Cell_52,2.263,14.412,33.58,64,0,1123
2026-07-23 20:54:23,Cell_53,2.146,24.413,36.13,147,0,1047
2026-07-23 20:54:23,Cell_54,2.268,28.338,38.93,133,0,1063
2026-07-23 20:54:23,Cell_55,2.121,25.196,35.45,201,0,989
2026-07-23 20:54:23,Cell_6,2.178,38.787,36.83,146,0,1035
2026-07-23 20:54:23,Cell_7,2.211,33.824,45.32,163,0,1035
2026-07-23 20:54:23,Cell_8,2.233,13.615,30.18,114,0,1084
2026-07-23 20:54:23,Cell_9,2.155,18.741,33.53,95,0,1105
2026-07-23 20:56:23,Cell_1,2.148,25.863,39.44,206,0,984
2026-07-23 20:56:23,Cell_10,2.104,6.676,28.26,179,0,1010
2026-07-23 20:56:23,Cell_11,2.217,25.635,41.05,138,0,1057
2026-07-23 20:56:23,Cell_12,2.149,14.553,30.28,157,0,1042
2026-07-23 20:56:23,Cell_13,2.3,16.405,30.4,54,0,1132
2026-07-23 20:56:23,Cell_14,2.134,23.448,67.11,133,1,985
2026-07-23 20:56:23,Cell_15,2.262,40.841,41.81,78,0,1106
2026-07-23 20:56:23,Cell_16,2.256,25.499,37.21,152,0,1029
2026-07-23 20:56:23,Cell_17,2.187,18.627,38.41,200,0,988
2026-07-23 20:56:23,Cell_18,2.164,16.638,33.94,165,0,1031
2026-07-23 20:56:23,Cell_19,2.231,26.152,37.28,139,0,1053
2026-07-23 20:56:23,Cell_2,2.272,19.76,33.83,140,0,1054
2026-07-23 20:56:23,Cell_20,2.243,23.11,39.25,155,0,1037
2026-07-23 20:56:23,Cell_21,2.226,10.547,31.79,64,0,1127
2026-07-23 20:56:23,Cell_22,2.196,43.087,42.46,171,0,1022
2026-07-23 20:56:23,Cell_23,2.162,22.479,36.63,170,0,1018
2026-07-23 20:56:23,Cell_24,2.152,21.581,35.76,191,0,1008
2026-07-23 20:56:23,Cell_25,2.285,25.164,38.28,109,0,1081
2026-07-23 20:56:23,Cell_26,2.152,30.695,42.52,205,0,979
2026-07-23 20:56:23,Cell_27,2.181,21.283,35.02,118,0,1073
2026-07-23 20:56:23,Cell_28,2.243,24.05,34.65,124,0,1064
2026-07-23 20:56:23,Cell_29,2.152,24.374,31.28,97,0,1093
2026-07-23 20:56:23,Cell_3,2.187,30.104,37.37,190,0,999
2026-07-23 20:56:23,Cell_30,2.152,26.713,36.28,101,0,1094
2026-07-23 20:56:23,Cell_31,2.209,7.193,26.89,117,0,1074
2026-07-23 20:56:23,Cell_32,2.217,43.34,41.77,113,0,1084
2026-07-23 20:56:23,Cell_33,2.289,26.159,42.92,87,0,1097
2026-07-23 20:56:23,Cell_34,2.288,17.158,39.61,176,0,1024
2026-07-23 20:56:23,Cell_35,2.131,33.303,40.02,162,0,1028
2026-07-23 20:56:23,Cell_36,2.178,36.646,37.58,95,0,1105
2026-07-23 20:56:23,Cell_37,2.242,50.0,40.48,127,0,1056
2026-07-23 20:56:23,Cell_38,2.232,23.713,30.7,155,0,1045
2026-07-23 20:56:23,Cell_39,2.16,6.704,31.3,190,0,1005
2026-07-23 20:56:23,Cell_4,2.126,11.492,29.28,167,0,1022
2026-07-23 20:56:23,Cell_40,2.158,38.884,40.47,150,0,1038
2026-07-23 20:56:23,Cell_41,2.254,17.887,36.55,159,0,1036
2026-07-23 20:56:23,Cell_42,2.242,32.69,37.71,118,0,1069
2026-07-23 20:56:23,Cell_43,2.24,35.981,42.36,158,0,1027
2026-07-23 20:56:23,Cell_44,2.266,33.943,40.14,116,0,1079
2026-07-23 20:56:23,Cell_45,2.182,27.274,41.73,134,0,1059
2026-07-23 20:56:23,Cell_46,2.198,12.006,28.73,80,0,1110
2026-07-23 20:56:23,Cell_47,2.195,47.292,44.84,159,0,1041
2026-07-23 20:56:23,Cell_48,2.186,41.38,39.78,79,0,1112
2026-07-23 20:56:23,Cell_49,2.186,19.975,32.35,155,0,1030
2026-07-23 20:56:23,Cell_5,2.191,36.413,39.14,144,0,1048
2026-07-23 20:56:23,Cell_50,2.111,15.198,31.49,208,0,979
2026-07-23 20:56:23,Cell_51,2.267,10.647,32.31,162,0,1022
2026-07-23 20:56:23,Cell_52,2.173,31.815,36.95,64,0,1126
2026-07-23 20:56:23,Cell_53,2.128,28.974,36.7,148,0,1049
2026-07-23 20:56:23,Cell_54,2.184,13.952,37.43,133,0,1064
2026-07-23 20:56:23,Cell_55,2.166,17.611,34.25,201,0,991
2026-07-23 20:56:23,Cell_6,2.191,14.022,35.18,146,0,1053
2026-07-23 20:56:23,Cell_7,2.208,37.084,40.61,163,0,1023
2026-07-23 20:56:23,Cell_8,2.223,17.848,38.98,114,0,1072
2026-07-23 20:56:23,Cell_9,2.158,24.733,31.08,95,0,1092
2026-07-23 20:58:23,Cell_1,2.146,8.175,26.99,206,0,985
2026-07-23 20:58:23,Cell_10,1.852,34.301,85.27,179,2,914
2026-07-23 20:58:23,Cell_11,2.207,13.039,28.43,138,0,1052
2026-07-23 20:58:23,Cell_12,2.282,44.89,40.94,157,0,1030
2026-07-23 20:58:23,Cell_13,2.245,33.708,36.95,54,0,1135
2026-07-23 20:58:23,Cell_14,2.23,36.981,45.62,133,0,1054
2026-07-23 20:58:23,Cell_15,2.205,31.997,37.02,78,0,1113
2026-07-23 20:58:23,Cell_16,2.17,28.067,34.48,152,0,1035
2026-07-23 20:58:23,Cell_17,2.233,25.767,35.51,201,0,984
2026-07-23 20:58:23,Cell_18,2.182,26.184,36.02,165,0,1017
2026-07-23 20:58:23,Cell_19,2.206,19.705,33.32,139,0,1048
2026-07-23 20:58:23,Cell_2,2.208,19.379,30.26,140,0,1052
2026-07-23 20:58:23,Cell_20,2.3,20.398,37.27,155,0,1044
2026-07-23 20:58:23,Cell_21,2.274,39.043,41.69,64,0,1123
2026-07-23 20:58:23,Cell_22,2.211,31.899,41.13,171,0,1020
2026-07-23 20:58:23,Cell_23,2.199,30.241,36.43,170,0,1030
2026-07-23 20:58:23,Cell_24,2.24,1.781,27.76,191,0,1000
2026-07-23 20:58:23,Cell_25,2.23,34.099,40.49,110,0,1073
2026-07-23 20:58:23,Cell_26,2.195,13.247,29.77,205,0,992
2026-07-23 20:58:23,Cell_27,2.065,0.229,64.94,118,1,1022
2026-07-23 20:58:23,Cell_28,2.152,22.055,33.5,124,0,1071
2026-07-23 20:58:23,Cell_29,2.27,14.101,32.65,97,0,1089
2026-07-23 20:58:23,Cell_3,2.136,16.624,32.58,190,0,1001
2026-07-23 20:58:23,Cell_30,2.27,14.79,26.85,101,0,1084
2026-07-23 20:58:23,Cell_31,2.289,40.96,47.94,118,0,1070
2026-07-23 20:58:23,Cell_32,2.251,16.846,30.92,113,0,1068
2026-07-23 20:58:23,Cell_33,2.218,28.692,42.27,87,0,1107
2026-07-23 20:58:23,Cell_34,2.251,21.754,35.14,176,0,1019
2026-07-23 20:58:23,Cell_35,2.187,22.233,36.2,162,0,1024
2026-07-23 20:58:23,Cell_36,2.227,27.26,32.5,95,0,1094
2026-07-23 20:58:23,Cell_37,2.233,23.966,36.21,127,0,1055
2026-07-23 20:58:23,Cell_38,2.241,21.581,35.74,155,0,1026
2026-07-23 20:58:23,Cell_39,2.125,19.348,33.18,190,0,1008
2026-07-23 20:58:23,Cell_4,2.173,46.459,48.98,167,0,1017
2026-07-23 20:58:23,Cell_40,2.118,35.187,43.41,150,0,1047
2026-07-23 20:58:23,Cell_41,2.208,20.566,38.24,159,0,1041
2026-07-23 20:58:23,Cell_42,2.158,10.568,27.2,118,0,1069
2026-07-23 20:58:23,Cell_43,2.196,12.809,32.15,158,0,1042
2026-07-23 20:58:23,Cell_44,2.116,10.626,27.65,116,0,1073
2026-07-23 20:58:23,Cell_45,1.9,50.0,87.85,134,2,981
2026-07-23 20:58:23,Cell_46,2.287,37.351,36.35,80,0,1106
2026-07-23 20:58:23,Cell_47,2.23,18.178,31.94,159,0,1041
2026-07-23 20:58:23,Cell_48,2.143,32.283,38.53,79,0,1106
2026-07-23 20:58:23,Cell_49,2.214,16.218,33.44,155,0,1027
2026-07-23 20:58:23,Cell_5,2.153,16.538,28.48,144,0,1037
2026-07-23 20:58:23,Cell_50,2.144,27.489,37.59,208,0,978
2026-07-23 20:58:23,Cell_51,2.225,0.0,23.91,162,0,1032
2026-07-23 20:58:23,Cell_52,2.3,31.519,41.58,65,0,1122
2026-07-23 20:58:23,Cell_53,2.187,9.087,30.13,148,0,1045
2026-07-23 20:58:23,Cell_54,2.262,11.608,28.96,133,0,1056
2026-07-23 20:58:23,Cell_55,2.162,20.986,30.2,201,0,983
2026-07-23 20:58:23,Cell_6,2.254,20.061,31.34,147,0,1051
2026-07-23 20:58:23,Cell_7,2.197,37.933,37.16,163,0,1020
2026-07-23 20:58:23,Cell_8,2.169,16.586,25.18,114,0,1074
2026-07-23 20:58:23,Cell_9,2.19,21.093,30.58,95,0,1092
2026-07-23 21:00:23,Cell_1,2.083,14.144,32.9,206,0,983
2026-07-23 21:00:23,Cell_10,2.144,26.177,37.51,179,0,1020
2026-07-23 21:00:23,Cell_11,2.251,40.21,40.75,138,0,1049
2026-07-23 21:00:23,Cell_12,2.224,32.133,40.88,157,0,1043
2026-07-23 21:00:23,Cell_13,2.292,24.647,34.42,54,0,1136
2026-07-23 21:00:23,Cell_14,2.19,9.703,31.27,133,0,1053
2026-07-23 21:00:23,Cell_15,2.221,26.974,35.83,78,0,1120
2026-07-23 21:00:23,Cell_16,2.217,23.007,36.78,152,0,1037
2026-07-23 21:00:23,Cell_17,2.15,19.527,32.82,201,0,984
2026-07-23 21:00:23,Cell_18,2.213,41.1,43.43,165,0,1028
2026-07-23 21:00:23,Cell_19,2.206,24.411,31.5,139,0,1051
2026-07-23 21:00:23,Cell_2,2.205,8.824,34.01,140,0,1044
2026-07-23 21:00:23,Cell_20,2.215,24.459,38.52,155,0,1027
2026-07-23 21:00:23,Cell_21,2.255,6.813,26.83,64,0,1127
2026-07-23 21:00:23,Cell_22,2.246,21.538,36.54,171,0,1011
2026-07-23 21:00:23,Cell_23,2.223,19.887,38.66,170,0,1020
2026-07-23 21:00:23,Cell_24,2.102,24.276,36.5,191,0,995
2026-07-23 21:00:23,Cell_25,2.222,21.128,40.23,110,0,1087
2026-07-23 21:00:23,Cell_26,2.269,31.992,38.17,206,0,977
2026-07-23 21:00:23,Cell_27,2.197,23.632,34.25,118,0,1070
2026-07-23 21:00:23,Cell_28,2.154,29.506,74.19,124,1,1009
2026-07-23 21:00:23,Cell_29,2.269,31.919,39.23,97,0,1084
2026-07-23 21:00:23,Cell_3,2.215,20.22,34.39,190,0,991
2026-07-23 21:00:23,Cell_30,2.205,30.703,38.19,101,0,1098
2026-07-23 21:00:23,Cell_31,2.171,29.008,35.38,118,0,1080
2026-07-23 21:00:23,Cell_32,2.236,23.815,36.25,113,0,1086
2026-07-23 21:00:23,Cell_33,2.182,39.653,39.95,87,0,1096
2026-07-23 21:00:23,Cell_34,2.127,13.802,30.37,177,0,1021
2026-07-23 21:00:23,Cell_35,2.25,27.651,39.76,162,0,1026
2026-07-23 21:00:23,Cell_36,2.248,26.501,36.56,95,0,1099
2026-07-23 21:00:23,Cell_37,2.232,24.027,39.42,127,0,1070
2026-07-23 21:00:23,Cell_38,2.208,32.561,44.09,155,0,1044
2026-07-23 21:00:23,Cell_39,2.25,8.65,31.85,190,0,996
2026-07-23 21:00:23,Cell_4,2.165,32.434,40.05,167,0,1023
2026-07-23 21:00:23,Cell_40,2.16,41.496,45.59,150,0,1037
2026-07-23 21:00:23,Cell_41,2.151,22.73,34.88,159,0,1039
2026-07-23 21:00:23,Cell_42,1.808,45.855,76.61,119,2,1007
2026-07-23 21:00:23,Cell_43,2.175,25.946,43.58,158,0,1042
2026-07-23 21:00:23,Cell_44,2.242,22.97,37.71,116,0,1084
2026-07-23 21:00:23,Cell_45,2.196,19.929,39.67,134,0,1048
2026-07-23 21:00:23,Cell_46,2.21,19.32,32.96,80,0,1102
2026-07-23 21:00:23,Cell_47,2.267,23.905,40.47,159,0,1024
2026-07-23 21:00:23,Cell_48,2.237,32.09,39.58,79,0,1110
2026-07-23 21:00:23,Cell_49,2.178,35.053,48.37,155,0,1041
2026-07-23 21:00:23,Cell_5,2.184,8.445,26.49,144,0,1040
2026-07-23 21:00:23,Cell_50,2.234,29.096,43.47,208,0,983
2026-07-23 21:00:23,Cell_51,2.191,10.476,31.92,163,0,1032
2026-07-23 21:00:23,Cell_52,2.187,33.695,39.77,66,0,1126
2026-07-23 21:00:23,Cell_53,2.155,28.658,37.2,148,0,1042
2026-07-23 21:00:23,Cell_54,2.123,18.249,40.84,133,0,1050
2026-07-23 21:00:23,Cell_55,2.142,15.918,27.79,201,0,984
2026-07-23 21:00:23,Cell_6,2.185,34.984,39.03,147,0,1053
2026-07-23 21:00:23,Cell_7,2.229,31.992,37.59,163,0,1025
2026-07-23 21:00:23,Cell_8,2.175,26.489,40.01,114,0,1080
2026-07-23 21:00:23,Cell_9,2.203,24.65,40.78,95,0,1101
2026-07-23 21:02:23,Cell_1,2.203,38.867,42.94,206,0,975
2026-07-23 21:02:23,Cell_10,2.153,28.022,37.28,179,0,1019
2026-07-23 21:02:23,Cell_11,2.219,25.959,38.38,138,0,1053
2026-07-23 21:02:23,Cell_12,1.9,47.836,86.01,157,2,946
2026-07-23 21:02:23,Cell_13,2.172,39.147,35.85,54,0,1127
2026-07-23 21:02:23,Cell_14,2.184,20.55,38.77,133,0,1061
2026-07-23 21:02:23,Cell_15,2.248,23.66,38.1,78,0,1118
2026-07-23 21:02:23,Cell_16,2.171,27.422,39.15,152,0,1036
2026-07-23 21:02:23,Cell_17,2.138,28.485,40.03,201,0,988
2026-07-23 21:02:23,Cell_18,2.234,32.965,39.4,165,0,1027
2026-07-23 21:02:23,Cell_19,2.21,0.481,29.49,139,0,1043
2026-07-23 21:02:23,Cell_2,2.177,15.936,33.37,140,0,1045
2026-07-23 21:02:23,Cell_20,2.125,13.229,37.25,155,0,1045
2026-07-23 21:02:23,Cell_21,2.233,22.713,37.44,64,0,1127
2026-07-23 21:02:23,Cell_22,2.116,29.046,39.57,171,0,1013
2026-07-23 21:02:23,Cell_23,2.148,14.596,30.16,170,0,1022
2026-07-23 21:02:23,Cell_24,2.181,25.984,37.57,191,0,990
2026-07-23 21:02:23,Cell_25,2.244,19.925,28.44,110,0,1083
2026-07-23 21:02:23,Cell_26,2.076,19.369,38.03,206,0,988
2026-07-23 21:02:23,Cell_27,2.178,11.45,32.52,118,0,1074
2026-07-23 21:02:23,Cell_28,2.226,37.775,42.52,124,0,1071
2026-07-23 21:02:23,Cell_29,2.265,17.346,32.65,97,0,1101
2026-07-23 21:02:23,Cell_3,2.232,26.864,37.81,190,0,1007
2026-07-23 21:02:23,Cell_30,2.191,42.227,44.22,101,0,1089
2026-07-23 21:02:23,Cell_31,2.187,30.075,37.89,118,0,1070
2026-07-23 21:02:23,Cell_32,2.169,17.781,30.14,113,0,1073
2026-07-23 21:02:23,Cell_33,2.229,24.907,32.35,87,0,1110
2026-07-23 21:02:23,Cell_34,2.113,29.174,39.17,177,0,1006
2026-07-23 21:02:23,Cell_35,2.218,23.391,36.38,162,0,1024
2026-07-23 21:02:23,Cell_36,2.153,36.818,42.45,95,0,1087
2026-07-23 21:02:23,Cell_37,2.126,33.085,65.17,127,1,1005
2026-07-23 21:02:23,Cell_38,2.158,21.45,31.44,155,0,1041
2026-07-23 21:02:23,Cell_39,2.253,34.466,35.97,190,0,1001
2026-07-23 21:02:23,Cell_4,2.188,25.577,33.58,167,0,1026
2026-07-23 21:02:23,Cell_40,2.127,40.049,60.67,150,1,959
2026-07-23 21:02:23,Cell_41,2.241,20.989,34.81,159,0,1030
2026-07-23 21:02:23,Cell_42,2.17,26.316,33.3,119,0,1062
2026-07-23 21:02:23,Cell_43,2.197,24.674,30.62,158,0,1033
2026-07-23 21:02:23,Cell_44,2.186,28.635,66.75,116,1,1021
2026-07-23 21:02:23,Cell_45,2.207,28.648,36.56,134,0,1054
2026-07-23 21:02:23,Cell_46,2.177,27.593,36.36,80,0,1116
2026-07-23 21:02:23,Cell_47,1.856,28.236,80.14,159,2,955
2026-07-23 21:02:23,Cell_48,2.106,34.887,60.2,79,1,1065
2026-07-23 21:02:23,Cell_49,2.235,18.661,33.67,155,0,1033
2026-07-23 21:02:23,Cell_5,2.178,13.172,33.58,144,0,1044
2026-07-23 21:02:23,Cell_50,2.119,24.708,39.45,208,0,988
2026-07-23 21:02:23,Cell_51,2.152,34.11,40.83,163,0,1022
2026-07-23 21:02:23,Cell_52,2.231,30.146,40.72,66,0,1117
2026-07-23 21:02:23,Cell_53,2.208,15.174,29.79,148,0,1045
2026-07-23 21:02:23,Cell_54,2.236,42.258,43.41,133,0,1049
2026-07-23 21:02:23,Cell_55,2.208,18.974,35.13,201,0,989
2026-07-23 21:02:23,Cell_6,2.211,8.244,28.36,147,0,1043
2026-07-23 21:02:23,Cell_7,2.192,31.83,39.59,163,0,1018
2026-07-23 21:02:23,Cell_8,2.183,15.454,31.08,114,0,1082
2026-07-23 21:02:23,Cell_9,2.164,18.855,31.13,95,0,1091
2026-07-23 21:04:23,Cell_1,1.889,49.199,90.0,206,2,877
2026-07-23 21:04:23,Cell_10,2.256,18.373,32.29,179,0,1017
2026-07-23 21:04:23,Cell_11,2.19,18.063,31.46,138,0,1058
2026-07-23 21:04:23,Cell_12,2.205,50.0,45.71,157,0,1042
2026-07-23 21:04:23,Cell_13,2.176,32.113,37.08,54,0,1136
2026-07-23 21:04:23,Cell_14,2.201,42.863,43.03,133,0,1049
2026-07-23 21:04:23,Cell_15,2.3,14.639,28.68,78,0,1122
2026-07-23 21:04:23,Cell_16,2.137,18.147,33.23,152,0,1040
2026-07-23 21:04:23,Cell_17,2.213,19.49,33.18,202,0,997
2026-07-23 21:04:23,Cell_18,2.104,39.53,70.19,165,1,948
2026-07-23 21:04:23,Cell_19,2.167,12.729,33.8,139,0,1046
2026-07-23 21:04:23,Cell_2,2.114,24.789,60.0,140,1,1044
2026-07-23 21:04:23,Cell_20,2.183,22.478,37.7,155,0,1030
2026-07-23 21:04:23,Cell_21,2.179,5.3,26.05,64,0,1121
2026-07-23 21:04:23,Cell_22,2.238,26.097,38.56,171,0,1010
2026-07-23 21:04:23,Cell_23,2.163,21.114,30.87,170,0,1016
2026-07-23 21:04:23,Cell_24,2.182,24.877,31.93,191,0,995
2026-07-23 21:04:23,Cell_25,2.189,33.762,40.7,110,0,1089
2026-07-23 21:04:23,Cell_26,2.179,17.192,31.6,206,0,984
2026-07-23 21:04:23,Cell_27,2.192,33.089,40.07,118,0,1076
2026-07-23 21:04:23,Cell_28,2.242,31.891,41.03,124,0,1059
2026-07-23 21:04:23,Cell_29,2.249,22.798,38.88,97,0,1086
2026-07-23 21:04:23,Cell_3,2.103,15.78,28.43,190,0,1000
2026-07-23 21:04:23,Cell_30,2.238,17.491,36.41,101,0,1092
2026-07-23 21:04:23,Cell_31,2.246,29.444,35.72,118,0,1068
2026-07-23 21:04:23,Cell_32,2.192,21.88,32.46,113,0,1074
2026-07-23 21:04:23,Cell_33,2.267,17.84,33.06,88,0,1104
2026-07-23 21:04:23,Cell_34,2.237,11.1,40.16,177,0,1023
2026-07-23 21:04:23,Cell_35,2.193,31.383,44.13,163,0,1033
2026-07-23 21:04:23,Cell_36,2.3,17.906,31.7,95,0,1103
2026-07-23 21:04:23,Cell_37,2.3,17.052,33.93,127,0,1056
2026-07-23 21:04:23,Cell_38,2.201,25.757,34.75,155,0,1041
2026-07-23 21:04:23,Cell_39,2.142,28.059,39.3,190,0,991
2026-07-23 21:04:23,Cell_4,2.189,24.427,36.72,167,0,1014
2026-07-23 21:04:23,Cell_40,2.141,48.843,42.96,150,0,1039
2026-07-23 21:04:23,Cell_41,2.237,32.518,38.33,159,0,1028
2026-07-23 21:04:23,Cell_42,2.151,28.698,35.82,119,0,1081
2026-07-23 21:04:23,Cell_43,2.102,49.392,47.85,158,0,1026
2026-07-23 21:04:23,Cell_44,2.191,15.901,33.24,117,0,1079
2026-07-23 21:04:23,Cell_45,2.114,37.43,45.43,134,0,1049
2026-07-23 21:04:23,Cell_46,2.3,18.072,31.73,80,0,1116
2026-07-23 21:04:23,Cell_47,2.107,30.632,72.33,159,1,944
2026-07-23 21:04:23,Cell_48,2.243,20.46,31.12,79,0,1112
2026-07-23 21:04:23,Cell_49,2.155,35.723,39.68,155,0,1045
2026-07-23 21:04:23,Cell_5,2.125,20.913,31.78,144,0,1044
2026-07-23 21:04:23,Cell_50,2.17,30.307,35.05,208,0,977
2026-07-23 21:04:23,Cell_51,2.204,31.824,40.46,163,0,1019
2026-07-23 21:04:23,Cell_52,2.236,29.492,38.2,66,0,1128
2026-07-23 21:04:23,Cell_53,2.215,22.865,34.92,148,0,1050
2026-07-23 21:04:23,Cell_54,2.152,32.633,37.31,133,0,1052
2026-07-23 21:04:23,Cell_55,2.122,12.778,32.33,201,0,984
2026-07-23 21:04:23,Cell_6,1.847,50.0,75.0,147,2,976
2026-07-23 21:04:23,Cell_7,2.212,34.317,40.13,163,0,1029
2026-07-23 21:04:23,Cell_8,2.22,15.764,33.33,114,0,1079
2026-07-23 21:04:23,Cell_9,2.272,22.484,34.99,96,0,1096
2026-07-23 21:06:23,Cell_1,2.274,30.839,43.09,206,0,975
2026-07-23 21:06:23,Cell_10,2.222,15.333,36.04,179,0,1020
2026-07-23 21:06:23,Cell_11,2.112,36.378,46.2,138,0,1051
2026-07-23 21:06:23,Cell_12,2.233,13.629,31.93,157,0,1032
2026-07-23 21:06:23,Cell_13,1.9,25.003,81.69,54,2,1119
2026-07-23 21:06:23,Cell_14,2.203,19.677,33.58,133,0,1062
2026-07-23 21:06:23,Cell_15,2.257,36.422,44.52,78,0,1117
2026-07-23 21:06:23,Cell_16,2.27,42.411,39.87,152,0,1042
2026-07-23 21:06:23,Cell_17,2.204,35.832,43.95,202,0,989
2026-07-23 21:06:23,Cell_18,2.097,31.868,74.4,165,1,941
2026-07-23 21:06:23,Cell_19,2.242,28.586,45.07,139,0,1047
2026-07-23 21:06:23,Cell_2,2.22,18.214,28.21,140,0,1055
2026-07-23 21:06:23,Cell_20,2.274,26.664,42.0,155,0,1027
2026-07-23 21:06:23,Cell_21,2.189,21.577,37.57,64,0,1129
2026-07-23 21:06:23,Cell_22,2.18,29.724,38.42,171,0,1021
2026-07-23 21:06:23,Cell_23,2.114,25.8,33.42,170,0,1022
2026-07-23 21:06:23,Cell_24,2.132,10.839,31.06,191,0,1003
2026-07-23 21:06:23,Cell_25,2.233,36.345,49.23,110,0,1088
2026-07-23 21:06:23,Cell_26,2.219,23.667,43.06,206,0,978
2026-07-23 21:06:23,Cell_27,2.228,32.942,37.22,118,0,1075
2026-07-23 21:06:23,Cell_28,2.226,20.906,33.19,124,0,1057
2026-07-23 21:06:23,Cell_29,2.264,10.12,28.21,97,0,1095
2026-07-23 21:06:23,Cell_3,2.244,26.258,36.68,190,0,1009
2026-07-23 21:06:23,Cell_30,2.236,22.531,35.42,101,0,1084
2026-07-23 21:06:23,Cell_31,2.107,32.132,60.0,118,1,1077
2026-07-23 21:06:23,Cell_32,2.18,11.712,25.95,113,0,1073
2026-07-23 21:06:23,Cell_33,2.241,29.034,35.97,88,0,1098
2026-07-23 21:06:23,Cell_34,2.173,30.329,41.76,177,0,1009
2026-07-23 21:06:23,Cell_35,2.25,26.0,34.63,163,0,1027
2026-07-23 21:06:23,Cell_36,2.231,32.663,40.0,95,0,1094
2026-07-23 21:06:23,Cell_37,2.205,25.342,38.16,127,0,1058
2026-07-23 21:06:23,Cell_38,2.22,20.637,35.55,155,0,1035
2026-07-23 21:06:23,Cell_39,2.294,36.461,39.97,190,0,1004
2026-07-23 21:06:23,Cell_4,2.099,31.604,71.23,167,1,947
2026-07-23 21:06:23,Cell_40,2.247,12.769,35.25,150,0,1038
2026-07-23 21:06:23,Cell_41,2.193,23.236,37.58,159,0,1039
2026-07-23 21:06:23,Cell_42,2.264,35.674,38.93,119,0,1074
2026-07-23 21:06:23,Cell_43,2.262,21.416,38.51,159,0,1040
2026-07-23 21:06:23,Cell_44,2.182,29.987,40.36,117,0,1083
2026-07-23 21:06:23,Cell_45,2.178,21.825,37.39,134,0,1049
2026-07-23 21:06:23,Cell_46,2.204,30.749,37.88,80,0,1101
2026-07-23 21:06:23,Cell_47,2.194,39.935,46.29,159,0,1022
2026-07-23 21:06:23,Cell_48,2.291,32.785,36.95,79,0,1104
2026-07-23 21:06:23,Cell_49,2.211,5.002,29.65,155,0,1031
2026-07-23 21:06:23,Cell_5,2.182,30.519,39.21,144,0,1056
2026-07-23 21:06:23,Cell_50,2.17,28.799,44.43,208,0,984
2026-07-23 21:06:23,Cell_51,2.222,35.901,38.47,163,0,1031
2026-07-23 21:06:23,Cell_52,2.218,0.0,28.56,67,0,1115
2026-07-23 21:06:23,Cell_53,2.221,38.278,41.54,148,0,1049
2026-07-23 21:06:23,Cell_54,2.0,32.794,67.28,133,1,1000
2026-07-23 21:06:23,Cell_55,2.148,19.457,36.51,201,0,991
2026-07-23 21:06:23,Cell_6,2.294,24.505,37.06,147,0,1043
2026-07-23 21:06:23,Cell_7,2.157,33.614,42.65,163,0,1035
2026-07-23 21:06:23,Cell_8,2.178,23.683,33.25,114,0,1070
2026-07-23 21:06:23,Cell_9,2.178,32.501,40.11,96,0,1090
2026-07-23 21:08:23,Cell_1,2.271,2.238,32.89,206,0,986
2026-07-23 21:08:23,Cell_10,2.277,30.289,39.75,179,0,1021
2026-07-23 21:08:23,Cell_11,2.199,24.287,40.08,138,0,1057
2026-07-23 21:08:23,Cell_12,2.165,47.329,47.82,157,0,1042
2026-07-23 21:08:23,Cell_13,2.091,27.959,62.85,54,1,1104
2026-07-23 21:08:23,Cell_14,2.174,26.942,34.73,133,0,1052
2026-07-23 21:08:23,Cell_15,2.075,41.2,43.55,78,0,1111
2026-07-23 21:08:23,Cell_16,2.205,43.023,38.65,152,0,1036
2026-07-23 21:08:23,Cell_17,2.075,15.691,35.48,202,0,985
2026-07-23 21:08:23,Cell_18,2.164,21.767,34.36,165,0,1017
2026-07-23 21:08:23,Cell_19,2.234,22.589,34.13,139,0,1049
2026-07-23 21:08:23,Cell_2,2.185,44.753,45.11,140,0,1049
2026-07-23 21:08:23,Cell_20,2.212,28.28,36.83,155,0,1033
2026-07-23 21:08:23,Cell_21,2.142,22.932,35.56,64,0,1133
2026-07-23 21:08:23,Cell_22,2.3,16.248,29.3,171,0,1028
2026-07-23 21:08:23,Cell_23,1.9,46.271,90.0,170,2,927
2026-07-23 21:08:23,Cell_24,2.122,16.238,37.09,191,0,1007
2026-07-23 21:08:23,Cell_25,2.235,19.288,31.16,110,0,1071
2026-07-23 21:08:23,Cell_26,2.17,21.273,38.0,206,0,985
2026-07-23 21:08:23,Cell_27,2.3,27.395,40.61,119,0,1072
2026-07-23 21:08:23,Cell_28,2.145,37.206,70.54,124,1,997
2026-07-23 21:08:23,Cell_29,2.3,29.494,39.01,97,0,1084
2026-07-23 21:08:23,Cell_3,2.182,24.231,30.78,190,0,1010
2026-07-23 21:08:23,Cell_30,2.224,22.359,38.35,101,0,1080
2026-07-23 21:08:23,Cell_31,2.209,28.106,39.92,118,0,1077
2026-07-23 21:08:23,Cell_32,2.286,28.715,31.78,113,0,1068
2026-07-23 21:08:23,Cell_33,2.247,29.916,36.52,88,0,1112
2026-07-23 21:08:23,Cell_34,2.155,25.155,35.51,177,0,1019
2026-07-23 21:08:23,Cell_35,2.221,21.83,32.01,163,0,1035
2026-07-23 21:08:23,Cell_36,2.296,37.228,39.81,95,0,1103
2026-07-23 21:08:23,Cell_37,2.228,24.667,34.88,128,0,1061
2026-07-23 21:08:23,Cell_38,2.197,24.953,37.5,156,0,1028
2026-07-23 21:08:23,Cell_39,2.228,3.231,25.14,190,0,995
2026-07-23 21:08:23,Cell_4,2.115,27.212,36.2,167,0,1025
2026-07-23 21:08:23,Cell_40,2.173,28.61,64.74,150,1,973
2026-07-23 21:08:23,Cell_41,2.209,20.717,34.48,159,0,1034
2026-07-23 21:08:23,Cell_42,2.188,12.291,67.48,119,1,1021
2026-07-23 21:08:23,Cell_43,2.3,19.432,36.91,159,0,1038
2026-07-23 21:08:23,Cell_44,2.177,27.335,40.08,117,0,1078
2026-07-23 21:08:23,Cell_45,2.274,31.737,35.2,134,0,1053
2026-07-23 21:08:23,Cell_46,2.221,16.301,23.58,80,0,1103
2026-07-23 21:08:23,Cell_47,2.223,49.933,47.1,159,0,1040
2026-07-23 21:08:23,Cell_48,2.247,7.995,27.22,79,0,1119
2026-07-23 21:08:23,Cell_49,2.283,39.836,43.73,155,0,1043
2026-07-23 21:08:23,Cell_5,2.227,21.699,35.37,144,0,1056
2026-07-23 21:08:23,Cell_50,2.164,22.018,34.17,208,0,978
2026-07-23 21:08:23,Cell_51,2.064,15.314,69.98,163,1,944
2026-07-23 21:08:23,Cell_52,2.266,30.275,34.92,67,0,1127
2026-07-23 21:08:23,Cell_53,2.271,24.857,34.0,148,0,1042
2026-07-23 21:08:23,Cell_54,2.108,33.543,38.59,133,0,1048
2026-07-23 21:08:23,Cell_55,2.239,21.785,38.23,201,0,983
2026-07-23 21:08:23,Cell_6,2.228,22.627,32.9,147,0,1052
2026-07-23 21:08:23,Cell_7,2.273,24.901,33.41,163,0,1026
2026-07-23 21:08:23,Cell_8,2.229,35.441,41.57,114,0,1068
2026-07-23 21:08:23,Cell_9,2.243,14.422,29.77,96,0,1095
2026-07-23 21:10:23,Cell_1,2.14,11.553,35.48,206,0,977
2026-07-23 21:10:23,Cell_10,2.185,26.214,35.2,179,0,1009
2026-07-23 21:10:23,Cell_11,2.3,41.524,43.49,138,0,1043
2026-07-23 21:10:23,Cell_12,2.086,14.874,30.76,157,0,1035
2026-07-23 21:10:23,Cell_13,2.271,35.033,37.3,54,0,1137
2026-07-23 21:10:23,Cell_14,2.19,17.06,30.7,134,0,1057
2026-07-23 21:10:23,Cell_15,2.189,27.189,39.33,78,0,1116
2026-07-23 21:10:23,Cell_16,2.147,27.426,37.24,152,0,1030
2026-07-23 21:10:23,Cell_17,2.064,29.72,40.6,202,0,992
2026-07-23 21:10:23,Cell_18,2.207,24.997,38.66,165,0,1019
2026-07-23 21:10:23,Cell_19,2.203,33.166,36.61,139,0,1053
2026-07-23 21:10:23,Cell_2,2.276,21.877,37.13,140,0,1057
2026-07-23 21:10:23,Cell_20,1.9,50.0,81.89,155,2,955
2026-07-23 21:10:23,Cell_21,2.245,19.016,30.3,65,0,1133
2026-07-23 21:10:23,Cell_22,2.138,22.042,61.96,171,1,940
2026-07-23 21:10:23,Cell_23,1.9,43.212,90.0,170,2,944
2026-07-23 21:10:23,Cell_24,2.109,11.549,35.41,191,0,994
2026-07-23 21:10:23,Cell_25,2.191,29.339,40.93,111,0,1077
2026-07-23 21:10:23,Cell_26,2.223,16.402,26.03,206,0,979
2026-07-23 21:10:23,Cell_27,2.24,15.263,30.81,120,0,1068
2026-07-23 21:10:23,Cell_28,2.082,10.511,28.99,124,0,1074
2026-07-23 21:10:23,Cell_29,2.291,9.953,27.16,97,0,1094
2026-07-23 21:10:23,Cell_3,2.199,14.624,32.41,190,0,1007
2026-07-23 21:10:23,Cell_30,2.273,17.247,31.89,101,0,1084
2026-07-23 21:10:23,Cell_31,2.196,34.46,44.87,118,0,1075
2026-07-23 21:10:23,Cell_32,2.139,38.599,60.0,113,1,1078
2026-07-23 21:10:23,Cell_33,2.286,18.354,30.26,88,0,1099
2026-07-23 21:10:23,Cell_34,2.145,37.161,38.83,177,0,1012
2026-07-23 21:10:23,Cell_35,2.09,24.262,39.62,163,0,1022
2026-07-23 21:10:23,Cell_36,2.205,33.88,35.92,95,0,1091
2026-07-23 21:10:23,Cell_37,2.083,20.996,61.5,128,1,1007
2026-07-23 21:10:23,Cell_38,2.18,25.142,32.11,156,0,1028
2026-07-23 21:10:23,Cell_39,2.164,24.806,34.98,190,0,992
2026-07-23 21:10:23,Cell_4,2.246,23.689,42.29,167,0,1023
2026-07-23 21:10:23,Cell_40,2.207,24.964,44.68,151,0,1031
2026-07-23 21:10:23,Cell_41,2.183,22.582,40.58,159,0,1030
2026-07-23 21:10:23,Cell_42,2.207,31.206,38.58,119,0,1071
2026-07-23 21:10:23,Cell_43,2.139,0.0,22.22,159,0,1037
2026-07-23 21:10:23,Cell_44,2.169,25.076,36.99,117,0,1081
2026-07-23 21:10:23,Cell_45,2.22,27.822,34.94,134,0,1056
2026-07-23 21:10:23,Cell_46,2.217,32.519,39.13,80,0,1101
2026-07-23 21:10:23,Cell_47,2.143,18.851,61.5,159,1,958
2026-07-23 21:10:23,Cell_48,2.216,18.962,36.66,79,0,1102
2026-07-23 21:10:23,Cell_49,2.272,34.055,38.35,156,0,1027
2026-07-23 21:10:23,Cell_5,1.9,42.793,76.89,144,2,984
2026-07-23 21:10:23,Cell_50,2.226,33.477,42.56,208,0,973
2026-07-23 21:10:23,Cell_51,2.201,32.236,37.72,163,0,1024
2026-07-23 21:10:23,Cell_52,2.199,36.821,38.28,67,0,1114
2026-07-23 21:10:23,Cell_53,2.203,26.565,39.96,148,0,1039
2026-07-23 21:10:23,Cell_54,2.179,23.158,38.03,134,0,1052
2026-07-23 21:10:23,Cell_55,2.141,24.389,39.17,201,0,991
2026-07-23 21:10:23,Cell_6,2.15,31.574,36.52,147,0,1040
2026-07-23 21:10:23,Cell_7,2.08,16.416,31.67,163,0,1020
2026-07-23 21:10:23,Cell_8,2.235,19.912,36.06,114,0,1082
2026-07-23 21:10:23,Cell_9,2.272,22.77,33.77,96,0,1096
2026-07-23 21:12:23,Cell_1,2.253,26.264,33.36,206,0,993
2026-07-23 21:12:23,Cell_10,2.177,15.37,32.65,179,0,1011
2026-07-23 21:12:23,Cell_11,2.181,27.366,39.07,138,0,1055
2026-07-23 21:12:23,Cell_12,2.099,19.175,30.02,157,0,1024
2026-07-23 21:12:23,Cell_13,2.251,33.322,36.51,54,0,1138
2026-07-23 21:12:23,Cell_14,2.141,16.885,30.0,134,0,1062
2026-07-23 21:12:23,Cell_15,2.122,4.563,28.01,78,0,1122
2026-07-23 21:12:23,Cell_16,2.281,18.127,36.56,153,0,1041
2026-07-23 21:12:23,Cell_17,2.203,26.817,37.16,202,0,996
2026-07-23 21:12:23,Cell_18,2.217,16.455,38.31,165,0,1027
2026-07-23 21:12:23,Cell_19,2.186,27.969,36.63,139,0,1047
2026-07-23 21:12:23,Cell_2,2.2,21.433,33.73,140,0,1051
2026-07-23 21:12:23,Cell_20,2.24,24.376,31.18,155,0,1033
2026-07-23 21:12:23,Cell_21,2.232,30.546,38.34,65,0,1116
2026-07-23 21:12:23,Cell_22,2.231,12.014,30.8,171,0,1023
2026-07-23 21:12:23,Cell_23,2.129,20.844,29.25,170,0,1021
2026-07-23 21:12:23,Cell_24,2.11,25.689,32.48,191,0,1007
2026-07-23 21:12:23,Cell_25,2.19,29.639,35.94,111,0,1087
2026-07-23 21:12:23,Cell_26,2.176,14.596,30.02,206,0,982
2026-07-23 21:12:23,Cell_27,1.9,33.699,88.95,121,2,1010
2026-07-23 21:12:23,Cell_28,2.3,25.367,33.69,124,0,1059
2026-07-23 21:12:23,Cell_29,2.229,33.393,43.19,98,0,1091
2026-07-23 21:12:23,Cell_3,2.206,2.703,27.39,190,0,1009
2026-07-23 21:12:23,Cell_30,2.275,27.656,37.38,101,0,1081
2026-07-23 21:12:23,Cell_31,2.206,24.846,35.64,118,0,1075
2026-07-23 21:12:23,Cell_32,2.174,25.078,36.21,113,0,1069
2026-07-23 21:12:23,Cell_33,2.211,25.755,37.56,88,0,1111
2026-07-23 21:12:23,Cell_34,2.21,27.99,37.22,177,0,1014
2026-07-23 21:12:23,Cell_35,2.281,33.229,41.41,163,0,1034
2026-07-23 21:12:23,Cell_36,2.267,2.761,23.7,95,0,1091
2026-07-23 21:12:23,Cell_37,2.217,26.291,36.81,128,0,1058
2026-07-23 21:12:23,Cell_38,2.3,48.852,46.02,156,0,1037
2026-07-23 21:12:23,Cell_39,2.26,31.905,36.94,190,0,1008
2026-07-23 21:12:23,Cell_4,1.9,49.869,87.47,167,2,934
2026-07-23 21:12:23,Cell_40,1.9,34.057,78.28,151,2,973
2026-07-23 21:12:23,Cell_41,2.096,30.914,64.85,159,1,946
2026-07-23 21:12:23,Cell_42,2.285,15.277,29.13,119,0,1063
2026-07-23 21:12:23,Cell_43,2.223,24.919,33.7,159,0,1037
2026-07-23 21:12:23,Cell_44,2.218,13.035,28.58,117,0,1083
2026-07-23 21:12:23,Cell_45,2.245,31.881,45.0,134,0,1062
2026-07-23 21:12:23,Cell_46,2.267,30.504,42.3,80,0,1107
2026-07-23 21:12:23,Cell_47,2.185,38.337,44.31,159,0,1025
2026-07-23 21:12:23,Cell_48,2.264,24.909,32.84,79,0,1121
2026-07-23 21:12:23,Cell_49,2.259,10.638,31.92,156,0,1025
2026-07-23 21:12:23,Cell_5,2.206,16.416,39.46,144,0,1053
2026-07-23 21:12:23,Cell_50,2.26,43.185,37.38,208,0,975
2026-07-23 21:12:23,Cell_51,2.265,21.639,34.59,163,0,1018
2026-07-23 21:12:23,Cell_52,2.22,31.929,44.39,67,0,1114
2026-07-23 21:12:23,Cell_53,2.142,32.069,34.27,148,0,1042
2026-07-23 21:12:23,Cell_54,2.3,28.453,42.41,135,0,1053
2026-07-23 21:12:23,Cell_55,2.212,30.935,40.89,201,0,991
2026-07-23 21:12:23,Cell_6,2.3,8.346,28.29,147,0,1052
2026-07-23 21:12:23,Cell_7,2.112,44.252,44.25,163,0,1031
2026-07-23 21:12:23,Cell_8,2.099,32.54,40.93,114,0,1086
2026-07-23 21:12:23,Cell_9,2.156,22.537,42.11,96,0,1092
2026-07-23 21:14:23,Cell_1,2.079,27.287,32.59,206,0,979
2026-07-23 21:14:23,Cell_10,2.135,20.075,38.81,179,0,1004
2026-07-23 21:14:23,Cell_11,2.139,30.32,42.66,138,0,1051
2026-07-23 21:14:23,Cell_12,2.202,15.59,28.97,157,0,1030
2026-07-23 21:14:23,Cell_13,2.2,28.409,68.72,54,1,1108
2026-07-23 21:14:23,Cell_14,2.217,22.746,39.08,134,0,1063
2026-07-23 21:14:23,Cell_15,2.177,25.1,36.99,78,0,1109
2026-07-23 21:14:23,Cell_16,2.215,35.91,39.19,154,0,1040
2026-07-23 21:14:23,Cell_17,2.126,43.738,43.84,202,0,983
2026-07-23 21:14:23,Cell_18,2.162,31.757,34.34,165,0,1021
2026-07-23 21:14:23,Cell_19,2.143,29.16,35.34,139,0,1044
2026-07-23 21:14:23,Cell_2,2.146,32.778,43.23,140,0,1050
2026-07-23 21:14:23,Cell_20,2.24,41.975,36.43,156,0,1043
2026-07-23 21:14:23,Cell_21,2.15,29.365,35.64,65,0,1124
2026-07-23 21:14:23,Cell_22,2.123,31.826,41.19,171,0,1019
2026-07-23 21:14:23,Cell_23,2.145,30.242,39.65,171,0,1019
2026-07-23 21:14:23,Cell_24,2.257,35.729,38.48,191,0,1009
2026-07-23 21:14:23,Cell_25,2.264,23.955,35.44,111,0,1086
2026-07-23 21:14:23,Cell_26,2.124,16.242,31.15,206,0,993
2026-07-23 21:14:23,Cell_27,2.118,30.695,37.19,121,0,1076
2026-07-23 21:14:23,Cell_28,2.135,16.378,35.74,124,0,1063
2026-07-23 21:14:23,Cell_29,2.223,26.405,37.52,98,0,1083
2026-07-23 21:14:23,Cell_3,2.196,39.643,48.35,190,0,994
2026-07-23 21:14:23,Cell_30,2.171,29.275,35.95,102,0,1084
2026-07-23 21:14:23,Cell_31,2.201,33.676,35.87,118,0,1067
2026-07-23 21:14:23,Cell_32,2.234,19.439,29.22,113,0,1076
2026-07-23 21:14:23,Cell_33,2.282,32.766,36.89,88,0,1098
2026-07-23 21:14:23,Cell_34,2.24,41.764,40.38,177,0,1009
2026-07-23 21:14:23,Cell_35,2.204,17.564,31.6,163,0,1021
2026-07-23 21:14:23,Cell_36,2.233,24.124,37.59,95,0,1099
2026-07-23 21:14:23,Cell_37,2.223,13.132,35.64,128,0,1056
2026-07-23 21:14:23,Cell_38,2.232,22.494,40.52,156,0,1044
2026-07-23 21:14:23,Cell_39,2.191,28.54,34.84,190,0,992
2026-07-23 21:14:23,Cell_4,2.194,26.642,40.35,167,0,1022
2026-07-23 21:14:23,Cell_40,2.138,32.482,38.95,152,0,1042
2026-07-23 21:14:23,Cell_41,2.263,27.101,38.84,159,0,1038
2026-07-23 21:14:23,Cell_42,2.281,30.198,39.88,119,0,1073
2026-07-23 21:14:23,Cell_43,2.174,26.254,44.35,159,0,1024
2026-07-23 21:14:23,Cell_44,2.253,33.647,38.66,117,0,1072
2026-07-23 21:14:23,Cell_45,2.062,32.042,60.0,134,1,1066
2026-07-23 21:14:23,Cell_46,2.127,23.126,31.41,80,0,1105
2026-07-23 21:14:23,Cell_47,2.113,18.355,30.85,159,0,1029
2026-07-23 21:14:23,Cell_48,2.137,29.115,37.06,79,0,1105
2026-07-23 21:14:23,Cell_49,2.22,32.847,46.83,156,0,1040
2026-07-23 21:14:23,Cell_5,2.267,34.891,41.92,144,0,1042
2026-07-23 21:14:23,Cell_50,2.189,16.499,35.09,208,0,977
2026-07-23 21:14:23,Cell_51,2.202,25.075,36.77,163,0,1025
2026-07-23 21:14:23,Cell_52,2.28,32.489,36.78,67,0,1124
2026-07-23 21:14:23,Cell_53,2.212,15.18,30.55,148,0,1037
2026-07-23 21:14:23,Cell_54,2.164,26.681,35.73,135,0,1046
2026-07-23 21:14:23,Cell_55,2.234,38.036,43.52,201,0,996
2026-07-23 21:14:23,Cell_6,2.173,39.774,44.51,147,0,1051
2026-07-23 21:14:23,Cell_7,2.145,31.877,37.71,163,0,1019
2026-07-23 21:14:23,Cell_8,2.162,19.374,74.8,114,1,1023
2026-07-23 21:14:23,Cell_9,2.112,22.599,32.66,97,0,1099
2026-07-23 21:16:23,Cell_1,2.156,31.569,41.69,206,0,978
2026-07-23 21:16:23,Cell_10,2.221,30.917,38.29,179,0,1021
2026-07-23 21:16:23,Cell_11,2.174,27.923,37.84,138,0,1058
2026-07-23 21:16:23,Cell_12,2.27,30.579,41.51,157,0,1030
2026-07-23 21:16:23,Cell_13,1.9,37.586,79.31,54,2,1109
2026-07-23 21:16:23,Cell_14,2.256,24.098,38.19,134,0,1056
2026-07-23 21:16:23,Cell_15,2.216,14.537,32.7,78,0,1111
2026-07-23 21:16:23,Cell_16,2.219,10.823,35.13,154,0,1027
2026-07-23 21:16:23,Cell_17,2.176,23.347,34.95,202,0,995
2026-07-23 21:16:23,Cell_18,2.125,13.072,31.89,165,0,1031
2026-07-23 21:16:23,Cell_19,2.174,32.002,42.22,139,0,1052
2026-07-23 21:16:23,Cell_2,2.126,26.827,36.16,140,0,1057
2026-07-23 21:16:23,Cell_20,2.3,37.268,41.08,156,0,1029
2026-07-23 21:16:23,Cell_21,2.232,9.072,29.75,65,0,1127
2026-07-23 21:16:23,Cell_22,2.184,34.709,42.79,171,0,1022
2026-07-23 21:16:23,Cell_23,1.863,39.019,76.21,171,2,935
2026-07-23 21:16:23,Cell_24,2.111,18.456,60.0,191,1,1008
2026-07-23 21:16:23,Cell_25,2.248,20.47,35.73,111,0,1075
2026-07-23 21:16:23,Cell_26,2.156,11.472,24.35,206,0,984
2026-07-23 21:16:23,Cell_27,2.113,10.057,30.95,121,0,1067
2026-07-23 21:16:23,Cell_28,2.259,7.19,29.7,124,0,1058
2026-07-23 21:16:23,Cell_29,2.236,30.137,39.46,98,0,1088
2026-07-23 21:16:23,Cell_3,2.17,21.628,36.08,190,0,998
2026-07-23 21:16:23,Cell_30,2.236,25.474,31.25,102,0,1098
2026-07-23 21:16:23,Cell_31,2.215,12.26,28.99,118,0,1079
2026-07-23 21:16:23,Cell_32,2.086,36.812,44.63,113,0,1072
2026-07-23 21:16:23,Cell_33,2.272,17.665,30.91,88,0,1106
2026-07-23 21:16:23,Cell_34,2.131,12.925,31.78,177,0,1015
2026-07-23 21:16:23,Cell_35,2.147,26.018,33.02,163,0,1022
2026-07-23 21:16:23,Cell_36,2.122,1.854,29.27,95,0,1097
2026-07-23 21:16:23,Cell_37,2.14,23.754,31.56,128,0,1063
2026-07-23 21:16:23,Cell_38,2.243,23.99,36.18,156,0,1043
2026-07-23 21:16:23,Cell_39,2.3,17.219,33.76,191,0,990
2026-07-23 21:16:23,Cell_4,2.256,22.884,31.21,167,0,1022
2026-07-23 21:16:23,Cell_40,2.142,19.215,31.75,152,0,1037
2026-07-23 21:16:23,Cell_41,2.093,32.415,39.72,159,0,1024
2026-07-23 21:16:23,Cell_42,2.178,32.901,43.59,119,0,1063
2026-07-23 21:16:23,Cell_43,2.142,11.867,27.54,159,0,1036
2026-07-23 21:16:23,Cell_44,2.24,17.322,33.48,117,0,1077
2026-07-23 21:16:23,Cell_45,2.14,23.579,34.16,134,0,1065
2026-07-23 21:16:23,Cell_46,2.131,28.762,35.23,80,0,1117
2026-07-23 21:16:23,Cell_47,2.202,34.551,40.59,159,0,1030
2026-07-23 21:16:23,Cell_48,2.273,34.36,35.13,79,0,1117
2026-07-23 21:16:23,Cell_49,2.257,35.382,39.21,157,0,1032
2026-07-23 21:16:23,Cell_5,2.191,21.084,33.39,144,0,1048
2026-07-23 21:16:23,Cell_50,2.217,17.946,38.08,208,0,990
2026-07-23 21:16:23,Cell_51,2.084,21.669,34.02,163,0,1028
2026-07-23 21:16:23,Cell_52,2.2,36.057,39.84,67,0,1126
2026-07-23 21:16:23,Cell_53,2.13,31.716,66.56,148,1,959
2026-07-23 21:16:23,Cell_54,2.18,11.473,35.6,135,0,1061
2026-07-23 21:16:23,Cell_55,2.064,14.444,67.93,201,1,884
2026-07-23 21:16:23,Cell_6,2.236,20.729,36.0,147,0,1045
2026-07-23 21:16:23,Cell_7,2.224,37.272,44.42,163,0,1025
2026-07-23 21:16:23,Cell_8,2.232,39.173,45.69,114,0,1080
2026-07-23 21:16:23,Cell_9,2.197,28.891,36.04,97,0,1095
2026-07-23 21:18:23,Cell_1,2.256,43.904,42.89,206,0,993
2026-07-23 21:18:23,Cell_10,2.175,41.954,42.41,179,0,1012
2026-07-23 21:18:23,Cell_11,2.221,29.325,41.14,138,0,1055
2026-07-23 21:18:23,Cell_12,2.229,34.786,42.99,157,0,1029
2026-07-23 21:18:23,Cell_13,2.171,16.521,29.16,54,0,1142
2026-07-23 21:18:23,Cell_14,2.147,38.138,40.72,134,0,1048
2026-07-23 21:18:23,Cell_15,2.11,32.219,43.86,79,0,1111
2026-07-23 21:18:23,Cell_16,2.154,25.595,62.48,154,1,967
2026-07-23 21:18:23,Cell_17,2.239,18.236,31.37,202,0,985
2026-07-23 21:18:23,Cell_18,2.175,17.218,29.0,165,0,1032
2026-07-23 21:18:23,Cell_19,2.193,11.01,24.19,139,0,1057
2026-07-23 21:18:23,Cell_2,2.131,31.895,36.31,140,0,1059
2026-07-23 21:18:23,Cell_20,2.133,13.364,30.05,156,0,1043
2026-07-23 21:18:23,Cell_21,2.3,36.387,41.61,65,0,1118
2026-07-23 21:18:23,Cell_22,2.245,19.781,38.65,171,0,1029
2026-07-23 21:18:23,Cell_23,2.152,23.706,33.67,171,0,1028
2026-07-23 21:18:23,Cell_24,2.11,13.287,31.57,191,0,1009
2026-07-23 21:18:23,Cell_25,2.283,32.079,36.93,111,0,1071
2026-07-23 21:18:23,Cell_26,2.151,38.823,45.99,207,0,986
2026-07-23 21:18:23,Cell_27,2.19,21.407,34.28,121,0,1065
2026-07-23 21:18:23,Cell_28,2.187,38.003,42.95,124,0,1074
2026-07-23 21:18:23,Cell_29,2.2,32.558,60.0,98,1,1102
2026-07-23 21:18:23,Cell_3,2.243,19.3,32.13,190,0,998
2026-07-23 21:18:23,Cell_30,2.295,13.484,27.26,102,0,1097
2026-07-23 21:18:23,Cell_31,2.278,18.905,38.98,118,0,1072
2026-07-23 21:18:23,Cell_32,2.249,21.765,40.39,113,0,1080
2026-07-23 21:18:23,Cell_33,2.232,34.181,39.22,89,0,1096
2026-07-23 21:18:23,Cell_34,2.192,33.56,41.7,177,0,1022
2026-07-23 21:18:23,Cell_35,2.217,13.22,33.49,164,0,1034
2026-07-23 21:18:23,Cell_36,2.154,28.801,36.75,95,0,1099
2026-07-23 21:18:23,Cell_37,2.184,25.564,33.51,128,0,1053
2026-07-23 21:18:23,Cell_38,2.17,45.339,41.72,156,0,1032
2026-07-23 21:18:23,Cell_39,2.192,22.411,33.4,191,0,1003
2026-07-23 21:18:23,Cell_4,2.186,19.409,36.38,167,0,1025
2026-07-23 21:18:23,Cell_40,2.108,2.969,30.24,152,0,1045
2026-07-23 21:18:23,Cell_41,2.23,36.203,44.25,159,0,1034
2026-07-23 21:18:23,Cell_42,2.175,25.217,36.61,119,0,1072
2026-07-23 21:18:23,Cell_43,2.165,30.051,61.74,159,1,959
2026-07-23 21:18:23,Cell_44,2.214,37.08,42.35,117,0,1069
2026-07-23 21:18:23,Cell_45,2.272,16.292,30.69,134,0,1058
2026-07-23 21:18:23,Cell_46,2.243,22.519,33.08,80,0,1103
2026-07-23 21:18:23,Cell_47,2.162,26.406,36.22,159,0,1030
2026-07-23 21:18:23,Cell_48,2.062,20.806,24.5,79,0,1120
2026-07-23 21:18:23,Cell_49,2.13,32.287,39.16,157,0,1032
2026-07-23 21:18:23,Cell_5,2.195,22.495,34.82,144,0,1055
2026-07-23 21:18:23,Cell_50,2.106,16.622,30.53,208,0,989
2026-07-23 21:18:23,Cell_51,2.215,5.458,27.54,163,0,1028
2026-07-23 21:18:23,Cell_52,2.192,24.363,33.3,67,0,1117
2026-07-23 21:18:23,Cell_53,2.07,4.258,27.35,148,0,1049
2026-07-23 21:18:23,Cell_54,2.178,17.247,25.47,135,0,1050
2026-07-23 21:18:23,Cell_55,2.26,6.532,31.75,201,0,982
2026-07-23 21:18:23,Cell_6,2.277,30.564,37.1,147,0,1039
2026-07-23 21:18:23,Cell_7,2.195,15.537,39.75,163,0,1026
2026-07-23 21:18:23,Cell_8,2.135,20.356,34.93,114,0,1084
2026-07-23 21:18:23,Cell_9,2.142,13.175,30.67,97,0,1101
2026-07-23 21:20:23,Cell_1,2.189,0.0,26.57,206,0,978
2026-07-23 21:20:23,Cell_10,2.181,23.651,31.84,179,0,1005
2026-07-23 21:20:23,Cell_11,2.151,19.736,33.85,138,0,1058
2026-07-23 21:20:23,Cell_12,2.134,5.5,26.92,157,0,1042
2026-07-23 21:20:23,Cell_13,2.211,10.616,30.28,54,0,1132
2026-07-23 21:20:23,Cell_14,2.146,48.547,44.11,134,0,1049
2026-07-23 21:20:23,Cell_15,2.172,30.625,38.22,79,0,1109
2026-07-23 21:20:23,Cell_16,2.183,36.447,41.83,155,0,1045
2026-07-23 21:20:23,Cell_17,2.256,41.596,44.18,202,0,997
2026-07-23 21:20:23,Cell_18,2.14,24.753,37.23,165,0,1031
2026-07-23 21:20:23,Cell_19,2.211,12.602,34.46,139,0,1049
2026-07-23 21:20:23,Cell_2,2.185,16.665,31.65,140,0,1050
2026-07-23 21:20:23,Cell_20,2.244,33.978,43.26,156,0,1027
2026-07-23 21:20:23,Cell_21,2.3,17.486,31.64,65,0,1121
2026-07-23 21:20:23,Cell_22,2.23,28.502,38.35,171,0,1023
2026-07-23 21:20:23,Cell_23,2.237,11.418,25.6,171,0,1019
2026-07-23 21:20:23,Cell_24,2.273,21.651,35.8,191,0,1005
2026-07-23 21:20:23,Cell_25,2.224,37.556,45.1,111,0,1076
2026-07-23 21:20:23,Cell_26,2.156,15.521,30.81,207,0,976
2026-07-23 21:20:23,Cell_27,2.206,0.0,26.38,121,0,1075
2026-07-23 21:20:23,Cell_28,2.172,33.17,40.33,124,0,1058
2026-07-23 21:20:23,Cell_29,2.232,24.096,36.59,98,0,1102
2026-07-23 21:20:23,Cell_3,2.18,32.062,37.82,190,0,994
2026-07-23 21:20:23,Cell_30,2.164,44.515,49.97,102,0,1082
2026-07-23 21:20:23,Cell_31,2.184,19.298,25.85,118,0,1068
2026-07-23 21:20:23,Cell_32,2.254,12.954,32.07,113,0,1069
2026-07-23 21:20:23,Cell_33,2.271,38.157,40.21,89,0,1109
2026-07-23 21:20:23,Cell_34,2.173,31.25,38.46,177,0,1019
2026-07-23 21:20:23,Cell_35,2.224,20.3,37.95,164,0,1018
2026-07-23 21:20:23,Cell_36,2.3,23.662,35.63,95,0,1102
2026-07-23 21:20:23,Cell_37,2.132,33.794,35.21,128,0,1065
2026-07-23 21:20:23,Cell_38,2.28,25.611,40.6,156,0,1036
2026-07-23 21:20:23,Cell_39,2.011,33.652,68.12,191,1,907
2026-07-23 21:20:23,Cell_4,1.857,28.08,80.01,167,2,932
2026-07-23 21:20:23,Cell_40,2.174,25.072,35.43,152,0,1040
2026-07-23 21:20:23,Cell_41,2.187,18.286,35.62,159,0,1033
2026-07-23 21:20:23,Cell_42,2.172,27.717,36.75,119,0,1081
2026-07-23 21:20:23,Cell_43,2.205,11.675,29.34,159,0,1032
2026-07-23 21:20:23,Cell_44,2.18,23.798,43.86,117,0,1064
2026-07-23 21:20:23,Cell_45,2.094,23.65,33.87,135,0,1048
2026-07-23 21:20:23,Cell_46,2.298,29.755,37.3,80,0,1104
2026-07-23 21:20:23,Cell_47,2.127,35.846,43.72,159,0,1030
2026-07-23 21:20:23,Cell_48,2.223,0.0,25.36,79,0,1116
2026-07-23 21:20:23,Cell_49,2.047,22.635,69.17,157,1,946
2026-07-23 21:20:23,Cell_5,2.254,25.993,36.04,144,0,1047
2026-07-23 21:20:23,Cell_50,2.099,28.134,36.08,208,0,989
2026-07-23 21:20:23,Cell_51,2.052,29.953,64.48,163,1,953
2026-07-23 21:20:23,Cell_52,2.273,19.884,38.91,68,0,1126
2026-07-23 21:20:23,Cell_53,2.176,31.507,39.41,148,0,1033
2026-07-23 21:20:23,Cell_54,2.004,25.241,60.0,135,1,1058
2026-07-23 21:20:23,Cell_55,2.107,16.167,31.72,201,0,981
2026-07-23 21:20:23,Cell_6,2.208,13.223,31.58,147,0,1049
2026-07-23 21:20:23,Cell_7,2.262,24.366,35.43,163,0,1028
2026-07-23 21:20:23,Cell_8,2.218,42.223,42.97,114,0,1071
2026-07-23 21:20:23,Cell_9,2.219,37.817,41.83,97,0,1100
2026-07-23 21:22:23,Cell_1,2.244,26.262,37.11,206,0,982
2026-07-23 21:22:23,Cell_10,2.193,30.925,34.81,179,0,1007
2026-07-23 21:22:23,Cell_11,2.191,30.686,43.18,138,0,1043
2026-07-23 21:22:23,Cell_12,2.177,20.793,31.52,157,0,1025
2026-07-23 21:22:23,Cell_13,2.19,41.544,43.46,54,0,1146
2026-07-23 21:22:23,Cell_14,2.156,34.946,68.25,134,1,990
2026-07-23 21:22:23,Cell_15,2.2,27.664,37.56,79,0,1113
2026-07-23 21:22:23,Cell_16,2.183,15.313,32.51,155,0,1038
2026-07-23 21:22:23,Cell_17,2.076,45.825,45.86,202,0,981
2026-07-23 21:22:23,Cell_18,2.139,35.843,40.56,165,0,1029
2026-07-23 21:22:23,Cell_19,2.169,26.707,35.51,139,0,1042
2026-07-23 21:22:23,Cell_2,2.3,20.669,32.98,140,0,1060
2026-07-23 21:22:23,Cell_20,2.233,13.992,28.9,156,0,1027
2026-07-23 21:22:23,Cell_21,2.292,13.43,25.94,65,0,1120
2026-07-23 21:22:23,Cell_22,2.219,17.169,34.46,171,0,1024
2026-07-23 21:22:23,Cell_23,2.195,45.856,45.27,171,0,1022
2026-07-23 21:22:23,Cell_24,2.161,21.559,33.99,191,0,1000
2026-07-23 21:22:23,Cell_25,2.141,28.428,60.0,111,1,1070
2026-07-23 21:22:23,Cell_26,2.172,14.798,33.74,207,0,992
2026-07-23 21:22:23,Cell_27,2.234,29.035,40.95,121,0,1079
2026-07-23 21:22:23,Cell_28,2.073,21.056,64.92,124,1,1014
2026-07-23 21:22:23,Cell_29,2.216,16.356,26.76,99,0,1091
2026-07-23 21:22:23,Cell_3,2.198,43.474,50.75,190,0,1009
2026-07-23 21:22:23,Cell_30,2.188,21.433,34.37,102,0,1095
2026-07-23 21:22:23,Cell_31,2.138,27.51,33.58,118,0,1073
2026-07-23 21:22:23,Cell_32,2.21,42.191,39.78,113,0,1084
2026-07-23 21:22:23,Cell_33,2.138,28.134,32.46,89,0,1096
2026-07-23 21:22:23,Cell_34,2.157,18.513,28.33,177,0,1021
2026-07-23 21:22:23,Cell_35,2.169,24.715,41.56,164,0,1022
2026-07-23 21:22:23,Cell_36,2.226,16.912,28.77,95,0,1104
2026-07-23 21:22:23,Cell_37,2.224,13.977,30.89,128,0,1058
2026-07-23 21:22:23,Cell_38,2.291,1.707,30.56,156,0,1040
2026-07-23 21:22:23,Cell_39,2.134,14.829,35.42,191,0,1006
2026-07-23 21:22:23,Cell_4,2.163,27.679,32.47,167,0,1023
2026-07-23 21:22:23,Cell_40,2.263,29.186,36.78,152,0,1045
2026-07-23 21:22:23,Cell_41,2.122,30.509,60.0,159,1,1032
2026-07-23 21:22:23,Cell_42,2.182,33.161,35.1,119,0,1080
2026-07-23 21:22:23,Cell_43,2.156,21.729,35.03,159,0,1029
2026-07-23 21:22:23,Cell_44,2.092,36.838,62.04,117,1,1018
2026-07-23 21:22:23,Cell_45,2.227,24.583,35.85,135,0,1058
2026-07-23 21:22:23,Cell_46,2.217,19.411,34.03,80,0,1105
2026-07-23 21:22:23,Cell_47,2.271,25.48,37.91,159,0,1031
2026-07-23 21:22:23,Cell_48,2.218,16.946,34.71,79,0,1111
2026-07-23 21:22:23,Cell_49,2.208,26.778,39.82,158,0,1035
2026-07-23 21:22:23,Cell_5,2.203,27.484,40.15,144,0,1041
2026-07-23 21:22:23,Cell_50,2.18,35.547,43.77,208,0,992
2026-07-23 21:22:23,Cell_51,2.258,37.256,40.92,163,0,1034
2026-07-23 21:22:23,Cell_52,2.276,12.017,30.54,68,0,1129
2026-07-23 21:22:23,Cell_53,2.124,38.453,35.49,148,0,1034
2026-07-23 21:22:23,Cell_54,2.237,2.872,26.98,135,0,1049
2026-07-23 21:22:23,Cell_55,2.169,21.599,34.77,201,0,993
2026-07-23 21:22:23,Cell_6,2.193,33.297,38.25,147,0,1050
2026-07-23 21:22:23,Cell_7,2.221,30.032,43.33,163,0,1021
2026-07-23 21:22:23,Cell_8,2.184,24.265,37.34,114,0,1085
2026-07-23 21:22:23,Cell_9,2.207,23.483,37.81,97,0,1092
2026-07-23 21:24:23,Cell_1,2.159,26.862,37.23,206,0,982
2026-07-23 21:24:23,Cell_10,2.24,18.601,30.77,179,0,1009
2026-07-23 21:24:23,Cell_11,2.12,25.531,32.02,138,0,1059
2026-07-23 21:24:23,Cell_12,2.19,13.902,31.3,157,0,1036
2026-07-23 21:24:23,Cell_13,2.279,32.137,41.55,54,0,1133
2026-07-23 21:24:23,Cell_14,2.158,15.108,33.09,134,0,1060
2026-07-23 21:24:23,Cell_15,2.194,17.252,32.21,79,0,1103
2026-07-23 21:24:23,Cell_16,2.226,18.282,32.06,155,0,1039
2026-07-23 21:24:23,Cell_17,1.87,50.0,85.0,202,2,895
2026-07-23 21:24:23,Cell_18,2.039,33.212,70.25,165,1,946
2026-07-23 21:24:23,Cell_19,2.171,37.554,43.9,139,0,1047
2026-07-23 21:24:23,Cell_2,2.152,21.494,36.22,140,0,1049
2026-07-23 21:24:23,Cell_20,2.164,21.419,38.61,156,0,1033
2026-07-23 21:24:23,Cell_21,2.289,36.098,38.04,65,0,1132
2026-07-23 21:24:23,Cell_22,2.162,16.397,32.2,171,0,1014
2026-07-23 21:24:23,Cell_23,2.149,22.633,37.28,171,0,1026
2026-07-23 21:24:23,Cell_24,2.171,22.923,34.55,191,0,991
2026-07-23 21:24:23,Cell_25,2.205,46.05,45.51,111,0,1078
2026-07-23 21:24:23,Cell_26,2.178,29.315,34.5,207,0,982
2026-07-23 21:24:23,Cell_27,2.115,26.345,35.3,121,0,1061
2026-07-23 21:24:23,Cell_28,2.204,25.238,36.15,124,0,1064
2026-07-23 21:24:23,Cell_29,2.215,24.456,32.9,99,0,1083
2026-07-23 21:24:23,Cell_3,2.213,23.908,36.81,190,0,1002
2026-07-23 21:24:23,Cell_30,2.223,31.962,36.41,102,0,1088
2026-07-23 21:24:23,Cell_31,2.253,35.686,40.92,119,0,1078
2026-07-23 21:24:23,Cell_32,2.157,20.476,75.0,113,2,1026
2026-07-23 21:24:23,Cell_33,2.242,26.977,36.8,89,0,1103
2026-07-23 21:24:23,Cell_34,2.09,33.69,45.52,178,0,1015
2026-07-23 21:24:23,Cell_35,2.135,22.858,37.66,164,0,1030
2026-07-23 21:24:23,Cell_36,2.206,28.489,36.88,95,0,1092
2026-07-23 21:24:23,Cell_37,2.145,26.704,68.64,128,1,999
2026-07-23 21:24:23,Cell_38,2.172,30.252,37.96,156,0,1041
2026-07-23 21:24:23,Cell_39,2.212,22.221,37.3,191,0,1000
2026-07-23 21:24:23,Cell_4,2.19,19.415,32.61,167,0,1019
2026-07-23 21:24:23,Cell_40,2.234,29.048,36.55,152,0,1041
2026-07-23 21:24:23,Cell_41,2.207,25.94,33.21,159,0,1032
2026-07-23 21:24:23,Cell_42,2.205,29.829,36.49,119,0,1065
2026-07-23 21:24:23,Cell_43,2.109,27.656,60.0,159,1,1024
2026-07-23 21:24:23,Cell_44,2.211,31.879,38.33,117,0,1065
2026-07-23 21:24:23,Cell_45,2.231,13.884,36.93,135,0,1055
2026-07-23 21:24:23,Cell_46,2.3,3.335,33.32,80,0,1119
2026-07-23 21:24:23,Cell_47,2.163,27.994,35.04,159,0,1027
2026-07-23 21:24:23,Cell_48,2.218,50.0,47.9,79,0,1113
2026-07-23 21:24:23,Cell_49,2.173,31.018,35.65,158,0,1042
2026-07-23 21:24:23,Cell_5,2.2,8.091,27.86,144,0,1050
2026-07-23 21:24:23,Cell_50,2.188,18.262,34.83,208,0,990
2026-07-23 21:24:23,Cell_51,2.132,16.05,25.7,163,0,1026
2026-07-23 21:24:23,Cell_52,2.077,24.182,33.08,68,0,1113
2026-07-23 21:24:23,Cell_53,2.123,10.101,27.24,148,0,1052
2026-07-23 21:24:23,Cell_54,2.158,38.016,35.4,135,0,1062
2026-07-23 21:24:23,Cell_55,2.196,19.965,30.88,201,0,998
2026-07-23 21:24:23,Cell_6,2.23,12.646,30.28,147,0,1052
2026-07-23 21:24:23,Cell_7,2.236,0.0,28.29,163,0,1023
2026-07-23 21:24:23,Cell_8,2.126,13.492,63.41,114,1,1028
2026-07-23 21:24:23,Cell_9,2.249,17.834,35.42,97,0,1089
2026-07-23 21:26:23,Cell_1,2.142,15.536,35.19,207,0,976
2026-07-23 21:26:23,Cell_10,2.19,16.203,26.32,179,0,1017
2026-07-23 21:26:23,Cell_11,2.196,23.124,35.47,138,0,1047
2026-07-23 21:26:23,Cell_12,2.265,29.347,40.47,157,0,1038
2026-07-23 21:26:23,Cell_13,2.239,21.898,34.74,54,0,1130
2026-07-23 21:26:23,Cell_14,2.26,20.454,33.01,134,0,1063
2026-07-23 21:26:23,Cell_15,2.22,15.468,36.05,79,0,1105
2026-07-23 21:26:23,Cell_16,1.9,42.255,78.97,155,2,965
2026-07-23 21:26:23,Cell_17,2.176,19.629,30.5,202,0,994
2026-07-23 21:26:23,Cell_18,2.123,21.853,33.35,165,0,1025
2026-07-23 21:26:23,Cell_19,2.116,11.386,64.13,139,1,976
2026-07-23 21:26:23,Cell_2,1.9,27.951,88.61,140,2,988
2026-07-23 21:26:23,Cell_20,2.153,20.756,35.35,156,0,1035
2026-07-23 21:26:23,Cell_21,2.269,15.611,35.05,65,0,1116
2026-07-23 21:26:23,Cell_22,2.178,22.798,36.13,171,0,1029
2026-07-23 21:26:23,Cell_23,2.215,33.316,38.48,171,0,1026
2026-07-23 21:26:23,Cell_24,2.161,0.0,24.47,191,0,1004
2026-07-23 21:26:23,Cell_25,2.188,15.601,29.45,111,0,1087
2026-07-23 21:26:23,Cell_26,2.212,27.329,37.14,207,0,980
2026-07-23 21:26:23,Cell_27,2.05,29.147,60.0,121,1,1072
2026-07-23 21:26:23,Cell_28,2.188,15.583,63.7,124,1,1001
2026-07-23 21:26:23,Cell_29,2.246,27.136,33.65,99,0,1086
2026-07-23 21:26:23,Cell_3,2.131,27.756,39.14,190,0,1009
2026-07-23 21:26:23,Cell_30,2.22,14.938,34.01,102,0,1083
2026-07-23 21:26:23,Cell_31,2.207,32.347,40.41,119,0,1064
2026-07-23 21:26:23,Cell_32,2.227,36.074,40.08,113,0,1086
2026-07-23 21:26:23,Cell_33,2.176,25.601,31.0,89,0,1098
2026-07-23 21:26:23,Cell_34,2.213,36.975,33.93,178,0,1015
2026-07-23 21:26:23,Cell_35,2.175,36.481,39.61,164,0,1017
2026-07-23 21:26:23,Cell_36,2.204,20.632,35.67,95,0,1097
2026-07-23 21:26:23,Cell_37,2.179,30.104,36.81,128,0,1057
2026-07-23 21:26:23,Cell_38,2.161,14.119,35.23,156,0,1044
2026-07-23 21:26:23,Cell_39,2.062,29.025,69.68,191,1,905
2026-07-23 21:26:23,Cell_4,2.234,35.333,36.34,167,0,1022
2026-07-23 21:26:23,Cell_40,2.195,14.454,32.09,152,0,1044
2026-07-23 21:26:23,Cell_41,2.244,40.491,41.06,159,0,1036
2026-07-23 21:26:23,Cell_42,2.199,26.524,39.06,119,0,1066
2026-07-23 21:26:23,Cell_43,2.204,24.134,38.03,159,0,1034
2026-07-23 21:26:23,Cell_44,2.243,29.468,34.99,117,0,1066
2026-07-23 21:26:23,Cell_45,2.173,37.234,43.95,135,0,1061
2026-07-23 21:26:23,Cell_46,2.233,21.975,32.88,80,0,1119
2026-07-23 21:26:23,Cell_47,2.263,22.498,33.54,159,0,1036
2026-07-23 21:26:23,Cell_48,2.199,21.335,29.98,79,0,1118
2026-07-23 21:26:23,Cell_49,2.138,19.01,35.22,158,0,1034
2026-07-23 21:26:23,Cell_5,2.221,35.404,38.96,144,0,1043
2026-07-23 21:26:23,Cell_50,2.185,6.001,26.24,208,0,988
2026-07-23 21:26:23,Cell_51,2.174,15.107,34.29,163,0,1020
2026-07-23 21:26:23,Cell_52,2.273,7.172,33.27,68,0,1121
2026-07-23 21:26:23,Cell_53,2.237,28.876,37.28,148,0,1047
2026-07-23 21:26:23,Cell_54,2.195,15.567,65.83,135,1,979
2026-07-23 21:26:23,Cell_55,2.249,37.73,44.25,201,0,986
2026-07-23 21:26:23,Cell_6,2.274,33.028,43.24,147,0,1037
2026-07-23 21:26:23,Cell_7,2.186,20.813,30.62,163,0,1024
2026-07-23 21:26:23,Cell_8,2.139,31.031,34.97,114,0,1072
2026-07-23 21:26:23,Cell_9,2.099,24.321,36.77,97,0,1102
2026-07-23 21:28:23,Cell_1,2.292,15.495,33.9,207,0,985
2026-07-23 21:28:23,Cell_10,2.099,48.44,46.23,179,0,1015
2026-07-23 21:28:23,Cell_11,2.189,29.194,40.91,138,0,1047
2026-07-23 21:28:23,Cell_12,2.193,22.283,35.68,157,0,1025
2026-07-23 21:28:23,Cell_13,2.295,32.127,36.8,54,0,1132
2026-07-23 21:28:23,Cell_14,2.144,22.735,37.71,134,0,1062
2026-07-23 21:28:23,Cell_15,2.3,18.002,30.93,79,0,1115
2026-07-23 21:28:23,Cell_16,2.186,28.837,35.98,155,0,1026
2026-07-23 21:28:23,Cell_17,2.164,34.121,38.42,202,0,998
2026-07-23 21:28:23,Cell_18,2.194,12.311,30.91,165,0,1022
2026-07-23 21:28:23,Cell_19,2.18,35.986,43.9,139,0,1059
2026-07-23 21:28:23,Cell_2,2.181,28.736,34.13,140,0,1048
2026-07-23 21:28:23,Cell_20,1.854,45.811,77.91,156,2,956
2026-07-23 21:28:23,Cell_21,2.23,31.539,40.02,65,0,1124
2026-07-23 21:28:23,Cell_22,2.185,33.063,36.09,171,0,1027
2026-07-23 21:28:23,Cell_23,2.258,31.457,45.07,171,0,1013
2026-07-23 21:28:23,Cell_24,2.232,27.96,44.56,191,0,1001
2026-07-23 21:28:23,Cell_25,2.226,23.961,30.06,111,0,1086
2026-07-23 21:28:23,Cell_26,2.187,27.749,40.71,207,0,984
2026-07-23 21:28:23,Cell_27,2.154,28.714,36.67,121,0,1072
2026-07-23 21:28:23,Cell_28,2.231,28.648,38.51,124,0,1057
2026-07-23 21:28:23,Cell_29,2.231,9.999,31.33,99,0,1085
2026-07-23 21:28:23,Cell_3,2.133,39.686,44.18,190,0,997
2026-07-23 21:28:23,Cell_30,2.221,37.662,37.92,102,0,1079
2026-07-23 21:28:23,Cell_31,2.259,18.542,30.38,119,0,1081
2026-07-23 21:28:23,Cell_32,2.26,22.175,32.63,113,0,1077
2026-07-23 21:28:23,Cell_33,2.208,24.761,37.77,89,0,1111
2026-07-23 21:28:23,Cell_34,2.155,19.332,39.73,178,0,1007
2026-07-23 21:28:23,Cell_35,2.144,32.476,40.47,164,0,1024
2026-07-23 21:28:23,Cell_36,2.276,25.489,32.9,95,0,1086
2026-07-23 21:28:23,Cell_37,2.296,33.778,42.07,128,0,1071
2026-07-23 21:28:23,Cell_38,2.164,28.925,41.5,156,0,1034
2026-07-23 21:28:23,Cell_39,2.149,26.556,36.85,191,0,993
2026-07-23 21:28:23,Cell_4,2.268,24.791,31.91,167,0,1014
2026-07-23 21:28:23,Cell_40,1.9,29.422,80.7,153,2,970
2026-07-23 21:28:23,Cell_41,2.196,21.962,33.46,159,0,1030
2026-07-23 21:28:23,Cell_42,2.143,14.325,28.8,119,0,1077
2026-07-23 21:28:23,Cell_43,2.175,22.165,60.05,159,1,960
2026-07-23 21:28:23,Cell_44,2.233,19.931,34.96,117,0,1081
2026-07-23 21:28:23,Cell_45,2.213,19.676,33.63,135,0,1063
2026-07-23 21:28:23,Cell_46,2.247,19.077,34.95,80,0,1106
2026-07-23 21:28:23,Cell_47,2.197,30.849,39.58,159,0,1031
2026-07-23 21:28:23,Cell_48,2.253,15.526,31.43,79,0,1119
2026-07-23 21:28:23,Cell_49,2.193,19.656,37.36,158,0,1039
2026-07-23 21:28:23,Cell_5,2.116,36.978,41.9,144,0,1052
2026-07-23 21:28:23,Cell_50,1.881,37.895,82.12,208,2,886
2026-07-23 21:28:23,Cell_51,2.281,26.347,42.21,163,0,1018
2026-07-23 21:28:23,Cell_52,2.272,23.73,36.03,68,0,1119
2026-07-23 21:28:23,Cell_53,2.218,30.614,37.01,148,0,1038
2026-07-23 21:28:23,Cell_54,2.17,16.212,31.42,135,0,1047
2026-07-23 21:28:23,Cell_55,2.184,28.122,39.25,201,0,983
2026-07-23 21:28:23,Cell_6,2.276,17.507,31.09,147,0,1053
2026-07-23 21:28:23,Cell_7,2.248,49.998,44.27,163,0,1018
2026-07-23 21:28:23,Cell_8,2.158,28.679,36.93,114,0,1084
2026-07-23 21:28:23,Cell_9,2.271,27.869,38.18,98,0,1095
2026-07-23 21:30:23,Cell_1,2.3,22.004,38.62,207,0,976
2026-07-23 21:30:23,Cell_10,1.9,39.332,77.78,179,2,929
2026-07-23 21:30:23,Cell_11,2.213,22.498,35.61,138,0,1050
2026-07-23 21:30:23,Cell_12,2.27,22.33,32.1,157,0,1036
2026-07-23 21:30:23,Cell_13,2.239,30.206,39.31,54,0,1145
2026-07-23 21:30:23,Cell_14,2.295,34.542,38.1,134,0,1051
2026-07-23 21:30:23,Cell_15,2.195,14.551,28.59,79,0,1104
2026-07-23 21:30:23,Cell_16,2.208,31.022,38.78,155,0,1044
2026-07-23 21:30:23,Cell_17,2.053,32.564,33.03,202,0,979
2026-07-23 21:30:23,Cell_18,2.26,31.308,39.07,165,0,1016
2026-07-23 21:30:23,Cell_19,2.192,16.807,32.72,139,0,1056
2026-07-23 21:30:23,Cell_2,2.092,31.283,37.8,140,0,1060
2026-07-23 21:30:23,Cell_20,2.079,16.069,60.0,156,1,1032
2026-07-23 21:30:23,Cell_21,2.228,32.277,38.05,65,0,1133
2026-07-23 21:30:23,Cell_22,2.155,35.633,42.8,171,0,1015
2026-07-23 21:30:23,Cell_23,2.242,26.533,34.63,171,0,1013
2026-07-23 21:30:23,Cell_24,2.124,26.337,34.38,191,0,997
2026-07-23 21:30:23,Cell_25,2.213,15.42,30.68,111,0,1086
2026-07-23 21:30:23,Cell_26,2.207,43.403,45.94,208,0,982
2026-07-23 21:30:23,Cell_27,2.27,16.87,29.39,121,0,1078
2026-07-23 21:30:23,Cell_28,2.186,30.496,45.38,124,0,1068
2026-07-23 21:30:23,Cell_29,2.172,27.254,36.37,99,0,1087
2026-07-23 21:30:23,Cell_3,2.199,32.571,36.0,190,0,996
2026-07-23 21:30:23,Cell_30,2.265,24.395,32.35,102,0,1092
2026-07-23 21:30:23,Cell_31,2.245,18.169,28.43,119,0,1065
2026-07-23 21:30:23,Cell_32,2.256,22.309,35.81,113,0,1080
2026-07-23 21:30:23,Cell_33,2.242,29.037,39.01,89,0,1105
2026-07-23 21:30:23,Cell_34,2.101,26.641,40.43,178,0,1017
2026-07-23 21:30:23,Cell_35,1.884,43.201,81.13,164,2,948
2026-07-23 21:30:23,Cell_36,2.22,21.917,36.76,95,0,1087
2026-07-23 21:30:23,Cell_37,2.217,28.196,44.9,128,0,1070
2026-07-23 21:30:23,Cell_38,2.254,12.575,32.02,156,0,1042
2026-07-23 21:30:23,Cell_39,2.178,37.528,43.99,191,0,996
2026-07-23 21:30:23,Cell_4,2.105,18.69,61.06,167,1,937
2026-07-23 21:30:23,Cell_40,2.245,23.972,31.87,153,0,1039
2026-07-23 21:30:23,Cell_41,2.125,17.3,33.88,159,0,1039
2026-07-23 21:30:23,Cell_42,2.134,7.323,29.02,119,0,1080
2026-07-23 21:30:23,Cell_43,2.218,4.311,23.01,159,0,1037
2026-07-23 21:30:23,Cell_44,2.169,1.869,30.81,117,0,1076
2026-07-23 21:30:23,Cell_45,2.169,4.543,26.57,135,0,1053
2026-07-23 21:30:23,Cell_46,2.228,30.715,37.81,80,0,1117
2026-07-23 21:30:23,Cell_47,2.158,5.756,29.01,159,0,1030
2026-07-23 21:30:23,Cell_48,2.226,28.385,34.48,79,0,1114
2026-07-23 21:30:23,Cell_49,2.137,28.57,38.7,158,0,1029
2026-07-23 21:30:23,Cell_5,2.153,38.116,44.71,145,0,1040
2026-07-23 21:30:23,Cell_50,2.232,35.0,41.38,208,0,986
2026-07-23 21:30:23,Cell_51,2.156,27.795,44.98,163,0,1019
2026-07-23 21:30:23,Cell_52,2.3,33.049,38.28,68,0,1120
2026-07-23 21:30:23,Cell_53,2.12,35.31,44.3,148,0,1046
2026-07-23 21:30:23,Cell_54,2.121,19.585,64.99,135,1,995
2026-07-23 21:30:23,Cell_55,2.272,7.428,31.68,201,0,996
2026-07-23 21:30:23,Cell_6,2.241,16.852,29.13,147,0,1044
2026-07-23 21:30:23,Cell_7,2.163,29.819,37.86,164,0,1029
2026-07-23 21:30:23,Cell_8,2.227,25.763,38.84,114,0,1075
2026-07-23 21:30:23,Cell_9,2.245,19.341,34.81,98,0,1096
2026-07-23 21:32:23,Cell_1,2.265,25.245,37.69,207,0,977
2026-07-23 21:32:23,Cell_10,2.196,28.421,37.22,179,0,1012
2026-07-23 21:32:23,Cell_11,2.265,6.001,26.04,138,0,1059
2026-07-23 21:32:23,Cell_12,2.195,25.169,38.62,157,0,1026
2026-07-23 21:32:23,Cell_13,2.253,16.736,32.57,54,0,1143
2026-07-23 21:32:23,Cell_14,2.198,30.064,35.14,134,0,1051
2026-07-23 21:32:23,Cell_15,2.211,16.466,32.08,79,0,1120
2026-07-23 21:32:23,Cell_16,2.166,34.445,42.84,155,0,1027
2026-07-23 21:32:23,Cell_17,2.171,27.261,37.39,202,0,997
2026-07-23 21:32:23,Cell_18,2.218,34.597,30.78,165,0,1016
2026-07-23 21:32:23,Cell_19,2.224,30.142,38.47,139,0,1044
2026-07-23 21:32:23,Cell_2,2.188,27.073,35.33,140,0,1046
2026-07-23 21:32:23,Cell_20,2.149,35.667,41.84,156,0,1039
2026-07-23 21:32:23,Cell_21,2.195,24.955,33.01,66,0,1127
2026-07-23 21:32:23,Cell_22,2.181,25.367,37.01,171,0,1028
2026-07-23 21:32:23,Cell_23,2.191,32.91,35.77,171,0,1020
2026-07-23 21:32:23,Cell_24,2.204,18.947,29.82,191,0,995
2026-07-23 21:32:23,Cell_25,2.187,29.056,38.87,112,0,1087
2026-07-23 21:32:23,Cell_26,2.175,24.726,32.87,208,0,974
2026-07-23 21:32:23,Cell_27,2.283,32.943,42.81,121,0,1062
2026-07-23 21:32:23,Cell_28,2.195,22.95,38.2,124,0,1076
2026-07-23 21:32:23,Cell_29,2.276,36.24,41.28,99,0,1083
2026-07-23 21:32:23,Cell_3,2.242,45.564,40.77,190,0,1003
2026-07-23 21:32:23,Cell_30,2.255,13.249,33.23,102,0,1084
2026-07-23 21:32:23,Cell_31,2.121,24.347,65.13,119,1,1002
2026-07-23 21:32:23,Cell_32,2.191,21.308,32.39,113,0,1083
2026-07-23 21:32:23,Cell_33,2.205,25.374,39.94,89,0,1096
2026-07-23 21:32:23,Cell_34,2.218,22.691,33.72,178,0,1014
2026-07-23 21:32:23,Cell_35,2.26,19.589,35.85,164,0,1034
2026-07-23 21:32:23,Cell_36,2.251,21.553,36.0,95,0,1095
2026-07-23 21:32:23,Cell_37,2.291,33.083,35.0,128,0,1070
2026-07-23 21:32:23,Cell_38,2.147,20.396,35.77,156,0,1033
2026-07-23 21:32:23,Cell_39,2.066,25.821,34.52,191,0,1000
2026-07-23 21:32:23,Cell_4,2.193,13.92,30.17,167,0,1028
2026-07-23 21:32:23,Cell_40,2.239,7.553,32.38,153,0,1029
2026-07-23 21:32:23,Cell_41,2.248,24.057,34.8,159,0,1039
2026-07-23 21:32:23,Cell_42,2.207,35.008,36.41,119,0,1079
2026-07-23 21:32:23,Cell_43,2.155,17.449,35.18,159,0,1023
2026-07-23 21:32:23,Cell_44,2.247,45.965,37.1,117,0,1071
2026-07-23 21:32:23,Cell_45,2.19,31.12,35.23,135,0,1050
2026-07-23 21:32:23,Cell_46,2.267,13.801,27.27,80,0,1118
2026-07-23 21:32:23,Cell_47,2.226,26.513,39.84,159,0,1032
2026-07-23 21:32:23,Cell_48,2.242,26.818,37.5,79,0,1103
2026-07-23 21:32:23,Cell_49,2.144,15.576,33.59,158,0,1041
2026-07-23 21:32:23,Cell_5,2.126,24.793,31.99,145,0,1053
2026-07-23 21:32:23,Cell_50,2.222,23.811,32.55,208,0,989
2026-07-23 21:32:23,Cell_51,2.164,26.842,37.25,163,0,1018
2026-07-23 21:32:23,Cell_52,2.207,49.385,44.17,68,0,1126
2026-07-23 21:32:23,Cell_53,2.205,15.368,32.7,148,0,1047
2026-07-23 21:32:23,Cell_54,2.153,31.223,41.47,136,0,1046
2026-07-23 21:32:23,Cell_55,2.239,14.67,30.65,201,0,987
2026-07-23 21:32:23,Cell_6,2.193,7.601,26.39,147,0,1053
2026-07-23 21:32:23,Cell_7,2.275,45.497,41.89,164,0,1021
2026-07-23 21:32:23,Cell_8,2.168,26.455,39.64,114,0,1078
2026-07-23 21:32:23,Cell_9,2.177,11.422,30.11,98,0,1092
2026-07-23 21:34:23,Cell_1,2.214,11.041,33.1,207,0,979
2026-07-23 21:34:23,Cell_10,2.195,33.315,32.88,179,0,1016
2026-07-23 21:34:23,Cell_11,2.154,34.118,36.51,138,0,1057
2026-07-23 21:34:23,Cell_12,2.186,7.965,29.03,157,0,1039
2026-07-23 21:34:23,Cell_13,2.252,25.469,34.22,54,0,1145
2026-07-23 21:34:23,Cell_14,2.279,39.356,44.93,134,0,1062
2026-07-23 21:34:23,Cell_15,2.091,26.902,72.52,79,1,1074
2026-07-23 21:34:23,Cell_16,2.227,13.591,28.23,155,0,1035
2026-07-23 21:34:23,Cell_17,2.191,33.69,42.55,203,0,981
2026-07-23 21:34:23,Cell_18,2.175,14.936,30.14,165,0,1026
2026-07-23 21:34:23,Cell_19,2.263,37.826,44.61,139,0,1044
2026-07-23 21:34:23,Cell_2,2.198,22.441,38.69,140,0,1059
2026-07-23 21:34:23,Cell_20,2.201,29.133,38.8,156,0,1042
2026-07-23 21:34:23,Cell_21,2.231,19.205,35.52,66,0,1125
2026-07-23 21:34:23,Cell_22,2.237,31.598,36.74,171,0,1020
2026-07-23 21:34:23,Cell_23,2.223,27.052,38.03,172,0,1024
2026-07-23 21:34:23,Cell_24,2.149,29.577,41.07,191,0,1002
2026-07-23 21:34:23,Cell_25,2.178,13.736,35.3,112,0,1087
2026-07-23 21:34:23,Cell_26,2.155,29.255,38.96,208,0,992
2026-07-23 21:34:23,Cell_27,2.164,29.063,39.46,121,0,1068
2026-07-23 21:34:23,Cell_28,2.256,6.109,26.02,124,0,1062
2026-07-23 21:34:23,Cell_29,2.263,10.777,25.94,99,0,1085
2026-07-23 21:34:23,Cell_3,2.208,7.976,34.61,190,0,1004
2026-07-23 21:34:23,Cell_30,2.159,0.0,26.86,102,0,1081
2026-07-23 21:34:23,Cell_31,2.076,13.283,60.0,119,1,1062
2026-07-23 21:34:23,Cell_32,2.21,25.283,31.08,114,0,1080
2026-07-23 21:34:23,Cell_33,2.299,15.496,22.93,89,0,1094
2026-07-23 21:34:23,Cell_34,2.209,28.686,43.11,178,0,1003
2026-07-23 21:34:23,Cell_35,2.178,22.382,33.39,164,0,1027
2026-07-23 21:34:23,Cell_36,2.233,31.129,41.4,95,0,1095
2026-07-23 21:34:23,Cell_37,1.9,27.788,80.61,128,2,995
2026-07-23 21:34:23,Cell_38,2.167,21.329,37.1,156,0,1044
2026-07-23 21:34:23,Cell_39,2.195,45.394,48.36,191,0,991
2026-07-23 21:34:23,Cell_4,2.178,19.662,39.58,167,0,1026
2026-07-23 21:34:23,Cell_40,2.276,22.23,36.07,153,0,1047
2026-07-23 21:34:23,Cell_41,2.255,43.868,46.86,159,0,1035
2026-07-23 21:34:23,Cell_42,2.191,40.845,39.54,119,0,1074
2026-07-23 21:34:23,Cell_43,2.099,19.925,32.04,159,0,1037
2026-07-23 21:34:23,Cell_44,2.159,11.505,33.97,117,0,1077
2026-07-23 21:34:23,Cell_45,2.205,35.884,41.63,135,0,1051
2026-07-23 21:34:23,Cell_46,2.234,22.158,32.12,80,0,1114
2026-07-23 21:34:23,Cell_47,2.208,32.127,40.05,159,0,1034
2026-07-23 21:34:23,Cell_48,2.205,27.561,35.13,79,0,1114
2026-07-23 21:34:23,Cell_49,2.204,14.387,39.03,158,0,1036
2026-07-23 21:34:23,Cell_5,2.125,6.715,30.97,145,0,1037
2026-07-23 21:34:23,Cell_50,2.179,20.591,36.5,208,0,980
2026-07-23 21:34:23,Cell_51,2.219,32.531,45.54,163,0,1025
2026-07-23 21:34:23,Cell_52,2.217,29.147,37.36,68,0,1129
2026-07-23 21:34:23,Cell_53,2.219,12.422,26.5,148,0,1051
2026-07-23 21:34:23,Cell_54,2.238,26.274,39.49,136,0,1062
2026-07-23 21:34:23,Cell_55,2.246,20.197,29.61,202,0,987
2026-07-23 21:34:23,Cell_6,2.146,32.62,36.4,147,0,1039
2026-07-23 21:34:23,Cell_7,2.161,31.914,43.28,164,0,1027
2026-07-23 21:34:23,Cell_8,2.17,29.693,35.02,114,0,1073
2026-07-23 21:34:23,Cell_9,2.3,11.651,31.74,98,0,1096
2026-07-23 21:36:23,Cell_1,2.126,18.682,60.0,207,1,988
2026-07-23 21:36:23,Cell_10,2.034,22.84,64.82,179,1,917
2026-07-23 21:36:23,Cell_11,2.111,41.537,42.79,138,0,1057
2026-07-23 21:36:23,Cell_12,2.286,7.649,36.03,157,0,1036
2026-07-23 21:36:23,Cell_13,2.241,36.318,42.27,54,0,1133
2026-07-23 21:36:23,Cell_14,2.174,35.006,41.94,135,0,1049
2026-07-23 21:36:23,Cell_15,1.9,50.0,77.04,79,2,1075
2026-07-23 21:36:23,Cell_16,2.222,8.818,32.08,155,0,1041
2026-07-23 21:36:23,Cell_17,2.189,22.648,35.1,203,0,983
2026-07-23 21:36:23,Cell_18,2.249,27.281,41.94,165,0,1027
2026-07-23 21:36:23,Cell_19,2.118,21.515,41.4,139,0,1049
2026-07-23 21:36:23,Cell_2,2.168,20.293,33.7,140,0,1047
2026-07-23 21:36:23,Cell_20,2.208,9.215,28.77,156,0,1039
2026-07-23 21:36:23,Cell_21,2.221,27.852,35.55,66,0,1117
2026-07-23 21:36:23,Cell_22,2.149,23.697,34.0,171,0,1015
2026-07-23 21:36:23,Cell_23,2.222,26.141,41.77,173,0,1016
2026-07-23 21:36:23,Cell_24,2.145,14.122,31.13,191,0,1008
2026-07-23 21:36:23,Cell_25,2.178,19.404,36.01,112,0,1084
2026-07-23 21:36:23,Cell_26,2.167,29.8,32.62,208,0,992
2026-07-23 21:36:23,Cell_27,2.099,16.702,61.21,122,1,999
2026-07-23 21:36:23,Cell_28,2.118,14.309,29.4,124,0,1074
2026-07-23 21:36:23,Cell_29,2.193,34.021,36.74,99,0,1092
2026-07-23 21:36:23,Cell_3,2.201,27.062,36.82,190,0,993
2026-07-23 21:36:23,Cell_30,2.296,15.998,27.01,102,0,1081
2026-07-23 21:36:23,Cell_31,2.282,23.93,37.86,119,0,1070
2026-07-23 21:36:23,Cell_32,2.207,35.436,41.36,114,0,1073
2026-07-23 21:36:23,Cell_33,2.194,32.698,39.74,89,0,1101
2026-07-23 21:36:23,Cell_34,2.136,10.688,31.3,178,0,1012
2026-07-23 21:36:23,Cell_35,2.252,38.989,41.51,165,0,1035
2026-07-23 21:36:23,Cell_36,2.262,22.907,31.85,95,0,1091
2026-07-23 21:36:23,Cell_37,2.255,29.107,41.09,128,0,1070
2026-07-23 21:36:23,Cell_38,2.116,20.186,33.84,156,0,1043
2026-07-23 21:36:23,Cell_39,2.185,28.402,40.64,191,0,995
2026-07-23 21:36:23,Cell_4,2.3,40.653,40.07,167,0,1014
2026-07-23 21:36:23,Cell_40,2.22,30.137,44.97,153,0,1030
2026-07-23 21:36:23,Cell_41,2.241,29.441,42.76,159,0,1024
2026-07-23 21:36:23,Cell_42,2.155,23.838,62.68,119,1,1016
2026-07-23 21:36:23,Cell_43,2.245,20.018,36.42,159,0,1038
2026-07-23 21:36:23,Cell_44,2.123,21.874,32.22,117,0,1081
2026-07-23 21:36:23,Cell_45,2.219,32.105,38.0,135,0,1046
2026-07-23 21:36:23,Cell_46,2.3,19.383,33.28,80,0,1107
2026-07-23 21:36:23,Cell_47,2.129,32.491,36.57,159,0,1025
2026-07-23 21:36:23,Cell_48,2.18,14.384,31.43,79,0,1104
2026-07-23 21:36:23,Cell_49,2.161,28.274,70.57,158,1,955
2026-07-23 21:36:23,Cell_5,2.278,26.192,36.24,145,0,1045
2026-07-23 21:36:23,Cell_50,2.12,40.671,42.96,208,0,983
2026-07-23 21:36:23,Cell_51,2.214,39.696,36.69,163,0,1020
2026-07-23 21:36:23,Cell_52,2.178,19.767,25.28,68,0,1117
2026-07-23 21:36:23,Cell_53,2.111,21.718,36.08,148,0,1046
2026-07-23 21:36:23,Cell_54,2.162,25.18,38.81,136,0,1057
2026-07-23 21:36:23,Cell_55,2.16,25.799,35.7,202,0,981
2026-07-23 21:36:23,Cell_6,2.218,24.717,36.46,147,0,1050
2026-07-23 21:36:23,Cell_7,2.174,36.218,39.95,164,0,1033
2026-07-23 21:36:23,Cell_8,2.216,29.636,39.53,114,0,1068
2026-07-23 21:36:23,Cell_9,2.124,18.481,34.53,98,0,1088
2026-07-23 21:38:23,Cell_1,2.167,26.959,40.45,207,0,989
2026-07-23 21:38:23,Cell_10,2.217,39.506,45.22,179,0,1019
2026-07-23 21:38:23,Cell_11,2.247,20.668,31.28,139,0,1055
2026-07-23 21:38:23,Cell_12,2.149,10.227,29.85,157,0,1040
2026-07-23 21:38:23,Cell_13,2.151,15.23,30.06,54,0,1131
2026-07-23 21:38:23,Cell_14,2.15,14.383,27.14,135,0,1063
2026-07-23 21:38:23,Cell_15,2.172,21.459,33.86,79,0,1103
2026-07-23 21:38:23,Cell_16,2.207,33.135,47.63,155,0,1026
2026-07-23 21:38:23,Cell_17,2.163,32.372,40.48,203,0,980
2026-07-23 21:38:23,Cell_18,2.156,43.866,45.41,165,0,1023
2026-07-23 21:38:23,Cell_19,2.242,21.404,33.09,139,0,1043
2026-07-23 21:38:23,Cell_2,2.15,36.865,43.81,140,0,1048
2026-07-23 21:38:23,Cell_20,2.17,36.125,35.24,156,0,1039
2026-07-23 21:38:23,Cell_21,2.253,22.187,31.85,66,0,1121
2026-07-23 21:38:23,Cell_22,2.185,23.734,35.14,171,0,1022
2026-07-23 21:38:23,Cell_23,2.227,28.454,36.0,173,0,1024
2026-07-23 21:38:23,Cell_24,2.183,22.251,36.22,191,0,992
2026-07-23 21:38:23,Cell_25,2.243,27.529,39.19,112,0,1086
2026-07-23 21:38:23,Cell_26,2.169,17.16,34.44,208,0,987
2026-07-23 21:38:23,Cell_27,2.3,32.228,39.83,122,0,1069
2026-07-23 21:38:23,Cell_28,2.245,27.701,41.41,124,0,1072
2026-07-23 21:38:23,Cell_29,2.249,24.295,33.3,99,0,1097
2026-07-23 21:38:23,Cell_3,2.177,31.143,39.38,190,0,1006
2026-07-23 21:38:23,Cell_30,2.145,30.108,38.46,102,0,1091
2026-07-23 21:38:23,Cell_31,2.256,43.518,45.88,120,0,1062
2026-07-23 21:38:23,Cell_32,2.114,23.072,36.74,114,0,1082
2026-07-23 21:38:23,Cell_33,2.21,29.46,35.23,89,0,1101
2026-07-23 21:38:23,Cell_34,2.131,30.594,38.74,178,0,1005
2026-07-23 21:38:23,Cell_35,2.111,34.632,44.46,165,0,1033
2026-07-23 21:38:23,Cell_36,2.153,14.786,29.32,95,0,1105
2026-07-23 21:38:23,Cell_37,2.154,20.416,33.53,128,0,1059
2026-07-23 21:38:23,Cell_38,2.218,27.828,38.21,156,0,1029
2026-07-23 21:38:23,Cell_39,2.214,43.083,41.88,191,0,1007
2026-07-23 21:38:23,Cell_4,2.174,13.172,33.38,168,0,1020
2026-07-23 21:38:23,Cell_40,2.207,30.381,40.95,153,0,1039
2026-07-23 21:38:23,Cell_41,2.234,43.137,42.77,159,0,1022
2026-07-23 21:38:23,Cell_42,2.265,37.663,40.08,119,0,1080
2026-07-23 21:38:23,Cell_43,2.184,27.747,35.32,159,0,1040
2026-07-23 21:38:23,Cell_44,2.3,32.457,38.04,117,0,1067
2026-07-23 21:38:23,Cell_45,2.211,33.687,42.73,135,0,1052
2026-07-23 21:38:23,Cell_46,2.169,29.055,34.65,80,0,1118
2026-07-23 21:38:23,Cell_47,2.204,18.687,38.47,159,0,1038
2026-07-23 21:38:23,Cell_48,2.167,26.81,34.0,79,0,1114
2026-07-23 21:38:23,Cell_49,2.235,36.868,35.81,158,0,1039
2026-07-23 21:38:23,Cell_5,2.132,36.407,75.0,145,2,963
2026-07-23 21:38:23,Cell_50,2.207,11.526,28.27,208,0,977
2026-07-23 21:38:23,Cell_51,2.122,20.664,38.95,163,0,1024
2026-07-23 21:38:23,Cell_52,2.145,32.021,37.65,68,0,1115
2026-07-23 21:38:23,Cell_53,2.185,26.38,37.24,148,0,1049
2026-07-23 21:38:23,Cell_54,2.289,12.309,36.02,136,0,1053
2026-07-23 21:38:23,Cell_55,2.184,30.944,41.79,202,0,994
2026-07-23 21:38:23,Cell_6,2.154,3.706,26.83,147,0,1046
2026-07-23 21:38:23,Cell_7,2.166,22.457,39.81,164,0,1033
2026-07-23 21:38:23,Cell_8,2.238,18.233,32.08,114,0,1076
2026-07-23 21:38:23,Cell_9,2.231,17.896,31.34,99,0,1082
2026-07-23 21:40:23,Cell_1,2.096,22.755,38.39,207,0,974
2026-07-23 21:40:23,Cell_10,2.202,34.405,39.34,179,0,1015
2026-07-23 21:40:23,Cell_11,2.192,19.633,36.85,139,0,1044
2026-07-23 21:40:23,Cell_12,2.197,29.362,39.32,157,0,1032
2026-07-23 21:40:23,Cell_13,2.3,29.094,37.02,54,0,1130
2026-07-23 21:40:23,Cell_14,2.2,9.719,31.28,135,0,1053
2026-07-23 21:40:23,Cell_15,2.201,35.044,36.71,79,0,1106
2026-07-23 21:40:23,Cell_16,2.107,17.991,34.32,155,0,1029
2026-07-23 21:40:23,Cell_17,1.88,48.988,79.96,203,2,883
2026-07-23 21:40:23,Cell_18,2.131,18.216,35.92,165,0,1018
2026-07-23 21:40:23,Cell_19,2.226,37.248,40.76,139,0,1056
2026-07-23 21:40:23,Cell_2,2.213,36.237,37.44,140,0,1050
2026-07-23 21:40:23,Cell_20,2.127,20.134,35.18,156,0,1040
2026-07-23 21:40:23,Cell_21,2.3,22.492,39.59,66,0,1122
2026-07-23 21:40:23,Cell_22,2.198,13.959,28.04,172,0,1019
2026-07-23 21:40:23,Cell_23,2.294,21.171,34.63,173,0,1019
2026-07-23 21:40:23,Cell_24,2.217,16.25,30.94,191,0,1009
2026-07-23 21:40:23,Cell_25,2.3,24.025,29.48,112,0,1078
2026-07-23 21:40:23,Cell_26,2.116,19.095,33.24,208,0,977
2026-07-23 21:40:23,Cell_27,2.189,21.764,36.27,122,0,1062
2026-07-23 21:40:23,Cell_28,2.227,27.04,33.97,124,0,1066
2026-07-23 21:40:23,Cell_29,2.136,16.229,35.59,99,0,1087
2026-07-23 21:40:23,Cell_3,2.082,14.002,38.19,190,0,1007
2026-07-23 21:40:23,Cell_30,2.228,21.723,34.48,102,0,1089
2026-07-23 21:40:23,Cell_31,2.219,39.401,39.04,120,0,1061
2026-07-23 21:40:23,Cell_32,2.207,32.745,39.4,115,0,1069
2026-07-23 21:40:23,Cell_33,2.206,26.846,35.97,90,0,1109
2026-07-23 21:40:23,Cell_34,2.185,20.757,35.13,178,0,1007
2026-07-23 21:40:23,Cell_35,2.208,5.635,27.91,165,0,1033
2026-07-23 21:40:23,Cell_36,2.219,15.67,34.65,95,0,1090
2026-07-23 21:40:23,Cell_37,2.191,27.44,37.22,128,0,1070
2026-07-23 21:40:23,Cell_38,2.23,25.06,37.67,156,0,1034
2026-07-23 21:40:23,Cell_39,2.211,26.008,33.9,191,0,991
2026-07-23 21:40:23,Cell_4,2.166,12.398,32.61,168,0,1018
2026-07-23 21:40:23,Cell_40,2.194,8.647,36.48,153,0,1043
2026-07-23 21:40:23,Cell_41,2.152,28.918,38.82,159,0,1036
2026-07-23 21:40:23,Cell_42,2.157,24.81,33.29,119,0,1065
2026-07-23 21:40:23,Cell_43,2.245,20.04,33.54,159,0,1038
2026-07-23 21:40:23,Cell_44,2.193,34.44,43.18,117,0,1079
2026-07-23 21:40:23,Cell_45,2.27,29.197,41.3,135,0,1052
2026-07-23 21:40:23,Cell_46,2.243,19.643,31.34,80,0,1119
2026-07-23 21:40:23,Cell_47,2.137,40.276,45.78,159,0,1035
2026-07-23 21:40:23,Cell_48,2.247,31.332,40.7,79,0,1117
2026-07-23 21:40:23,Cell_49,2.147,16.575,33.48,158,0,1040
2026-07-23 21:40:23,Cell_5,2.204,39.912,44.34,145,0,1038
2026-07-23 21:40:23,Cell_50,2.086,15.606,36.8,208,0,985
2026-07-23 21:40:23,Cell_51,2.197,21.424,32.65,163,0,1036
2026-07-23 21:40:23,Cell_52,2.179,34.31,39.99,68,0,1116
2026-07-23 21:40:23,Cell_53,2.153,38.803,42.84,148,0,1039
2026-07-23 21:40:23,Cell_54,1.842,28.733,90.0,136,2,980
2026-07-23 21:40:23,Cell_55,2.245,31.482,42.72,202,0,983
2026-07-23 21:40:23,Cell_6,2.206,33.627,39.77,147,0,1037
2026-07-23 21:40:23,Cell_7,2.3,25.816,35.29,164,0,1017
2026-07-23 21:40:23,Cell_8,2.238,30.893,39.85,114,0,1069
2026-07-23 21:40:23,Cell_9,2.182,44.512,47.54,99,0,1091
2026-07-23 21:42:23,Cell_1,2.159,18.736,42.46,208,0,989
2026-07-23 21:42:23,Cell_10,2.038,30.934,75.0,179,2,920
2026-07-23 21:42:23,Cell_11,2.206,32.955,46.38,139,0,1059
2026-07-23 21:42:23,Cell_12,2.058,36.377,71.0,157,1,955
2026-07-23 21:42:23,Cell_13,2.3,22.315,37.79,54,0,1140
2026-07-23 21:42:23,Cell_14,2.139,36.302,42.95,135,0,1065
2026-07-23 21:42:23,Cell_15,2.218,24.195,40.3,79,0,1118
2026-07-23 21:42:23,Cell_16,2.229,0.0,35.36,155,0,1043
2026-07-23 21:42:23,Cell_17,2.112,4.092,26.83,203,0,990
2026-07-23 21:42:23,Cell_18,2.247,26.089,33.94,165,0,1035
2026-07-23 21:42:23,Cell_19,2.219,13.019,30.2,139,0,1060
2026-07-23 21:42:23,Cell_2,2.233,20.01,34.39,140,0,1049
2026-07-23 21:42:23,Cell_20,2.289,17.985,34.31,156,0,1029
2026-07-23 21:42:23,Cell_21,2.224,34.452,38.57,66,0,1118
2026-07-23 21:42:23,Cell_22,2.252,19.359,34.16,172,0,1010
2026-07-23 21:42:23,Cell_23,2.224,30.505,32.82,173,0,1020
2026-07-23 21:42:23,Cell_24,2.146,26.483,37.65,191,0,1007
2026-07-23 21:42:23,Cell_25,2.189,12.711,68.67,112,1,1030
2026-07-23 21:42:23,Cell_26,2.192,27.85,40.04,208,0,986
2026-07-23 21:42:23,Cell_27,2.224,22.388,33.95,122,0,1078
2026-07-23 21:42:23,Cell_28,2.185,21.679,34.92,124,0,1071
2026-07-23 21:42:23,Cell_29,2.181,27.238,38.3,99,0,1095
2026-07-23 21:42:23,Cell_3,2.149,35.589,42.34,190,0,1001
2026-07-23 21:42:23,Cell_30,2.122,4.052,27.2,102,0,1093
2026-07-23 21:42:23,Cell_31,2.217,29.406,31.15,120,0,1069
2026-07-23 21:42:23,Cell_32,2.272,22.048,35.03,115,0,1072
2026-07-23 21:42:23,Cell_33,2.255,28.509,38.85,90,0,1094
2026-07-23 21:42:23,Cell_34,2.086,40.17,47.53,179,0,1007
2026-07-23 21:42:23,Cell_35,2.159,16.014,30.83,165,0,1030
2026-07-23 21:42:23,Cell_36,2.235,14.553,34.13,95,0,1103
2026-07-23 21:42:23,Cell_37,2.201,30.201,37.91,128,0,1057
2026-07-23 21:42:23,Cell_38,2.248,22.613,36.07,156,0,1034
2026-07-23 21:42:23,Cell_39,2.224,22.495,38.6,191,0,1003
2026-07-23 21:42:23,Cell_4,2.255,28.637,35.67,169,0,1012
2026-07-23 21:42:23,Cell_40,2.205,17.137,30.43,153,0,1045
2026-07-23 21:42:23,Cell_41,2.135,37.895,41.03,159,0,1035
2026-07-23 21:42:23,Cell_42,2.257,26.006,38.4,119,0,1078
2026-07-23 21:42:23,Cell_43,2.239,25.461,31.84,159,0,1027
2026-07-23 21:42:23,Cell_44,2.078,25.629,35.18,117,0,1079
2026-07-23 21:42:23,Cell_45,2.251,14.353,31.89,135,0,1057
2026-07-23 21:42:23,Cell_46,2.26,39.32,46.94,80,0,1111
2026-07-23 21:42:23,Cell_47,2.093,20.667,30.02,159,0,1034
2026-07-23 21:42:23,Cell_48,2.219,29.473,39.77,79,0,1116
2026-07-23 21:42:23,Cell_49,1.889,38.415,77.63,158,2,951
2026-07-23 21:42:23,Cell_5,2.2,33.826,60.0,145,1,1036
2026-07-23 21:42:23,Cell_50,2.138,43.246,48.33,208,0,973
2026-07-23 21:42:23,Cell_51,2.137,23.915,31.47,163,0,1025
2026-07-23 21:42:23,Cell_52,2.178,12.907,27.7,68,0,1120
2026-07-23 21:42:23,Cell_53,2.18,9.623,25.93,148,0,1042
2026-07-23 21:42:23,Cell_54,2.163,8.908,63.54,136,1,977
2026-07-23 21:42:23,Cell_55,2.252,30.687,42.3,202,0,983
2026-07-23 21:42:23,Cell_6,2.086,36.498,38.52,147,0,1041
2026-07-23 21:42:23,Cell_7,2.167,38.916,71.82,164,1,939
2026-07-23 21:42:23,Cell_8,2.203,22.557,37.47,114,0,1070
2026-07-23 21:42:23,Cell_9,2.234,21.306,34.09,99,0,1090
2026-07-23 21:44:23,Cell_1,2.122,26.299,40.99,208,0,981
2026-07-23 21:44:23,Cell_10,2.202,12.813,29.03,179,0,1009
2026-07-23 21:44:23,Cell_11,2.108,26.066,36.2,139,0,1057
2026-07-23 21:44:23,Cell_12,2.161,31.835,41.82,157,0,1034
2026-07-23 21:44:23,Cell_13,2.244,24.644,38.69,54,0,1128
2026-07-23 21:44:23,Cell_14,2.131,14.998,30.21,135,0,1057
2026-07-23 21:44:23,Cell_15,2.209,16.852,35.07,79,0,1120
2026-07-23 21:44:23,Cell_16,2.183,30.883,37.03,155,0,1030
2026-07-23 21:44:23,Cell_17,2.172,31.986,44.7,204,0,981
2026-07-23 21:44:23,Cell_18,2.213,30.179,35.85,165,0,1031
2026-07-23 21:44:23,Cell_19,2.198,37.183,44.52,139,0,1056
2026-07-23 21:44:23,Cell_2,2.282,21.165,33.95,140,0,1044
2026-07-23 21:44:23,Cell_20,2.141,17.503,33.45,156,0,1044
2026-07-23 21:44:23,Cell_21,2.208,26.79,37.19,66,0,1128
2026-07-23 21:44:23,Cell_22,2.181,36.417,40.79,172,0,1019
2026-07-23 21:44:23,Cell_23,2.181,18.574,36.62,173,0,1009
2026-07-23 21:44:23,Cell_24,2.27,23.351,36.86,191,0,993
2026-07-23 21:44:23,Cell_25,2.233,23.659,35.68,112,0,1070
2026-07-23 21:44:23,Cell_26,2.219,32.887,37.18,208,0,978
2026-07-23 21:44:23,Cell_27,2.231,27.556,38.94,122,0,1077
2026-07-23 21:44:23,Cell_28,2.193,19.576,37.36,124,0,1069
2026-07-23 21:44:23,Cell_29,2.197,25.75,34.58,99,0,1085
2026-07-23 21:44:23,Cell_3,2.139,23.541,34.59,190,0,999
2026-07-23 21:44:23,Cell_30,1.9,50.0,85.3,102,2,1040
2026-07-23 21:44:23,Cell_31,2.175,12.271,31.26,120,0,1075
2026-07-23 21:44:23,Cell_32,2.17,20.123,32.53,115,0,1068
2026-07-23 21:44:23,Cell_33,2.283,25.803,34.1,90,0,1102
2026-07-23 21:44:23,Cell_34,2.191,16.342,33.37,179,0,1013
2026-07-23 21:44:23,Cell_35,2.21,20.001,30.75,165,0,1022
2026-07-23 21:44:23,Cell_36,1.9,31.098,77.06,95,2,1054
2026-07-23 21:44:23,Cell_37,2.218,31.221,30.7,128,0,1053
2026-07-23 21:44:23,Cell_38,2.261,23.989,38.86,156,0,1035
2026-07-23 21:44:23,Cell_39,2.169,28.777,34.95,191,0,998
2026-07-23 21:44:23,Cell_4,2.23,30.643,41.73,169,0,1015
2026-07-23 21:44:23,Cell_40,2.232,33.784,41.19,153,0,1035
2026-07-23 21:44:23,Cell_41,2.152,30.667,40.58,159,0,1024
2026-07-23 21:44:23,Cell_42,2.135,14.144,28.82,119,0,1070
2026-07-23 21:44:23,Cell_43,2.243,25.468,38.41,159,0,1041
2026-07-23 21:44:23,Cell_44,2.218,21.595,31.16,117,0,1072
2026-07-23 21:44:23,Cell_45,2.239,22.075,39.55,135,0,1061
2026-07-23 21:44:23,Cell_46,2.173,17.672,34.47,81,0,1119
2026-07-23 21:44:23,Cell_47,2.192,27.144,35.4,159,0,1034
2026-07-23 21:44:23,Cell_48,2.209,29.731,36.19,79,0,1118
2026-07-23 21:44:23,Cell_49,2.128,36.007,62.2,158,1,951
2026-07-23 21:44:23,Cell_5,2.215,10.19,29.18,145,0,1050
2026-07-23 21:44:23,Cell_50,2.25,30.529,40.57,208,0,989
2026-07-23 21:44:23,Cell_51,2.126,35.813,40.76,163,0,1029
2026-07-23 21:44:23,Cell_52,1.9,40.201,80.25,68,2,1088
2026-07-23 21:44:23,Cell_53,2.271,31.48,42.26,148,0,1035
2026-07-23 21:44:23,Cell_54,2.113,34.842,60.0,136,1,1054
2026-07-23 21:44:23,Cell_55,2.23,27.085,38.02,202,0,984
2026-07-23 21:44:23,Cell_6,2.128,26.837,36.43,147,0,1042
2026-07-23 21:44:23,Cell_7,2.189,22.589,35.24,164,0,1025
2026-07-23 21:44:23,Cell_8,2.158,17.41,29.27,114,0,1085
2026-07-23 21:44:23,Cell_9,2.251,19.723,38.26,99,0,1087
2026-07-23 21:46:23,Cell_1,2.219,22.666,33.9,208,0,983
2026-07-23 21:46:23,Cell_10,2.198,5.99,30.59,180,0,1011
2026-07-23 21:46:23,Cell_11,2.183,18.302,35.56,139,0,1058
2026-07-23 21:46:23,Cell_12,2.206,37.001,37.85,157,0,1043
2026-07-23 21:46:23,Cell_13,2.21,41.782,44.84,54,0,1140
2026-07-23 21:46:23,Cell_14,2.14,25.506,34.2,135,0,1065
2026-07-23 21:46:23,Cell_15,2.19,14.425,33.12,79,0,1107
2026-07-23 21:46:23,Cell_16,2.158,25.782,38.37,155,0,1029
2026-07-23 21:46:23,Cell_17,2.078,50.0,43.42,204,0,990
2026-07-23 21:46:23,Cell_18,2.182,23.11,33.72,165,0,1017
2026-07-23 21:46:23,Cell_19,2.163,14.477,33.73,139,0,1059
2026-07-23 21:46:23,Cell_2,2.285,18.953,34.05,140,0,1053
2026-07-23 21:46:23,Cell_20,2.3,26.475,30.34,156,0,1027
2026-07-23 21:46:23,Cell_21,2.126,36.27,40.96,66,0,1120
2026-07-23 21:46:23,Cell_22,2.155,27.128,36.0,172,0,1019
2026-07-23 21:46:23,Cell_23,2.212,20.578,37.31,173,0,1010
2026-07-23 21:46:23,Cell_24,2.119,8.505,30.89,191,0,999
2026-07-23 21:46:23,Cell_25,1.9,25.644,78.55,112,2,1022
2026-07-23 21:46:23,Cell_26,2.194,38.369,40.98,208,0,980
2026-07-23 21:46:23,Cell_27,2.224,23.147,37.92,122,0,1062
2026-07-23 21:46:23,Cell_28,1.9,50.0,75.0,124,2,1014
2026-07-23 21:46:23,Cell_29,2.3,18.1,31.82,99,0,1088
2026-07-23 21:46:23,Cell_3,2.198,23.422,39.13,190,0,1003
2026-07-23 21:46:23,Cell_30,2.201,29.617,35.97,102,0,1091
2026-07-23 21:46:23,Cell_31,2.232,27.27,39.98,120,0,1075
2026-07-23 21:46:23,Cell_32,2.187,14.402,34.02,115,0,1077
2026-07-23 21:46:23,Cell_33,2.285,16.866,30.99,90,0,1106
2026-07-23 21:46:23,Cell_34,2.201,16.804,36.2,179,0,1007
2026-07-23 21:46:23,Cell_35,2.234,16.082,27.48,165,0,1019
2026-07-23 21:46:23,Cell_36,2.218,14.272,31.12,95,0,1088
2026-07-23 21:46:23,Cell_37,2.228,30.381,37.97,128,0,1067
2026-07-23 21:46:23,Cell_38,2.071,26.121,65.37,156,1,955
2026-07-23 21:46:23,Cell_39,1.848,36.083,82.12,191,2,894
2026-07-23 21:46:23,Cell_4,2.272,46.951,43.32,169,0,1019
2026-07-23 21:46:23,Cell_40,2.242,37.674,40.23,153,0,1047
2026-07-23 21:46:23,Cell_41,2.152,0.636,26.04,159,0,1036
2026-07-23 21:46:23,Cell_42,2.163,29.708,35.93,119,0,1072
2026-07-23 21:46:23,Cell_43,2.183,23.812,33.93,159,0,1023
2026-07-23 21:46:23,Cell_44,2.236,26.741,33.0,117,0,1066
2026-07-23 21:46:23,Cell_45,1.863,35.812,83.23,135,2,994
2026-07-23 21:46:23,Cell_46,2.143,13.778,25.54,81,0,1115
2026-07-23 21:46:23,Cell_47,2.142,19.337,36.18,159,0,1038
2026-07-23 21:46:23,Cell_48,2.186,39.148,43.95,79,0,1117
2026-07-23 21:46:23,Cell_49,2.222,34.903,35.23,158,0,1038
2026-07-23 21:46:23,Cell_5,2.081,27.768,32.25,145,0,1051
2026-07-23 21:46:23,Cell_50,2.194,8.388,32.82,208,0,989
2026-07-23 21:46:23,Cell_51,2.222,31.156,39.5,163,0,1026
2026-07-23 21:46:23,Cell_52,2.27,10.57,32.9,68,0,1121
2026-07-23 21:46:23,Cell_53,2.149,35.384,71.3,148,1,968
2026-07-23 21:46:23,Cell_54,2.141,21.999,72.28,136,1,991
2026-07-23 21:46:23,Cell_55,2.21,12.355,24.4,202,0,990
2026-07-23 21:46:23,Cell_6,2.23,29.921,37.15,147,0,1034
2026-07-23 21:46:23,Cell_7,2.178,21.98,32.46,164,0,1020
2026-07-23 21:46:23,Cell_8,2.3,1.276,24.1,114,0,1068
2026-07-23 21:46:23,Cell_9,2.15,27.658,34.66,99,0,1094
2026-07-23 21:48:23,Cell_1,2.227,14.772,37.88,208,0,977
2026-07-23 21:48:23,Cell_10,2.208,31.861,40.09,180,0,1014
2026-07-23 21:48:23,Cell_11,2.233,29.487,31.32,139,0,1048
2026-07-23 21:48:23,Cell_12,2.126,19.607,32.64,157,0,1038
2026-07-23 21:48:23,Cell_13,2.228,25.52,38.6,54,0,1130
2026-07-23 21:48:23,Cell_14,2.16,38.666,41.99,135,0,1057
2026-07-23 21:48:23,Cell_15,2.17,13.36,31.95,79,0,1117
2026-07-23 21:48:23,Cell_16,2.26,28.898,37.17,155,0,1042
2026-07-23 21:48:23,Cell_17,2.123,26.503,39.34,204,0,979
2026-07-23 21:48:23,Cell_18,2.239,15.027,31.66,165,0,1030
2026-07-23 21:48:23,Cell_19,2.236,17.905,30.46,139,0,1042
2026-07-23 21:48:23,Cell_2,2.213,28.169,35.83,140,0,1047
2026-07-23 21:48:23,Cell_20,2.202,28.173,31.95,156,0,1036
2026-07-23 21:48:23,Cell_21,2.291,36.065,40.94,66,0,1133
2026-07-23 21:48:23,Cell_22,2.257,23.939,25.84,172,0,1012
2026-07-23 21:48:23,Cell_23,2.183,32.143,38.07,173,0,1014
2026-07-23 21:48:23,Cell_24,2.24,37.715,40.22,191,0,996
2026-07-23 21:48:23,Cell_25,2.282,50.0,47.04,112,0,1081
2026-07-23 21:48:23,Cell_26,2.152,13.491,29.23,208,0,989
2026-07-23 21:48:23,Cell_27,2.272,22.236,33.36,122,0,1060
2026-07-23 21:48:23,Cell_28,2.274,11.731,31.6,124,0,1073
2026-07-23 21:48:23,Cell_29,2.221,30.576,35.2,99,0,1093
2026-07-23 21:48:23,Cell_3,2.139,24.787,30.98,190,0,1005
2026-07-23 21:48:23,Cell_30,2.195,28.218,42.4,102,0,1086
2026-07-23 21:48:23,Cell_31,2.243,21.206,32.02,120,0,1079
2026-07-23 21:48:23,Cell_32,2.192,21.497,37.19,115,0,1067
2026-07-23 21:48:23,Cell_33,2.237,24.958,33.73,90,0,1098
2026-07-23 21:48:23,Cell_34,2.242,38.622,40.33,179,0,1005
2026-07-23 21:48:23,Cell_35,2.168,21.127,36.28,165,0,1029
2026-07-23 21:48:23,Cell_36,2.212,21.608,33.6,95,0,1105
2026-07-23 21:48:23,Cell_37,2.22,21.768,36.8,129,0,1057
2026-07-23 21:48:23,Cell_38,2.275,39.695,44.01,156,0,1030
2026-07-23 21:48:23,Cell_39,2.254,31.436,35.22,191,0,996
2026-07-23 21:48:23,Cell_4,2.202,34.014,41.22,169,0,1025
2026-07-23 21:48:23,Cell_40,2.161,32.198,42.17,153,0,1042
2026-07-23 21:48:23,Cell_41,2.258,36.268,42.13,159,0,1028
2026-07-23 21:48:23,Cell_42,2.209,35.123,36.84,119,0,1064
2026-07-23 21:48:23,Cell_43,2.172,23.977,40.41,160,0,1025
2026-07-23 21:48:23,Cell_44,2.238,13.484,33.6,117,0,1066
2026-07-23 21:48:23,Cell_45,1.9,50.0,79.55,135,2,990
2026-07-23 21:48:23,Cell_46,2.149,40.299,60.0,81,1,1110
2026-07-23 21:48:23,Cell_47,2.217,25.385,38.43,159,0,1034
2026-07-23 21:48:23,Cell_48,2.169,22.886,36.14,79,0,1121
2026-07-23 21:48:23,Cell_49,2.18,21.052,32.42,159,0,1041
2026-07-23 21:48:23,Cell_5,2.151,15.849,35.2,145,0,1053
2026-07-23 21:48:23,Cell_50,2.258,21.527,29.45,208,0,986
2026-07-23 21:48:23,Cell_51,2.25,28.814,36.8,163,0,1034
2026-07-23 21:48:23,Cell_52,1.9,27.522,75.0,68,2,1086
2026-07-23 21:48:23,Cell_53,2.162,41.718,42.55,148,0,1051
2026-07-23 21:48:23,Cell_54,2.143,18.106,41.89,136,0,1056
2026-07-23 21:48:23,Cell_55,2.171,34.326,36.93,202,0,992
2026-07-23 21:48:23,Cell_6,2.246,27.762,41.16,147,0,1038
2026-07-23 21:48:23,Cell_7,2.203,30.173,40.78,164,0,1021
2026-07-23 21:48:23,Cell_8,2.26,8.766,25.13,114,0,1073
2026-07-23 21:48:23,Cell_9,2.277,6.488,29.81,99,0,1083
2026-07-23 21:50:23,Cell_1,2.157,28.085,41.22,208,0,985
2026-07-23 21:50:23,Cell_10,2.191,40.763,40.76,180,0,1012
2026-07-23 21:50:23,Cell_11,2.108,15.028,34.9,139,0,1042
2026-07-23 21:50:23,Cell_12,2.259,33.178,40.41,157,0,1036
2026-07-23 21:50:23,Cell_13,2.144,43.514,60.0,55,1,1139
2026-07-23 21:50:23,Cell_14,2.244,20.211,33.2,135,0,1057
2026-07-23 21:50:23,Cell_15,2.246,5.121,25.56,79,0,1117
2026-07-23 21:50:23,Cell_16,2.105,21.454,28.74,155,0,1032
2026-07-23 21:50:23,Cell_17,2.146,7.204,33.6,204,0,992
2026-07-23 21:50:23,Cell_18,2.3,24.242,37.28,165,0,1016
2026-07-23 21:50:23,Cell_19,2.255,42.367,43.53,139,0,1051
2026-07-23 21:50:23,Cell_2,2.171,34.695,39.18,140,0,1051
2026-07-23 21:50:23,Cell_20,2.224,2.664,25.74,156,0,1042
2026-07-23 21:50:23,Cell_21,2.224,32.088,36.28,66,0,1123
2026-07-23 21:50:23,Cell_22,2.17,42.178,46.59,172,0,1013
2026-07-23 21:50:23,Cell_23,2.235,30.844,35.8,173,0,1010
2026-07-23 21:50:23,Cell_24,2.215,41.286,36.48,191,0,1002
2026-07-23 21:50:23,Cell_25,2.202,25.136,36.45,112,0,1084
2026-07-23 21:50:23,Cell_26,2.195,15.618,34.61,208,0,973
2026-07-23 21:50:23,Cell_27,2.152,22.887,39.14,122,0,1078
2026-07-23 21:50:23,Cell_28,2.253,13.543,30.35,124,0,1059
2026-07-23 21:50:23,Cell_29,2.226,39.846,42.7,99,0,1101
2026-07-23 21:50:23,Cell_3,2.204,26.996,38.32,190,0,1006
2026-07-23 21:50:23,Cell_30,2.187,9.0,30.37,102,0,1090
2026-07-23 21:50:23,Cell_31,2.133,17.191,70.68,120,1,1014
2026-07-23 21:50:23,Cell_32,2.174,9.187,30.11,115,0,1085
2026-07-23 21:50:23,Cell_33,2.104,30.183,61.14,90,1,1055
2026-07-23 21:50:23,Cell_34,2.248,12.145,36.11,179,0,1003
2026-07-23 21:50:23,Cell_35,2.195,19.908,33.0,165,0,1023
2026-07-23 21:50:23,Cell_36,2.229,15.502,36.24,95,0,1089
2026-07-23 21:50:23,Cell_37,2.126,25.969,38.06,129,0,1059
2026-07-23 21:50:23,Cell_38,2.144,24.463,37.83,156,0,1038
2026-07-23 21:50:23,Cell_39,2.162,18.09,35.47,192,0,995
2026-07-23 21:50:23,Cell_4,2.166,26.28,31.53,169,0,1017
2026-07-23 21:50:23,Cell_40,2.273,0.0,30.01,153,0,1041
2026-07-23 21:50:23,Cell_41,2.162,44.194,42.9,159,0,1022
2026-07-23 21:50:23,Cell_42,2.25,23.769,37.4,119,0,1075
2026-07-23 21:50:23,Cell_43,2.173,14.511,37.06,160,0,1022
2026-07-23 21:50:23,Cell_44,2.172,27.642,37.65,117,0,1075
2026-07-23 21:50:23,Cell_45,2.3,37.898,37.58,135,0,1056
2026-07-23 21:50:23,Cell_46,1.9,24.541,75.0,81,2,1065
2026-07-23 21:50:23,Cell_47,2.203,20.812,32.34,159,0,1024
2026-07-23 21:50:23,Cell_48,2.244,25.658,31.96,79,0,1116
2026-07-23 21:50:23,Cell_49,2.193,29.408,37.76,159,0,1022
2026-07-23 21:50:23,Cell_5,2.211,4.168,27.05,145,0,1036
2026-07-23 21:50:23,Cell_50,2.152,27.783,37.59,208,0,988
2026-07-23 21:50:23,Cell_51,2.2,20.086,35.39,163,0,1026
2026-07-23 21:50:23,Cell_52,2.163,18.488,34.42,68,0,1118
2026-07-23 21:50:23,Cell_53,2.174,43.794,43.62,148,0,1048
2026-07-23 21:50:23,Cell_54,2.127,12.076,31.14,136,0,1050
2026-07-23 21:50:23,Cell_55,2.215,34.912,40.51,202,0,980
2026-07-23 21:50:23,Cell_6,2.145,42.582,43.12,147,0,1035
2026-07-23 21:50:23,Cell_7,2.158,25.85,33.93,164,0,1030
2026-07-23 21:50:23,Cell_8,2.162,25.007,35.57,114,0,1078
2026-07-23 21:50:23,Cell_9,2.262,25.691,38.77,99,0,1095
2026-07-23 21:52:23,Cell_1,2.153,22.842,37.93,208,0,977
2026-07-23 21:52:23,Cell_10,2.189,50.0,52.24,180,0,1015
2026-07-23 21:52:23,Cell_11,2.256,21.073,34.36,139,0,1055
2026-07-23 21:52:23,Cell_12,2.227,24.715,34.67,157,0,1032
2026-07-23 21:52:23,Cell_13,2.27,20.881,37.17,55,0,1126
2026-07-23 21:52:23,Cell_14,2.178,22.797,36.26,135,0,1065
2026-07-23 21:52:23,Cell_15,2.196,29.479,35.31,79,0,1107
2026-07-23 21:52:23,Cell_16,2.143,50.0,40.21,155,0,1041
2026-07-23 21:52:23,Cell_17,2.183,4.555,24.98,204,0,988
2026-07-23 21:52:23,Cell_18,2.09,19.431,38.44,165,0,1024
2026-07-23 21:52:23,Cell_19,2.191,24.102,39.1,139,0,1051
2026-07-23 21:52:23,Cell_2,2.138,24.552,36.41,140,0,1055
2026-07-23 21:52:23,Cell_20,2.191,41.347,42.79,156,0,1034
2026-07-23 21:52:23,Cell_21,2.3,16.6,30.67,66,0,1122
2026-07-23 21:52:23,Cell_22,2.138,22.77,37.35,173,0,1013
2026-07-23 21:52:23,Cell_23,2.081,32.068,41.18,173,0,1023
2026-07-23 21:52:23,Cell_24,2.193,19.503,34.63,191,0,991
2026-07-23 21:52:23,Cell_25,2.159,16.897,33.94,112,0,1074
2026-07-23 21:52:23,Cell_26,2.119,21.277,37.65,208,0,980
2026-07-23 21:52:23,Cell_27,2.3,28.04,36.24,122,0,1076
2026-07-23 21:52:23,Cell_28,2.204,23.479,39.14,124,0,1066
2026-07-23 21:52:23,Cell_29,2.258,26.095,43.89,99,0,1083
2026-07-23 21:52:23,Cell_3,2.215,32.284,40.32,191,0,1003
2026-07-23 21:52:23,Cell_30,2.231,15.263,29.18,102,0,1083
2026-07-23 21:52:23,Cell_31,2.202,28.253,36.53,120,0,1072
2026-07-23 21:52:23,Cell_32,2.221,37.291,37.44,115,0,1081
2026-07-23 21:52:23,Cell_33,2.219,25.351,35.79,90,0,1106
2026-07-23 21:52:23,Cell_34,2.266,20.598,32.61,179,0,1011
2026-07-23 21:52:23,Cell_35,2.205,31.624,37.95,165,0,1022
2026-07-23 21:52:23,Cell_36,2.21,35.163,43.17,95,0,1094
2026-07-23 21:52:23,Cell_37,2.169,16.053,34.26,130,0,1059
2026-07-23 21:52:23,Cell_38,2.145,30.929,37.72,156,0,1038
2026-07-23 21:52:23,Cell_39,2.136,28.157,34.07,192,0,992
2026-07-23 21:52:23,Cell_4,2.216,14.247,26.89,169,0,1027
2026-07-23 21:52:23,Cell_40,2.252,15.713,33.59,154,0,1044
2026-07-23 21:52:23,Cell_41,2.259,34.719,40.72,159,0,1036
2026-07-23 21:52:23,Cell_42,2.3,19.997,33.79,119,0,1072
2026-07-23 21:52:23,Cell_43,2.127,16.679,69.97,160,1,942
2026-07-23 21:52:23,Cell_44,2.194,30.392,39.28,117,0,1082
2026-07-23 21:52:23,Cell_45,2.163,26.486,38.54,135,0,1059
2026-07-23 21:52:23,Cell_46,2.248,36.13,38.14,81,0,1115
2026-07-23 21:52:23,Cell_47,2.224,18.751,34.19,159,0,1027
2026-07-23 21:52:23,Cell_48,2.034,19.492,70.41,79,1,1066
2026-07-23 21:52:23,Cell_49,2.189,11.022,31.24,159,0,1032
2026-07-23 21:52:23,Cell_5,2.204,50.0,43.89,145,0,1036
2026-07-23 21:52:23,Cell_50,2.183,35.512,43.18,208,0,974
2026-07-23 21:52:23,Cell_51,2.175,23.195,38.6,163,0,1029
2026-07-23 21:52:23,Cell_52,2.245,19.637,36.71,68,0,1121
2026-07-23 21:52:23,Cell_53,2.154,43.687,44.12,148,0,1043
2026-07-23 21:52:23,Cell_54,2.146,20.875,35.87,136,0,1048
2026-07-23 21:52:23,Cell_55,2.159,34.183,42.02,202,0,983
2026-07-23 21:52:23,Cell_6,2.171,25.66,39.03,147,0,1040
2026-07-23 21:52:23,Cell_7,2.118,31.446,41.22,164,0,1019
2026-07-23 21:52:23,Cell_8,2.115,36.603,40.72,114,0,1079
2026-07-23 21:52:23,Cell_9,2.276,36.125,45.22,99,0,1095
2026-07-23 21:54:23,Cell_1,2.081,11.606,35.95,208,0,983
2026-07-23 21:54:23,Cell_10,2.292,27.701,37.19,180,0,1007
2026-07-23 21:54:23,Cell_11,2.16,19.999,36.47,139,0,1042
2026-07-23 21:54:23,Cell_12,2.219,27.179,37.19,157,0,1034
2026-07-23 21:54:23,Cell_13,2.248,12.405,21.93,55,0,1141
2026-07-23 21:54:23,Cell_14,2.156,28.288,39.19,135,0,1053
2026-07-23 21:54:23,Cell_15,2.214,38.678,39.71,79,0,1115
2026-07-23 21:54:23,Cell_16,2.165,21.799,35.67,155,0,1033
2026-07-23 21:54:23,Cell_17,2.204,39.769,42.86,204,0,977
2026-07-23 21:54:23,Cell_18,2.269,13.36,32.64,165,0,1020
2026-07-23 21:54:23,Cell_19,2.159,16.52,33.77,139,0,1052
2026-07-23 21:54:23,Cell_2,2.188,39.761,45.16,140,0,1055
2026-07-23 21:54:23,Cell_20,2.3,39.23,40.67,156,0,1033
2026-07-23 21:54:23,Cell_21,2.223,30.748,35.4,66,0,1134
2026-07-23 21:54:23,Cell_22,2.124,38.411,40.66,174,0,1013
2026-07-23 21:54:23,Cell_23,1.982,14.84,60.0,173,1,1020
2026-07-23 21:54:23,Cell_24,1.875,38.669,78.07,191,2,913
2026-07-23 21:54:23,Cell_25,2.092,28.624,35.59,112,0,1081
2026-07-23 21:54:23,Cell_26,2.136,13.781,25.44,208,0,984
2026-07-23 21:54:23,Cell_27,2.183,25.649,34.61,122,0,1072
2026-07-23 21:54:23,Cell_28,2.202,21.678,33.61,124,0,1071
2026-07-23 21:54:23,Cell_29,2.128,45.53,39.54,99,0,1089
2026-07-23 21:54:23,Cell_3,2.19,35.196,42.14,191,0,998
2026-07-23 21:54:23,Cell_30,2.237,35.029,39.81,102,0,1087
2026-07-23 21:54:23,Cell_31,2.229,26.873,34.38,120,0,1070
2026-07-23 21:54:23,Cell_32,2.2,14.316,30.07,115,0,1081
2026-07-23 21:54:23,Cell_33,2.212,29.945,37.46,90,0,1094
2026-07-23 21:54:23,Cell_34,2.196,10.65,32.44,179,0,1002
2026-07-23 21:54:23,Cell_35,2.139,16.107,36.11,165,0,1016
2026-07-23 21:54:23,Cell_36,2.166,10.2,25.25,95,0,1098
2026-07-23 21:54:23,Cell_37,2.217,33.338,37.79,130,0,1055
2026-07-23 21:54:23,Cell_38,2.169,28.353,39.8,156,0,1029
2026-07-23 21:54:23,Cell_39,2.151,34.644,43.26,192,0,995
2026-07-23 21:54:23,Cell_4,2.3,33.499,41.08,169,0,1029
2026-07-23 21:54:23,Cell_40,2.244,25.942,40.19,154,0,1027
2026-07-23 21:54:23,Cell_41,2.172,39.976,39.03,159,0,1032
2026-07-23 21:54:23,Cell_42,2.158,22.043,26.29,119,0,1071
2026-07-23 21:54:23,Cell_43,2.289,33.217,42.25,160,0,1033
2026-07-23 21:54:23,Cell_44,2.208,24.194,33.1,117,0,1076
2026-07-23 21:54:23,Cell_45,1.9,38.376,81.9,135,2,980
2026-07-23 21:54:23,Cell_46,2.261,11.002,35.17,81,0,1109
2026-07-23 21:54:23,Cell_47,2.246,36.424,41.11,159,0,1028
2026-07-23 21:54:23,Cell_48,2.204,30.997,36.51,79,0,1102
2026-07-23 21:54:23,Cell_49,2.169,27.775,32.39,159,0,1026
2026-07-23 21:54:23,Cell_5,2.202,24.706,34.62,145,0,1046
2026-07-23 21:54:23,Cell_50,2.189,34.967,34.67,208,0,978
2026-07-23 21:54:23,Cell_51,2.232,29.929,37.52,163,0,1023
2026-07-23 21:54:23,Cell_52,2.27,26.725,37.15,68,0,1115
2026-07-23 21:54:23,Cell_53,2.245,35.116,41.36,148,0,1047
2026-07-23 21:54:23,Cell_54,2.233,16.052,34.0,136,0,1061
2026-07-23 21:54:23,Cell_55,2.191,0.0,25.88,202,0,997
2026-07-23 21:54:23,Cell_6,2.158,6.476,26.73,147,0,1052
2026-07-23 21:54:23,Cell_7,2.192,36.325,44.76,164,0,1030
2026-07-23 21:54:23,Cell_8,2.216,24.08,39.63,114,0,1073
2026-07-23 21:54:23,Cell_9,2.159,14.888,35.68,99,0,1100
2026-07-23 21:56:23,Cell_1,2.292,20.285,33.79,208,0,978
2026-07-23 21:56:23,Cell_10,2.184,30.889,43.17,180,0,1005
2026-07-23 21:56:23,Cell_11,2.187,47.233,39.54,139,0,1059
2026-07-23 21:56:23,Cell_12,2.173,40.019,49.26,157,0,1035
2026-07-23 21:56:23,Cell_13,2.233,36.775,42.22,55,0,1128
2026-07-23 21:56:23,Cell_14,2.144,33.595,44.2,135,0,1061
2026-07-23 21:56:23,Cell_15,2.154,45.509,43.7,79,0,1114
2026-07-23 21:56:23,Cell_16,2.218,21.635,38.17,155,0,1036
2026-07-23 21:56:23,Cell_17,2.164,30.72,39.19,204,0,991
2026-07-23 21:56:23,Cell_18,2.155,6.847,31.14,165,0,1027
2026-07-23 21:56:23,Cell_19,2.188,13.275,35.64,139,0,1058
2026-07-23 21:56:23,Cell_2,2.254,31.087,40.63,140,0,1042
2026-07-23 21:56:23,Cell_20,2.233,24.698,33.62,156,0,1036
2026-07-23 21:56:23,Cell_21,2.251,17.444,30.91,66,0,1132
2026-07-23 21:56:23,Cell_22,2.202,20.336,34.29,174,0,1013
2026-07-23 21:56:23,Cell_23,2.226,22.845,35.6,174,0,1011
2026-07-23 21:56:23,Cell_24,2.162,24.037,41.37,191,0,1003
2026-07-23 21:56:23,Cell_25,2.232,20.068,29.79,112,0,1082
2026-07-23 21:56:23,Cell_26,2.291,36.826,45.32,208,0,978
2026-07-23 21:56:23,Cell_27,2.203,22.182,36.96,122,0,1069
2026-07-23 21:56:23,Cell_28,2.156,20.981,29.67,124,0,1068
2026-07-23 21:56:23,Cell_29,2.116,17.813,29.38,99,0,1101
2026-07-23 21:56:23,Cell_3,2.177,29.621,35.17,191,0,995
2026-07-23 21:56:23,Cell_30,2.237,36.805,44.0,102,0,1080
2026-07-23 21:56:23,Cell_31,2.183,31.687,39.05,120,0,1069
2026-07-23 21:56:23,Cell_32,2.22,24.406,39.12,115,0,1082
2026-07-23 21:56:23,Cell_33,2.28,40.662,42.73,90,0,1104
2026-07-23 21:56:23,Cell_34,2.217,18.94,33.93,179,0,1005
2026-07-23 21:56:23,Cell_35,2.128,33.41,38.79,165,0,1034
2026-07-23 21:56:23,Cell_36,2.124,37.236,42.57,95,0,1095
2026-07-23 21:56:23,Cell_37,2.243,46.234,47.97,130,0,1055
2026-07-23 21:56:23,Cell_38,2.174,32.732,38.47,156,0,1044
2026-07-23 21:56:23,Cell_39,2.265,17.205,36.09,192,0,997
2026-07-23 21:56:23,Cell_4,2.223,22.645,32.46,169,0,1027
2026-07-23 21:56:23,Cell_40,2.202,35.265,39.99,154,0,1032
2026-07-23 21:56:23,Cell_41,2.212,18.383,32.45,159,0,1032
2026-07-23 21:56:23,Cell_42,2.168,14.253,35.92,119,0,1078
2026-07-23 21:56:23,Cell_43,2.213,25.416,40.11,160,0,1032
2026-07-23 21:56:23,Cell_44,2.293,18.549,34.57,117,0,1067
2026-07-23 21:56:23,Cell_45,2.206,14.392,35.31,135,0,1049
2026-07-23 21:56:23,Cell_46,1.815,37.176,76.86,81,2,1072
2026-07-23 21:56:23,Cell_47,2.182,23.825,32.86,159,0,1035
2026-07-23 21:56:23,Cell_48,2.22,35.191,35.69,79,0,1111
2026-07-23 21:56:23,Cell_49,2.189,18.036,32.53,159,0,1040
2026-07-23 21:56:23,Cell_5,2.133,34.358,60.0,145,1,1044
2026-07-23 21:56:23,Cell_50,2.062,27.28,35.08,208,0,992
2026-07-23 21:56:23,Cell_51,2.26,33.383,37.05,163,0,1036
2026-07-23 21:56:23,Cell_52,2.122,15.912,36.24,68,0,1118
2026-07-23 21:56:23,Cell_53,2.174,15.552,35.1,148,0,1045
2026-07-23 21:56:23,Cell_54,2.037,17.093,69.76,137,1,982
2026-07-23 21:56:23,Cell_55,2.159,35.7,44.02,202,0,995
2026-07-23 21:56:23,Cell_6,2.261,22.714,28.39,147,0,1038
2026-07-23 21:56:23,Cell_7,2.163,25.438,32.81,164,0,1032
2026-07-23 21:56:23,Cell_8,2.247,24.603,38.92,114,0,1067
2026-07-23 21:56:23,Cell_9,2.218,34.008,40.14,99,0,1100
2026-07-23 21:58:23,Cell_1,2.126,9.417,27.65,208,0,978
2026-07-23 21:58:23,Cell_10,2.269,22.396,40.47,180,0,1014
2026-07-23 21:58:23,Cell_11,2.135,11.384,32.84,139,0,1043
2026-07-23 21:58:23,Cell_12,2.254,35.643,42.64,157,0,1027
2026-07-23 21:58:23,Cell_13,2.204,23.366,33.94,55,0,1132
2026-07-23 21:58:23,Cell_14,2.153,12.314,68.37,135,1,984
2026-07-23 21:58:23,Cell_15,2.149,16.05,60.0,79,1,1109
2026-07-23 21:58:23,Cell_16,2.205,17.616,36.66,155,0,1026
2026-07-23 21:58:23,Cell_17,2.226,28.254,38.97,204,0,982
2026-07-23 21:58:23,Cell_18,2.165,29.52,42.41,165,0,1018
2026-07-23 21:58:23,Cell_19,2.145,24.599,37.27,139,0,1043
2026-07-23 21:58:23,Cell_2,2.186,14.183,29.19,140,0,1044
2026-07-23 21:58:23,Cell_20,2.24,15.209,33.92,156,0,1037
2026-07-23 21:58:23,Cell_21,2.282,22.412,39.34,66,0,1130
2026-07-23 21:58:23,Cell_22,2.222,29.466,38.45,175,0,1016
2026-07-23 21:58:23,Cell_23,2.065,19.798,39.06,174,0,1010
2026-07-23 21:58:23,Cell_24,2.184,12.247,31.04,191,0,1001
2026-07-23 21:58:23,Cell_25,1.802,48.549,80.27,113,2,1026
2026-07-23 21:58:23,Cell_26,2.183,14.563,32.68,208,0,979
2026-07-23 21:58:23,Cell_27,2.198,13.831,34.39,122,0,1069
2026-07-23 21:58:23,Cell_28,2.177,13.606,34.9,124,0,1063
2026-07-23 21:58:23,Cell_29,2.3,12.972,33.54,100,0,1099
2026-07-23 21:58:23,Cell_3,2.139,22.786,36.36,191,0,993
2026-07-23 21:58:23,Cell_30,2.18,43.626,40.66,102,0,1095
2026-07-23 21:58:23,Cell_31,2.209,44.049,43.16,120,0,1075
2026-07-23 21:58:23,Cell_32,2.227,10.135,27.41,115,0,1070
2026-07-23 21:58:23,Cell_33,2.212,32.517,36.46,90,0,1092
2026-07-23 21:58:23,Cell_34,2.208,29.705,40.09,179,0,1016
2026-07-23 21:58:23,Cell_35,2.244,25.285,39.92,165,0,1034
2026-07-23 21:58:23,Cell_36,2.141,29.017,37.46,95,0,1087
2026-07-23 21:58:23,Cell_37,2.174,10.621,32.91,130,0,1070
2026-07-23 21:58:23,Cell_38,2.19,27.173,35.37,156,0,1042
2026-07-23 21:58:23,Cell_39,2.207,15.649,36.04,192,0,998
2026-07-23 21:58:23,Cell_4,2.201,17.087,28.59,169,0,1028
2026-07-23 21:58:23,Cell_40,2.198,29.336,40.76,154,0,1034
2026-07-23 21:58:23,Cell_41,2.273,18.985,29.19,159,0,1032
2026-07-23 21:58:23,Cell_42,2.202,10.026,29.63,119,0,1063
2026-07-23 21:58:23,Cell_43,2.221,22.988,33.2,160,0,1023
2026-07-23 21:58:23,Cell_44,2.175,15.881,31.49,117,0,1079
2026-07-23 21:58:23,Cell_45,2.189,20.454,32.09,135,0,1054
2026-07-23 21:58:23,Cell_46,2.192,12.8,32.27,81,0,1119
2026-07-23 21:58:23,Cell_47,2.19,19.935,35.25,159,0,1022
2026-07-23 21:58:23,Cell_48,2.261,30.703,36.2,79,0,1121
2026-07-23 21:58:23,Cell_49,2.157,19.137,31.73,159,0,1030
2026-07-23 21:58:23,Cell_5,2.246,26.768,34.42,145,0,1051
2026-07-23 21:58:23,Cell_50,2.112,18.864,36.61,208,0,986
2026-07-23 21:58:23,Cell_51,2.112,29.287,39.67,163,0,1020
2026-07-23 21:58:23,Cell_52,2.156,29.728,33.21,68,0,1126
2026-07-23 21:58:23,Cell_53,2.052,26.556,68.6,148,1,959
2026-07-23 21:58:23,Cell_54,2.242,10.534,25.71,137,0,1045
2026-07-23 21:58:23,Cell_55,2.145,19.404,38.26,202,0,981
2026-07-23 21:58:23,Cell_6,2.261,28.651,41.9,147,0,1035
2026-07-23 21:58:23,Cell_7,2.154,26.999,35.93,164,0,1026
2026-07-23 21:58:23,Cell_8,2.211,15.498,31.2,114,0,1085
2026-07-23 21:58:23,Cell_9,2.161,22.792,32.95,99,0,1086
2026-07-23 22:00:23,Cell_1,2.203,20.614,34.76,208,0,975
2026-07-23 22:00:23,Cell_10,2.17,28.231,41.51,180,0,1014
2026-07-23 22:00:23,Cell_11,2.172,15.748,60.0,139,1,1060
2026-07-23 22:00:23,Cell_12,2.125,13.627,71.68,157,1,961
2026-07-23 22:00:23,Cell_13,2.224,22.792,41.47,55,0,1126
2026-07-23 22:00:23,Cell_14,2.157,19.81,33.89,135,0,1056
2026-07-23 22:00:23,Cell_15,2.186,21.948,66.16,79,1,1066
2026-07-23 22:00:23,Cell_16,2.136,40.147,39.62,155,0,1041
2026-07-23 22:00:23,Cell_17,2.199,16.238,34.14,204,0,995
2026-07-23 22:00:23,Cell_18,2.203,20.178,28.67,166,0,1018
2026-07-23 22:00:23,Cell_19,2.238,0.0,27.13,139,0,1046
2026-07-23 22:00:23,Cell_2,2.14,18.679,31.2,140,0,1056
2026-07-23 22:00:23,Cell_20,2.129,28.923,37.2,156,0,1038
2026-07-23 22:00:23,Cell_21,2.219,21.509,38.04,66,0,1120
2026-07-23 22:00:23,Cell_22,2.131,28.842,37.6,175,0,1010
2026-07-23 22:00:23,Cell_23,2.247,29.727,36.63,174,0,1010
2026-07-23 22:00:23,Cell_24,2.162,15.85,34.22,191,0,997
2026-07-23 22:00:23,Cell_25,2.203,13.969,37.88,113,0,1077
2026-07-23 22:00:23,Cell_26,2.131,19.574,32.71,208,0,989
2026-07-23 22:00:23,Cell_27,2.219,36.89,42.78,122,0,1069
2026-07-23 22:00:23,Cell_28,2.189,38.162,43.26,124,0,1064
2026-07-23 22:00:23,Cell_29,2.211,37.055,35.89,100,0,1098
2026-07-23 22:00:23,Cell_3,2.155,16.318,31.72,191,0,993
2026-07-23 22:00:23,Cell_30,2.242,40.143,48.9,102,0,1092
2026-07-23 22:00:23,Cell_31,2.262,27.668,40.58,120,0,1068
2026-07-23 22:00:23,Cell_32,2.243,32.912,36.78,115,0,1082
2026-07-23 22:00:23,Cell_33,2.245,21.499,37.07,90,0,1100
2026-07-23 22:00:23,Cell_34,2.123,13.482,31.44,179,0,1009
2026-07-23 22:00:23,Cell_35,2.16,28.01,34.16,165,0,1016
2026-07-23 22:00:23,Cell_36,2.198,30.176,34.26,95,0,1102
2026-07-23 22:00:23,Cell_37,2.237,11.024,30.18,130,0,1053
2026-07-23 22:00:23,Cell_38,2.144,25.575,35.23,156,0,1043
2026-07-23 22:00:23,Cell_39,2.122,8.657,28.54,192,0,1001
2026-07-23 22:00:23,Cell_4,2.209,22.898,37.18,169,0,1029
2026-07-23 22:00:23,Cell_40,2.223,30.193,37.64,154,0,1030
2026-07-23 22:00:23,Cell_41,2.263,24.413,36.93,159,0,1033
2026-07-23 22:00:23,Cell_42,1.893,46.199,81.03,120,2,1009
2026-07-23 22:00:23,Cell_43,2.211,14.87,29.77,160,0,1029
2026-07-23 22:00:23,Cell_44,2.257,38.964,42.66,117,0,1068
2026-07-23 22:00:23,Cell_45,2.244,28.777,40.56,135,0,1054
2026-07-23 22:00:23,Cell_46,2.144,32.371,44.4,81,0,1109
2026-07-23 22:00:23,Cell_47,2.109,10.609,31.65,159,0,1036
2026-07-23 22:00:23,Cell_48,2.228,38.497,42.58,79,0,1121
2026-07-23 22:00:23,Cell_49,2.21,6.399,26.32,159,0,1036
2026-07-23 22:00:23,Cell_5,2.167,33.943,34.36,145,0,1041
2026-07-23 22:00:23,Cell_50,2.196,26.638,41.91,209,0,974
2026-07-23 22:00:23,Cell_51,2.151,17.875,33.67,163,0,1020
2026-07-23 22:00:23,Cell_52,2.23,24.416,39.55,68,0,1130
2026-07-23 22:00:23,Cell_53,2.191,18.51,31.56,148,0,1036
2026-07-23 22:00:23,Cell_54,2.264,20.592,32.9,137,0,1056
2026-07-23 22:00:23,Cell_55,2.088,35.976,44.0,202,0,988
2026-07-23 22:00:23,Cell_6,2.213,41.898,39.87,147,0,1043
2026-07-23 22:00:23,Cell_7,2.168,21.343,35.94,164,0,1034
2026-07-23 22:00:23,Cell_8,2.18,26.888,35.42,114,0,1079
2026-07-23 22:00:23,Cell_9,2.172,15.774,32.99,99,0,1098
2026-07-23 22:02:23,Cell_1,2.206,35.652,39.06,209,0,972
2026-07-23 22:02:23,Cell_10,2.264,28.386,38.45,180,0,1020
2026-07-23 22:02:23,Cell_11,2.178,32.846,37.19,139,0,1052
2026-07-23 22:02:23,Cell_12,2.191,12.317,30.9,157,0,1037
2026-07-23 22:02:23,Cell_13,2.278,32.423,38.94,56,0,1133
2026-07-23 22:02:23,Cell_14,2.23,17.976,36.98,135,0,1065
2026-07-23 22:02:23,Cell_15,2.242,18.468,29.14,79,0,1106
2026-07-23 22:02:23,Cell_16,2.235,33.385,42.86,155,0,1030
2026-07-23 22:02:23,Cell_17,2.238,34.662,40.84,204,0,981
2026-07-23 22:02:23,Cell_18,2.194,14.317,27.21,166,0,1027
2026-07-23 22:02:23,Cell_19,2.263,13.748,33.86,139,0,1043
2026-07-23 22:02:23,Cell_2,2.167,28.334,33.03,140,0,1059
2026-07-23 22:02:23,Cell_20,2.162,20.841,37.11,156,0,1029
2026-07-23 22:02:23,Cell_21,2.257,14.694,31.39,66,0,1128
2026-07-23 22:02:23,Cell_22,2.152,23.885,33.28,175,0,1020
2026-07-23 22:02:23,Cell_23,2.243,24.008,35.52,174,0,1018
2026-07-23 22:02:23,Cell_24,2.17,32.007,42.42,191,0,1001
2026-07-23 22:02:23,Cell_25,1.9,42.348,78.28,113,2,1023
2026-07-23 22:02:23,Cell_26,2.274,17.551,31.7,208,0,987
2026-07-23 22:02:23,Cell_27,2.252,12.914,32.45,122,0,1059
2026-07-23 22:02:23,Cell_28,2.264,19.864,28.63,124,0,1070
2026-07-23 22:02:23,Cell_29,2.216,41.916,42.51,100,0,1090
2026-07-23 22:02:23,Cell_3,2.164,16.095,32.87,191,0,999
2026-07-23 22:02:23,Cell_30,2.249,36.956,39.83,102,0,1090
2026-07-23 22:02:23,Cell_31,2.267,31.413,44.37,120,0,1077
2026-07-23 22:02:23,Cell_32,2.212,21.659,33.9,115,0,1082
2026-07-23 22:02:23,Cell_33,2.223,22.79,35.7,90,0,1104
2026-07-23 22:02:23,Cell_34,2.241,20.326,35.47,179,0,1009
2026-07-23 22:02:23,Cell_35,2.147,33.304,39.52,165,0,1030
2026-07-23 22:02:23,Cell_36,2.241,23.378,35.73,95,0,1092
2026-07-23 22:02:23,Cell_37,2.211,41.631,34.58,130,0,1062
2026-07-23 22:02:23,Cell_38,2.142,41.424,45.38,157,0,1036
2026-07-23 22:02:23,Cell_39,1.9,15.346,82.34,192,2,898
2026-07-23 22:02:23,Cell_4,2.131,31.125,39.14,169,0,1024
2026-07-23 22:02:23,Cell_40,2.251,28.869,37.65,154,0,1034
2026-07-23 22:02:23,Cell_41,2.288,16.726,34.93,159,0,1036
2026-07-23 22:02:23,Cell_42,2.199,0.0,22.05,121,0,1068
2026-07-23 22:02:23,Cell_43,2.26,38.648,42.76,160,0,1023
2026-07-23 22:02:23,Cell_44,2.132,26.472,71.37,117,1,1022
2026-07-23 22:02:23,Cell_45,2.276,48.166,45.91,135,0,1065
2026-07-23 22:02:23,Cell_46,2.207,26.382,36.47,81,0,1102
2026-07-23 22:02:23,Cell_47,2.242,26.906,43.74,159,0,1033
2026-07-23 22:02:23,Cell_48,2.223,8.236,30.22,79,0,1104
2026-07-23 22:02:23,Cell_49,2.123,21.774,32.9,159,0,1028
2026-07-23 22:02:23,Cell_5,2.185,27.899,42.19,145,0,1037
2026-07-23 22:02:23,Cell_50,2.189,12.05,36.89,209,0,989
2026-07-23 22:02:23,Cell_51,2.105,33.291,38.11,163,0,1033
2026-07-23 22:02:23,Cell_52,2.146,22.036,39.1,68,0,1114
2026-07-23 22:02:23,Cell_53,2.214,33.57,43.07,149,0,1050
2026-07-23 22:02:23,Cell_54,2.255,24.106,34.67,137,0,1053
2026-07-23 22:02:23,Cell_55,2.164,16.953,31.26,202,0,988
2026-07-23 22:02:23,Cell_6,2.189,27.646,36.04,147,0,1049
2026-07-23 22:02:23,Cell_7,2.216,25.681,36.64,164,0,1021
2026-07-23 22:02:23,Cell_8,2.206,28.687,36.29,114,0,1086
2026-07-23 22:02:23,Cell_9,1.9,37.376,75.0,99,2,1034
2026-07-23 22:04:23,Cell_1,2.193,17.754,28.4,209,0,972
2026-07-23 22:04:23,Cell_10,2.138,25.355,36.19,180,0,1008
2026-07-23 22:04:23,Cell_11,2.171,0.0,27.19,139,0,1051
2026-07-23 22:04:23,Cell_12,2.201,31.774,38.74,157,0,1037
2026-07-23 22:04:23,Cell_13,2.19,29.405,44.5,57,0,1142
2026-07-23 22:04:23,Cell_14,2.284,18.88,34.35,135,0,1056
2026-07-23 22:04:23,Cell_15,2.15,28.748,36.96,79,0,1103
2026-07-23 22:04:23,Cell_16,2.181,35.198,66.41,155,1,955
2026-07-23 22:04:23,Cell_17,2.176,21.412,32.6,204,0,996
2026-07-23 22:04:23,Cell_18,2.185,15.285,36.74,166,0,1022
2026-07-23 22:04:23,Cell_19,2.25,15.06,32.66,140,0,1044
2026-07-23 22:04:23,Cell_2,2.221,27.79,35.6,140,0,1050
2026-07-23 22:04:23,Cell_20,2.212,22.176,40.2,156,0,1032
2026-07-23 22:04:23,Cell_21,2.287,32.297,36.51,66,0,1127
2026-07-23 22:04:23,Cell_22,2.269,17.64,34.13,175,0,1016
2026-07-23 22:04:23,Cell_23,2.156,28.07,37.49,174,0,1016
2026-07-23 22:04:23,Cell_24,2.151,22.96,35.67,191,0,992
2026-07-23 22:04:23,Cell_25,2.199,14.929,30.41,113,0,1069
2026-07-23 22:04:23,Cell_26,2.118,17.511,37.95,208,0,980
2026-07-23 22:04:23,Cell_27,2.174,23.994,32.64,122,0,1068
2026-07-23 22:04:23,Cell_28,2.219,29.045,33.26,124,0,1058
2026-07-23 22:04:23,Cell_29,2.159,14.585,36.58,100,0,1094
2026-07-23 22:04:23,Cell_3,2.241,26.822,40.55,191,0,992
2026-07-23 22:04:23,Cell_30,2.273,0.0,22.84,102,0,1095
2026-07-23 22:04:23,Cell_31,2.253,28.073,38.83,120,0,1075
2026-07-23 22:04:23,Cell_32,2.187,24.681,34.31,115,0,1076
2026-07-23 22:04:23,Cell_33,2.195,0.0,25.66,90,0,1094
2026-07-23 22:04:23,Cell_34,2.188,28.503,38.16,179,0,1008
2026-07-23 22:04:23,Cell_35,2.253,28.119,37.34,165,0,1018
2026-07-23 22:04:23,Cell_36,1.9,42.347,84.3,95,2,1048
2026-07-23 22:04:23,Cell_37,2.13,28.388,39.33,130,0,1056
2026-07-23 22:04:23,Cell_38,2.21,30.875,35.95,157,0,1025
2026-07-23 22:04:23,Cell_39,2.271,37.25,40.79,192,0,1007
2026-07-23 22:04:23,Cell_4,2.228,17.362,38.29,169,0,1024
2026-07-23 22:04:23,Cell_40,2.17,50.0,42.97,154,0,1037
2026-07-23 22:04:23,Cell_41,2.18,24.272,38.87,159,0,1028
2026-07-23 22:04:23,Cell_42,1.892,45.695,80.44,121,2,1011
2026-07-23 22:04:23,Cell_43,2.185,18.502,34.78,160,0,1031
2026-07-23 22:04:23,Cell_44,2.3,37.275,38.18,117,0,1067
2026-07-23 22:04:23,Cell_45,2.259,17.353,33.15,135,0,1063
2026-07-23 22:04:23,Cell_46,2.277,23.214,31.98,81,0,1119
2026-07-23 22:04:23,Cell_47,2.211,13.625,31.57,159,0,1031
2026-07-23 22:04:23,Cell_48,2.275,30.589,41.82,79,0,1105
2026-07-23 22:04:23,Cell_49,2.158,25.573,38.63,159,0,1038
2026-07-23 22:04:23,Cell_5,2.172,17.107,35.26,145,0,1044
2026-07-23 22:04:23,Cell_50,2.144,29.756,35.35,209,0,972
2026-07-23 22:04:23,Cell_51,2.238,13.041,27.81,163,0,1024
2026-07-23 22:04:23,Cell_52,2.179,30.023,38.17,68,0,1117
2026-07-23 22:04:23,Cell_53,2.198,6.68,27.63,149,0,1050
2026-07-23 22:04:23,Cell_54,1.858,50.0,76.95,137,2,983
2026-07-23 22:04:23,Cell_55,2.155,23.544,39.39,202,0,988
2026-07-23 22:04:23,Cell_6,2.236,25.03,32.52,147,0,1042
2026-07-23 22:04:23,Cell_7,1.9,38.603,83.3,164,2,939
2026-07-23 22:04:23,Cell_8,2.149,35.971,38.26,114,0,1081
2026-07-23 22:04:23,Cell_9,2.221,19.113,32.75,99,0,1092
2026-07-23 22:06:23,Cell_1,2.177,32.062,41.55,209,0,989
2026-07-23 22:06:23,Cell_10,2.131,22.829,37.95,180,0,1010
2026-07-23 22:06:23,Cell_11,2.182,29.092,39.08,139,0,1043
2026-07-23 22:06:23,Cell_12,2.233,22.067,35.99,157,0,1043
2026-07-23 22:06:23,Cell_13,1.9,32.763,81.98,57,2,1102
2026-07-23 22:06:23,Cell_14,2.185,7.141,29.5,135,0,1063
2026-07-23 22:06:23,Cell_15,2.141,19.381,37.44,79,0,1118
2026-07-23 22:06:23,Cell_16,2.107,18.112,67.65,155,1,951
2026-07-23 22:06:23,Cell_17,2.195,11.129,30.81,204,0,979
2026-07-23 22:06:23,Cell_18,2.208,15.054,33.13,166,0,1029
2026-07-23 22:06:23,Cell_19,2.21,16.084,32.83,140,0,1059
2026-07-23 22:06:23,Cell_2,2.285,22.742,29.96,140,0,1060
2026-07-23 22:06:23,Cell_20,2.291,16.198,35.14,156,0,1042
2026-07-23 22:06:23,Cell_21,2.129,17.554,63.49,66,1,1088
2026-07-23 22:06:23,Cell_22,2.231,9.238,29.5,175,0,1019
2026-07-23 22:06:23,Cell_23,2.191,50.0,47.59,174,0,1026
2026-07-23 22:06:23,Cell_24,2.218,28.277,38.96,191,0,996
2026-07-23 22:06:23,Cell_25,2.216,9.142,27.65,113,0,1075
2026-07-23 22:06:23,Cell_26,2.19,0.0,28.66,208,0,973
2026-07-23 22:06:23,Cell_27,2.19,28.843,35.12,122,0,1064
2026-07-23 22:06:23,Cell_28,2.133,37.691,36.66,124,0,1068
2026-07-23 22:06:23,Cell_29,2.22,33.71,42.87,100,0,1093
2026-07-23 22:06:23,Cell_3,2.168,14.981,33.1,191,0,996
2026-07-23 22:06:23,Cell_30,2.231,35.584,34.21,102,0,1097
2026-07-23 22:06:23,Cell_31,2.178,37.618,37.91,120,0,1062
2026-07-23 22:06:23,Cell_32,2.286,16.421,30.58,116,0,1071
2026-07-23 22:06:23,Cell_33,2.202,29.35,33.56,90,0,1107
2026-07-23 22:06:23,Cell_34,2.165,27.246,40.32,179,0,1004
2026-07-23 22:06:23,Cell_35,2.273,27.48,36.15,165,0,1029
2026-07-23 22:06:23,Cell_36,2.115,15.622,32.32,95,0,1092
2026-07-23 22:06:23,Cell_37,2.23,15.756,31.88,130,0,1067
2026-07-23 22:06:23,Cell_38,2.086,38.789,73.71,157,1,960
2026-07-23 22:06:23,Cell_39,2.222,22.47,33.82,192,0,993
2026-07-23 22:06:23,Cell_4,2.068,8.823,29.76,169,0,1020
2026-07-23 22:06:23,Cell_40,1.825,27.466,78.61,154,2,962
2026-07-23 22:06:23,Cell_41,2.216,26.33,35.08,159,0,1039
2026-07-23 22:06:23,Cell_42,2.147,14.87,31.19,121,0,1063
2026-07-23 22:06:23,Cell_43,2.212,36.582,44.71,160,0,1031
2026-07-23 22:06:23,Cell_44,2.3,16.075,36.39,117,0,1079
2026-07-23 22:06:23,Cell_45,2.149,21.188,34.6,135,0,1056
2026-07-23 22:06:23,Cell_46,2.118,28.025,36.59,81,0,1100
2026-07-23 22:06:23,Cell_47,2.153,15.487,34.46,159,0,1039
2026-07-23 22:06:23,Cell_48,2.19,40.478,39.67,79,0,1121
2026-07-23 22:06:23,Cell_49,2.201,32.549,35.19,159,0,1031
2026-07-23 22:06:23,Cell_5,2.242,26.736,36.9,145,0,1055
2026-07-23 22:06:23,Cell_50,2.18,27.55,35.72,209,0,986
2026-07-23 22:06:23,Cell_51,2.174,23.102,38.78,163,0,1030
2026-07-23 22:06:23,Cell_52,2.237,12.948,33.94,68,0,1121
2026-07-23 22:06:23,Cell_53,2.237,29.08,30.54,149,0,1049
2026-07-23 22:06:23,Cell_54,2.141,19.342,28.24,137,0,1044
2026-07-23 22:06:23,Cell_55,2.137,20.119,33.8,202,0,982
2026-07-23 22:06:23,Cell_6,2.242,9.22,29.57,147,0,1047
2026-07-23 22:06:23,Cell_7,1.962,35.11,66.97,164,1,954
2026-07-23 22:06:23,Cell_8,2.088,11.272,66.57,114,1,1012
2026-07-23 22:06:23,Cell_9,2.178,23.795,31.77,99,0,1099
2026-07-23 22:08:23,Cell_1,2.124,21.429,31.62,209,0,984
2026-07-23 22:08:23,Cell_10,2.209,21.49,34.13,181,0,1012
2026-07-23 22:08:23,Cell_11,2.254,24.756,35.02,139,0,1057
2026-07-23 22:08:23,Cell_12,2.211,39.331,40.12,157,0,1025
2026-07-23 22:08:23,Cell_13,2.19,25.405,34.18,57,0,1127
2026-07-23 22:08:23,Cell_14,2.3,32.717,38.81,135,0,1058
2026-07-23 22:08:23,Cell_15,2.241,22.111,34.13,79,0,1106
2026-07-23 22:08:23,Cell_16,2.293,28.151,40.45,155,0,1029
2026-07-23 22:08:23,Cell_17,2.236,40.554,43.45,204,0,979
2026-07-23 22:08:23,Cell_18,2.147,23.371,32.3,167,0,1018
2026-07-23 22:08:23,Cell_19,2.195,33.471,40.13,140,0,1050
2026-07-23 22:08:23,Cell_2,2.251,28.686,38.35,140,0,1050
2026-07-23 22:08:23,Cell_20,2.147,23.507,34.43,156,0,1033
2026-07-23 22:08:23,Cell_21,2.086,10.929,27.31,66,0,1121
2026-07-23 22:08:23,Cell_22,2.267,23.436,37.42,175,0,1018
2026-07-23 22:08:23,Cell_23,2.157,26.013,40.03,174,0,1014
2026-07-23 22:08:23,Cell_24,2.225,30.628,45.9,191,0,1002
2026-07-23 22:08:23,Cell_25,2.199,11.72,32.74,113,0,1085
2026-07-23 22:08:23,Cell_26,2.156,9.966,31.96,208,0,989
2026-07-23 22:08:23,Cell_27,2.237,28.957,33.27,122,0,1059
2026-07-23 22:08:23,Cell_28,2.167,23.598,34.76,124,0,1057
2026-07-23 22:08:23,Cell_29,2.289,30.034,42.17,100,0,1092
2026-07-23 22:08:23,Cell_3,2.178,26.352,38.28,191,0,990
2026-07-23 22:08:23,Cell_30,2.269,36.6,38.59,102,0,1091
2026-07-23 22:08:23,Cell_31,2.213,32.295,39.52,120,0,1078
2026-07-23 22:08:23,Cell_32,2.3,35.503,37.5,116,0,1073
2026-07-23 22:08:23,Cell_33,2.181,35.134,39.39,90,0,1097
2026-07-23 22:08:23,Cell_34,2.248,41.457,43.31,179,0,1007
2026-07-23 22:08:23,Cell_35,2.182,26.172,40.89,165,0,1031
2026-07-23 22:08:23,Cell_36,2.272,9.9,31.35,95,0,1102
2026-07-23 22:08:23,Cell_37,2.233,7.277,29.46,130,0,1062
2026-07-23 22:08:23,Cell_38,2.215,23.022,36.0,157,0,1034
2026-07-23 22:08:23,Cell_39,2.235,27.808,34.49,192,0,994
2026-07-23 22:08:23,Cell_4,2.171,1.393,27.64,169,0,1017
2026-07-23 22:08:23,Cell_40,2.078,18.136,32.89,154,0,1035
2026-07-23 22:08:23,Cell_41,2.21,24.161,34.41,159,0,1029
2026-07-23 22:08:23,Cell_42,2.294,31.879,36.02,121,0,1064
2026-07-23 22:08:23,Cell_43,2.157,44.01,52.54,160,0,1028
2026-07-23 22:08:23,Cell_44,2.16,34.424,36.16,117,0,1083
2026-07-23 22:08:23,Cell_45,2.228,37.557,41.36,135,0,1050
2026-07-23 22:08:23,Cell_46,2.237,14.998,35.53,81,0,1105
2026-07-23 22:08:23,Cell_47,2.228,50.0,43.95,159,0,1033
2026-07-23 22:08:23,Cell_48,2.193,24.074,39.97,79,0,1118
2026-07-23 22:08:23,Cell_49,2.152,23.596,34.39,159,0,1033
2026-07-23 22:08:23,Cell_5,2.116,24.193,32.26,145,0,1050
2026-07-23 22:08:23,Cell_50,2.159,18.017,36.26,209,0,983
2026-07-23 22:08:23,Cell_51,2.134,35.438,39.78,163,0,1024
2026-07-23 22:08:23,Cell_52,2.274,34.378,36.28,68,0,1123
2026-07-23 22:08:23,Cell_53,2.176,40.239,43.98,149,0,1041
2026-07-23 22:08:23,Cell_54,2.272,26.472,38.12,137,0,1047
2026-07-23 22:08:23,Cell_55,2.202,33.051,39.16,202,0,980
2026-07-23 22:08:23,Cell_6,2.074,16.603,34.71,147,0,1040
2026-07-23 22:08:23,Cell_7,2.224,29.69,42.44,164,0,1035
2026-07-23 22:08:23,Cell_8,2.169,14.517,28.23,114,0,1083
2026-07-23 22:08:23,Cell_9,1.876,45.797,83.28,99,2,1032
2026-07-23 22:10:23,Cell_1,2.172,28.178,36.47,210,0,974
2026-07-23 22:10:23,Cell_10,2.186,24.111,34.65,182,0,1007
2026-07-23 22:10:23,Cell_11,2.112,24.5,68.47,139,1,978
2026-07-23 22:10:23,Cell_12,2.16,30.889,45.22,157,0,1041
2026-07-23 22:10:23,Cell_13,2.189,19.063,36.76,57,0,1125
2026-07-23 22:10:23,Cell_14,2.175,32.418,40.32,135,0,1049
2026-07-23 22:10:23,Cell_15,2.166,31.804,43.85,79,0,1109
2026-07-23 22:10:23,Cell_16,2.162,13.488,32.18,155,0,1041
2026-07-23 22:10:23,Cell_17,2.109,26.913,36.72,204,0,993
2026-07-23 22:10:23,Cell_18,2.214,24.204,37.79,167,0,1017
2026-07-23 22:10:23,Cell_19,2.154,35.953,44.74,140,0,1057
2026-07-23 22:10:23,Cell_2,2.24,9.476,32.32,140,0,1051
2026-07-23 22:10:23,Cell_20,2.179,33.499,44.73,156,0,1039
2026-07-23 22:10:23,Cell_21,2.292,29.027,37.8,66,0,1130
2026-07-23 22:10:23,Cell_22,2.095,15.004,28.12,175,0,1023
2026-07-23 22:10:23,Cell_23,2.194,39.93,41.34,174,0,1010
2026-07-23 22:10:23,Cell_24,1.992,26.316,67.85,191,1,910
2026-07-23 22:10:23,Cell_25,2.276,17.907,28.1,113,0,1080
2026-07-23 22:10:23,Cell_26,2.207,36.118,45.01,208,0,988
2026-07-23 22:10:23,Cell_27,2.157,31.48,40.84,122,0,1076
2026-07-23 22:10:23,Cell_28,2.189,24.094,38.16,124,0,1058
2026-07-23 22:10:23,Cell_29,2.171,29.707,36.53,100,0,1097
2026-07-23 22:10:23,Cell_3,2.17,32.767,42.27,191,0,1001
2026-07-23 22:10:23,Cell_30,2.266,22.862,35.74,102,0,1089
2026-07-23 22:10:23,Cell_31,2.2,22.21,67.35,120,1,1013
2026-07-23 22:10:23,Cell_32,2.22,16.149,30.02,116,0,1082
2026-07-23 22:10:23,Cell_33,2.182,21.294,38.86,90,0,1098
2026-07-23 22:10:23,Cell_34,2.173,20.784,34.83,179,0,1019
2026-07-23 22:10:23,Cell_35,2.086,19.249,39.85,165,0,1021
2026-07-23 22:10:23,Cell_36,2.148,26.075,38.14,95,0,1095
2026-07-23 22:10:23,Cell_37,2.132,25.678,67.36,130,1,1003
2026-07-23 22:10:23,Cell_38,2.22,24.578,39.82,157,0,1043
2026-07-23 22:10:23,Cell_39,2.182,14.524,37.73,192,0,1005
2026-07-23 22:10:23,Cell_4,2.184,41.052,44.89,169,0,1012
2026-07-23 22:10:23,Cell_40,2.223,16.609,30.91,154,0,1036
2026-07-23 22:10:23,Cell_41,2.257,5.498,31.32,159,0,1039
2026-07-23 22:10:23,Cell_42,2.202,17.803,35.27,121,0,1068
2026-07-23 22:10:23,Cell_43,2.134,16.877,34.79,160,0,1023
2026-07-23 22:10:23,Cell_44,2.294,29.949,37.05,117,0,1083
2026-07-23 22:10:23,Cell_45,2.236,44.333,44.85,135,0,1061
2026-07-23 22:10:23,Cell_46,2.275,12.495,31.57,81,0,1106
2026-07-23 22:10:23,Cell_47,1.848,50.0,75.0,159,2,953
2026-07-23 22:10:23,Cell_48,2.239,32.667,42.96,79,0,1107
2026-07-23 22:10:23,Cell_49,2.282,27.667,34.73,159,0,1041
2026-07-23 22:10:23,Cell_5,2.176,33.698,37.03,145,0,1042
2026-07-23 22:10:23,Cell_50,2.283,35.17,41.29,209,0,973
2026-07-23 22:10:23,Cell_51,2.2,22.38,32.33,163,0,1020
2026-07-23 22:10:23,Cell_52,2.162,26.816,61.45,68,1,1085
2026-07-23 22:10:23,Cell_53,2.186,34.364,35.23,149,0,1039
2026-07-23 22:10:23,Cell_54,2.173,15.435,28.39,137,0,1045
2026-07-23 22:10:23,Cell_55,2.17,25.734,40.99,202,0,988
2026-07-23 22:10:23,Cell_6,2.175,34.018,40.74,147,0,1052
2026-07-23 22:10:23,Cell_7,2.197,28.489,38.68,164,0,1022
2026-07-23 22:10:23,Cell_8,2.264,33.971,40.36,114,0,1079
2026-07-23 22:10:23,Cell_9,2.264,16.804,29.51,99,0,1098
2026-07-23 22:12:23,Cell_1,2.18,31.878,38.29,210,0,980
2026-07-23 22:12:23,Cell_10,2.149,35.146,40.79,182,0,1003
2026-07-23 22:12:23,Cell_11,2.162,30.254,35.75,139,0,1058
2026-07-23 22:12:23,Cell_12,2.118,32.322,44.2,157,0,1032
2026-07-23 22:12:23,Cell_13,2.206,35.64,40.82,57,0,1138
2026-07-23 22:12:23,Cell_14,2.252,37.546,39.81,135,0,1052
2026-07-23 22:12:23,Cell_15,2.147,29.574,63.87,79,1,1077
2026-07-23 22:12:23,Cell_16,2.21,26.548,30.38,155,0,1032
2026-07-23 22:12:23,Cell_17,2.249,14.293,31.17,204,0,988
2026-07-23 22:12:23,Cell_18,2.131,19.532,35.0,168,0,1028
2026-07-23 22:12:23,Cell_19,2.228,42.648,44.67,140,0,1053
2026-07-23 22:12:23,Cell_2,2.033,22.911,63.05,140,1,975
2026-07-23 22:12:23,Cell_20,1.9,26.831,76.83,156,2,954
2026-07-23 22:12:23,Cell_21,2.23,21.753,31.27,66,0,1116
2026-07-23 22:12:23,Cell_22,2.173,28.912,41.89,175,0,1017
2026-07-23 22:12:23,Cell_23,2.228,10.576,31.66,174,0,1023
2026-07-23 22:12:23,Cell_24,2.161,16.9,37.26,191,0,998
2026-07-23 22:12:23,Cell_25,2.162,35.296,39.05,113,0,1070
2026-07-23 22:12:23,Cell_26,2.176,22.32,32.43,208,0,990
2026-07-23 22:12:23,Cell_27,2.228,36.327,42.06,122,0,1063
2026-07-23 22:12:23,Cell_28,2.3,20.287,33.49,124,0,1074
2026-07-23 22:12:23,Cell_29,2.277,21.895,36.04,100,0,1087
2026-07-23 22:12:23,Cell_3,2.158,44.848,40.55,191,0,994
2026-07-23 22:12:23,Cell_30,2.254,12.743,32.38,103,0,1078
2026-07-23 22:12:23,Cell_31,2.151,10.614,30.08,120,0,1076
2026-07-23 22:12:23,Cell_32,2.264,18.049,34.89,116,0,1082
2026-07-23 22:12:23,Cell_33,2.295,24.976,34.75,90,0,1105
2026-07-23 22:12:23,Cell_34,2.223,37.885,44.05,179,0,1016
2026-07-23 22:12:23,Cell_35,2.3,37.301,38.6,165,0,1020
2026-07-23 22:12:23,Cell_36,2.21,18.068,33.43,95,0,1100
2026-07-23 22:12:23,Cell_37,2.283,33.08,41.24,130,0,1051
2026-07-23 22:12:23,Cell_38,2.108,10.189,27.63,157,0,1030
2026-07-23 22:12:23,Cell_39,2.137,23.997,38.24,192,0,1007
2026-07-23 22:12:23,Cell_4,2.215,14.163,34.46,169,0,1015
2026-07-23 22:12:23,Cell_40,2.183,31.852,38.83,154,0,1030
2026-07-23 22:12:23,Cell_41,2.157,23.172,39.55,160,0,1031
2026-07-23 22:12:23,Cell_42,2.199,21.848,33.66,121,0,1074
2026-07-23 22:12:23,Cell_43,2.237,18.383,33.74,160,0,1030
2026-07-23 22:12:23,Cell_44,2.226,5.101,28.11,117,0,1072
2026-07-23 22:12:23,Cell_45,2.208,32.879,43.78,135,0,1059
2026-07-23 22:12:23,Cell_46,1.9,34.526,79.95,81,2,1072
2026-07-23 22:12:23,Cell_47,2.202,39.185,42.52,159,0,1029
2026-07-23 22:12:23,Cell_48,2.225,24.002,37.74,79,0,1110
2026-07-23 22:12:23,Cell_49,2.218,8.207,27.87,159,0,1031
2026-07-23 22:12:23,Cell_5,2.278,24.834,40.66,145,0,1037
2026-07-23 22:12:23,Cell_50,2.198,13.069,29.8,209,0,973
2026-07-23 22:12:23,Cell_51,2.243,20.55,32.33,163,0,1029
2026-07-23 22:12:23,Cell_52,2.238,22.025,35.03,68,0,1127
2026-07-23 22:12:23,Cell_53,2.241,22.93,36.71,149,0,1034
2026-07-23 22:12:23,Cell_54,2.168,18.617,31.06,137,0,1063
2026-07-23 22:12:23,Cell_55,2.213,31.226,34.44,202,0,990
2026-07-23 22:12:23,Cell_6,2.208,13.171,31.66,147,0,1046
2026-07-23 22:12:23,Cell_7,2.241,19.061,34.99,164,0,1026
2026-07-23 22:12:23,Cell_8,1.9,47.332,83.6,114,2,1014
2026-07-23 22:12:23,Cell_9,2.188,16.674,31.86,99,0,1089
2026-07-23 22:14:23,Cell_1,2.196,19.076,33.56,210,0,988
2026-07-23 22:14:23,Cell_10,2.167,21.592,34.73,182,0,1006
2026-07-23 22:14:23,Cell_11,1.883,42.605,80.27,139,2,972
2026-07-23 22:14:23,Cell_12,2.159,41.598,40.07,157,0,1030
2026-07-23 22:14:23,Cell_13,2.276,44.472,45.63,57,0,1143
2026-07-23 22:14:23,Cell_14,2.152,30.649,38.39,135,0,1052
2026-07-23 22:14:23,Cell_15,2.244,29.069,38.27,79,0,1119
2026-07-23 22:14:23,Cell_16,2.219,21.14,31.25,155,0,1040
2026-07-23 22:14:23,Cell_17,2.156,11.831,33.96,204,0,977
2026-07-23 22:14:23,Cell_18,2.185,6.512,29.44,168,0,1013
2026-07-23 22:14:23,Cell_19,2.145,30.083,35.41,140,0,1047
2026-07-23 22:14:23,Cell_2,2.211,25.783,40.74,140,0,1042
2026-07-23 22:14:23,Cell_20,2.264,31.086,43.14,156,0,1044
2026-07-23 22:14:23,Cell_21,2.249,17.658,32.55,66,0,1128
2026-07-23 22:14:23,Cell_22,2.212,36.445,39.73,175,0,1017
2026-07-23 22:14:23,Cell_23,2.179,28.078,40.67,174,0,1009
2026-07-23 22:14:23,Cell_24,2.233,33.664,39.38,191,0,991
2026-07-23 22:14:23,Cell_25,1.9,28.337,77.57,113,2,1012
2026-07-23 22:14:23,Cell_26,2.143,21.136,36.44,208,0,985
2026-07-23 22:14:23,Cell_27,2.227,26.606,33.53,122,0,1076
2026-07-23 22:14:23,Cell_28,2.237,26.447,37.11,125,0,1059
2026-07-23 22:14:23,Cell_29,2.3,19.362,37.22,100,0,1094
2026-07-23 22:14:23,Cell_3,2.265,8.277,37.23,191,0,991
2026-07-23 22:14:23,Cell_30,2.273,31.559,40.42,103,0,1093
2026-07-23 22:14:23,Cell_31,2.235,7.747,29.14,120,0,1079
2026-07-23 22:14:23,Cell_32,2.139,26.253,33.97,116,0,1080
2026-07-23 22:14:23,Cell_33,2.3,39.914,41.77,90,0,1093
2026-07-23 22:14:23,Cell_34,2.273,27.97,35.98,179,0,1018
2026-07-23 22:14:23,Cell_35,2.217,45.069,45.84,165,0,1020
2026-07-23 22:14:23,Cell_36,2.122,12.388,70.16,95,1,1041
2026-07-23 22:14:23,Cell_37,2.203,19.27,32.55,130,0,1063
2026-07-23 22:14:23,Cell_38,2.257,23.927,35.25,157,0,1040
2026-07-23 22:14:23,Cell_39,2.1,23.579,32.81,192,0,997
2026-07-23 22:14:23,Cell_4,2.195,47.45,49.29,169,0,1027
2026-07-23 22:14:23,Cell_40,2.176,43.586,43.89,154,0,1044
2026-07-23 22:14:23,Cell_41,2.142,25.046,36.88,160,0,1036
2026-07-23 22:14:23,Cell_42,2.227,22.522,32.05,121,0,1072
2026-07-23 22:14:23,Cell_43,2.206,28.464,36.33,160,0,1036
2026-07-23 22:14:23,Cell_44,2.16,19.222,29.55,117,0,1075
2026-07-23 22:14:23,Cell_45,1.864,25.486,86.78,135,2,982
2026-07-23 22:14:23,Cell_46,2.252,21.447,24.17,81,0,1103
2026-07-23 22:14:23,Cell_47,2.233,36.614,40.09,159,0,1036
2026-07-23 22:14:23,Cell_48,2.174,49.763,42.28,79,0,1104
2026-07-23 22:14:23,Cell_49,2.217,12.806,28.95,159,0,1041
2026-07-23 22:14:23,Cell_5,2.127,13.638,69.36,145,1,971
2026-07-23 22:14:23,Cell_50,2.157,30.797,38.15,209,0,991
2026-07-23 22:14:23,Cell_51,2.136,18.984,33.94,163,0,1037
2026-07-23 22:14:23,Cell_52,2.233,15.871,36.77,68,0,1113
2026-07-23 22:14:23,Cell_53,2.131,31.783,39.21,149,0,1036
2026-07-23 22:14:23,Cell_54,2.172,32.122,42.86,137,0,1044
2026-07-23 22:14:23,Cell_55,2.159,18.551,32.84,202,0,988
2026-07-23 22:14:23,Cell_6,2.199,31.776,35.18,147,0,1040
2026-07-23 22:14:23,Cell_7,2.208,23.26,30.81,164,0,1031
2026-07-23 22:14:23,Cell_8,2.171,40.165,40.97,114,0,1068
2026-07-23 22:14:23,Cell_9,2.221,38.136,36.33,99,0,1101
2026-07-23 22:16:23,Cell_1,2.182,26.571,39.15,211,0,974
2026-07-23 22:16:23,Cell_10,2.089,29.162,40.62,182,0,1018
2026-07-23 22:16:23,Cell_11,2.172,39.944,43.03,139,0,1053
2026-07-23 22:16:23,Cell_12,2.188,22.949,37.35,157,0,1038
2026-07-23 22:16:23,Cell_13,2.21,13.562,32.48,57,0,1130
2026-07-23 22:16:23,Cell_14,2.212,28.239,37.57,135,0,1053
2026-07-23 22:16:23,Cell_15,2.28,32.25,39.11,79,0,1117
2026-07-23 22:16:23,Cell_16,2.238,24.036,36.31,155,0,1033
2026-07-23 22:16:23,Cell_17,2.12,23.896,35.19,204,0,992
2026-07-23 22:16:23,Cell_18,2.165,38.589,43.55,168,0,1025
2026-07-23 22:16:23,Cell_19,2.249,29.976,38.73,140,0,1048
2026-07-23 22:16:23,Cell_2,2.221,24.184,40.08,140,0,1056
2026-07-23 22:16:23,Cell_20,2.111,25.269,34.35,156,0,1034
2026-07-23 22:16:23,Cell_21,2.209,0.0,27.3,66,0,1120
2026-07-23 22:16:23,Cell_22,2.205,27.472,37.7,175,0,1009
2026-07-23 22:16:23,Cell_23,2.239,25.769,33.54,174,0,1011
2026-07-23 22:16:23,Cell_24,2.189,29.924,37.29,191,0,992
2026-07-23 22:16:23,Cell_25,2.133,28.065,35.06,113,0,1079
2026-07-23 22:16:23,Cell_26,2.203,33.302,41.52,208,0,992
2026-07-23 22:16:23,Cell_27,2.14,6.155,31.16,122,0,1073
2026-07-23 22:16:23,Cell_28,2.173,31.176,42.8,125,0,1075
2026-07-23 22:16:23,Cell_29,2.121,17.217,31.42,100,0,1098
2026-07-23 22:16:23,Cell_3,2.152,27.547,35.22,191,0,1000
2026-07-23 22:16:23,Cell_30,2.162,14.615,33.07,103,0,1082
2026-07-23 22:16:23,Cell_31,2.247,16.395,29.21,120,0,1067
2026-07-23 22:16:23,Cell_32,2.188,25.893,39.03,116,0,1069
2026-07-23 22:16:23,Cell_33,2.3,15.886,35.28,90,0,1110
2026-07-23 22:16:23,Cell_34,2.172,24.035,33.89,179,0,1009
2026-07-23 22:16:23,Cell_35,2.167,17.445,34.81,165,0,1030
2026-07-23 22:16:23,Cell_36,1.9,39.041,76.46,95,2,1056
2026-07-23 22:16:23,Cell_37,2.229,30.085,33.91,130,0,1065
2026-07-23 22:16:23,Cell_38,2.143,22.909,37.99,157,0,1024
2026-07-23 22:16:23,Cell_39,2.251,26.901,38.51,192,0,999
2026-07-23 22:16:23,Cell_4,2.199,25.072,35.49,169,0,1015
2026-07-23 22:16:23,Cell_40,2.174,34.186,37.2,154,0,1030
2026-07-23 22:16:23,Cell_41,2.06,6.133,30.87,160,0,1030
2026-07-23 22:16:23,Cell_42,2.236,20.363,31.11,121,0,1062
2026-07-23 22:16:23,Cell_43,2.224,14.072,34.01,160,0,1033
2026-07-23 22:16:23,Cell_44,2.221,33.132,39.11,117,0,1078
2026-07-23 22:16:23,Cell_45,2.201,29.647,37.79,135,0,1046
2026-07-23 22:16:23,Cell_46,2.28,19.716,35.44,82,0,1107
2026-07-23 22:16:23,Cell_47,2.184,28.437,38.65,159,0,1035
2026-07-23 22:16:23,Cell_48,2.208,13.1,27.5,80,0,1112
2026-07-23 22:16:23,Cell_49,2.273,22.277,42.57,159,0,1025
2026-07-23 22:16:23,Cell_5,2.16,22.563,36.79,145,0,1036
2026-07-23 22:16:23,Cell_50,2.151,30.562,37.32,209,0,984
2026-07-23 22:16:23,Cell_51,2.257,0.0,31.49,163,0,1036
2026-07-23 22:16:23,Cell_52,2.025,40.389,67.72,68,1,1080
2026-07-23 22:16:23,Cell_53,2.185,29.547,41.09,149,0,1046
2026-07-23 22:16:23,Cell_54,2.163,35.223,41.31,138,0,1051
2026-07-23 22:16:23,Cell_55,2.172,9.782,27.27,202,0,994
2026-07-23 22:16:23,Cell_6,2.192,7.899,29.29,147,0,1034
2026-07-23 22:16:23,Cell_7,2.19,25.966,32.93,164,0,1026
2026-07-23 22:16:23,Cell_8,2.154,37.077,38.65,114,0,1077
2026-07-23 22:16:23,Cell_9,2.118,37.325,44.94,99,0,1099
2026-07-23 22:18:23,Cell_1,2.249,31.391,37.92,211,0,982
2026-07-23 22:18:23,Cell_10,2.203,17.75,34.08,183,0,1007
2026-07-23 22:18:23,Cell_11,2.211,22.885,34.83,139,0,1045
2026-07-23 22:18:23,Cell_12,2.203,39.241,42.87,157,0,1027
2026-07-23 22:18:23,Cell_13,2.18,16.563,75.0,57,2,1105
2026-07-23 22:18:23,Cell_14,2.127,33.888,38.57,135,0,1064
2026-07-23 22:18:23,Cell_15,2.292,35.541,41.0,79,0,1112
2026-07-23 22:18:23,Cell_16,2.167,28.159,32.92,155,0,1045
2026-07-23 22:18:23,Cell_17,2.183,35.546,41.12,204,0,991
2026-07-23 22:18:23,Cell_18,2.262,11.006,27.77,168,0,1013
2026-07-23 22:18:23,Cell_19,2.254,27.257,40.8,140,0,1059
2026-07-23 22:18:23,Cell_2,2.214,26.581,39.62,140,0,1050
2026-07-23 22:18:23,Cell_20,2.229,45.211,45.31,156,0,1043
2026-07-23 22:18:23,Cell_21,2.238,33.915,38.06,66,0,1115
2026-07-23 22:18:23,Cell_22,2.261,10.525,26.25,175,0,1009
2026-07-23 22:18:23,Cell_23,2.172,26.428,35.68,174,0,1007
2026-07-23 22:18:23,Cell_24,2.22,37.694,42.13,191,0,1003
2026-07-23 22:18:23,Cell_25,2.213,43.362,42.11,113,0,1079
2026-07-23 22:18:23,Cell_26,2.231,38.54,41.43,208,0,984
2026-07-23 22:18:23,Cell_27,2.092,28.642,60.0,122,1,1074
2026-07-23 22:18:23,Cell_28,2.122,36.039,43.3,125,0,1071
2026-07-23 22:18:23,Cell_29,2.192,24.91,37.66,100,0,1092
2026-07-23 22:18:23,Cell_3,2.204,36.769,37.67,191,0,992
2026-07-23 22:18:23,Cell_30,2.267,28.397,40.48,103,0,1087
2026-07-23 22:18:23,Cell_31,2.146,44.807,43.05,120,0,1072
2026-07-23 22:18:23,Cell_32,2.115,10.819,72.84,116,1,1022
2026-07-23 22:18:23,Cell_33,2.203,30.842,41.57,90,0,1098
2026-07-23 22:18:23,Cell_34,2.164,13.242,25.74,179,0,1009
2026-07-23 22:18:23,Cell_35,2.191,17.004,30.45,165,0,1028
2026-07-23 22:18:23,Cell_36,2.218,24.494,34.58,95,0,1102
2026-07-23 22:18:23,Cell_37,2.134,20.938,33.13,130,0,1068
2026-07-23 22:18:23,Cell_38,2.228,14.389,30.28,157,0,1029
2026-07-23 22:18:23,Cell_39,2.182,25.315,35.61,192,0,1002
2026-07-23 22:18:23,Cell_4,2.193,13.109,30.44,169,0,1014
2026-07-23 22:18:23,Cell_40,2.286,18.474,34.22,154,0,1040
2026-07-23 22:18:23,Cell_41,2.178,33.306,32.58,160,0,1035
2026-07-23 22:18:23,Cell_42,2.206,32.261,37.06,121,0,1072
2026-07-23 22:18:23,Cell_43,2.115,10.955,30.11,160,0,1024
2026-07-23 22:18:23,Cell_44,2.195,17.086,35.98,117,0,1071
2026-07-23 22:18:23,Cell_45,1.792,37.613,86.21,135,2,982
2026-07-23 22:18:23,Cell_46,2.225,20.263,38.37,82,0,1113
2026-07-23 22:18:23,Cell_47,2.226,32.034,38.9,160,0,1021
2026-07-23 22:18:23,Cell_48,2.141,30.948,65.17,80,1,1069
2026-07-23 22:18:23,Cell_49,2.219,27.928,39.88,159,0,1025
2026-07-23 22:18:23,Cell_5,2.22,16.093,32.93,145,0,1055
2026-07-23 22:18:23,Cell_50,2.217,32.248,38.44,209,0,985
2026-07-23 22:18:23,Cell_51,2.168,28.588,34.67,163,0,1021
2026-07-23 22:18:23,Cell_52,2.204,13.352,35.92,68,0,1115
2026-07-23 22:18:23,Cell_53,2.216,41.017,41.39,149,0,1042
2026-07-23 22:18:23,Cell_54,2.121,25.586,38.8,138,0,1046
2026-07-23 22:18:23,Cell_55,2.222,11.788,29.23,202,0,982
2026-07-23 22:18:23,Cell_6,2.165,18.452,33.45,147,0,1040
2026-07-23 22:18:23,Cell_7,2.134,19.71,33.82,164,0,1030
2026-07-23 22:18:23,Cell_8,2.266,34.338,43.91,114,0,1083
2026-07-23 22:18:23,Cell_9,2.182,32.172,38.18,99,0,1087
2026-07-23 22:20:23,Cell_1,2.219,6.404,27.79,211,0,971
2026-07-23 22:20:23,Cell_10,2.227,24.832,39.43,183,0,999
2026-07-23 22:20:23,Cell_11,2.271,12.998,27.77,139,0,1059
2026-07-23 22:20:23,Cell_12,2.118,18.505,32.22,157,0,1026
2026-07-23 22:20:23,Cell_13,2.289,15.944,27.34,58,0,1124
2026-07-23 22:20:23,Cell_14,2.206,29.007,38.79,135,0,1050
2026-07-23 22:20:23,Cell_15,2.165,11.417,32.06,79,0,1102
2026-07-23 22:20:23,Cell_16,2.24,32.805,38.28,155,0,1035
2026-07-23 22:20:23,Cell_17,2.114,10.795,31.17,204,0,995
2026-07-23 22:20:23,Cell_18,2.198,2.312,25.96,168,0,1032
2026-07-23 22:20:23,Cell_19,2.264,36.224,41.92,140,0,1054
2026-07-23 22:20:23,Cell_2,2.176,45.051,42.82,140,0,1055
2026-07-23 22:20:23,Cell_20,2.211,42.917,42.36,156,0,1042
2026-07-23 22:20:23,Cell_21,2.179,41.21,43.14,66,0,1124
2026-07-23 22:20:23,Cell_22,2.14,28.78,36.13,175,0,1013
2026-07-23 22:20:23,Cell_23,2.268,20.992,32.66,174,0,1011
2026-07-23 22:20:23,Cell_24,2.243,16.863,27.58,191,0,994
2026-07-23 22:20:23,Cell_25,2.126,26.416,29.55,113,0,1078
2026-07-23 22:20:23,Cell_26,2.144,30.53,38.1,208,0,982
2026-07-23 22:20:23,Cell_27,2.185,38.504,44.03,122,0,1066
2026-07-23 22:20:23,Cell_28,2.199,11.856,28.3,125,0,1058
2026-07-23 22:20:23,Cell_29,2.278,18.342,28.58,100,0,1084
2026-07-23 22:20:23,Cell_3,2.3,4.857,33.18,191,0,995
2026-07-23 22:20:23,Cell_30,2.192,9.005,27.81,103,0,1084
2026-07-23 22:20:23,Cell_31,2.115,25.227,29.95,120,0,1069
2026-07-23 22:20:23,Cell_32,2.253,43.409,43.3,116,0,1067
2026-07-23 22:20:23,Cell_33,2.21,30.993,39.71,90,0,1093
2026-07-23 22:20:23,Cell_34,2.122,33.241,38.55,179,0,1013
2026-07-23 22:20:23,Cell_35,2.156,20.637,32.73,165,0,1030
2026-07-23 22:20:23,Cell_36,2.3,24.452,38.37,95,0,1101
2026-07-23 22:20:23,Cell_37,2.27,14.369,32.5,130,0,1061
2026-07-23 22:20:23,Cell_38,2.199,2.942,22.67,157,0,1030
2026-07-23 22:20:23,Cell_39,2.061,34.043,41.37,192,0,1008
2026-07-23 22:20:23,Cell_4,2.236,31.966,34.28,169,0,1017
2026-07-23 22:20:23,Cell_40,2.168,24.557,35.08,154,0,1046
2026-07-23 22:20:23,Cell_41,2.097,30.156,41.68,160,0,1026
2026-07-23 22:20:23,Cell_42,2.131,27.62,74.86,121,1,1000
2026-07-23 22:20:23,Cell_43,2.139,31.496,37.79,160,0,1022
2026-07-23 22:20:23,Cell_44,2.193,4.649,26.94,117,0,1081
2026-07-23 22:20:23,Cell_45,2.207,46.052,39.09,135,0,1053
2026-07-23 22:20:23,Cell_46,2.238,22.75,38.4,82,0,1106
2026-07-23 22:20:23,Cell_47,2.164,33.132,34.76,160,0,1034
2026-07-23 22:20:23,Cell_48,2.241,5.088,28.56,80,0,1104
2026-07-23 22:20:23,Cell_49,2.156,15.897,27.31,159,0,1029
2026-07-23 22:20:23,Cell_5,2.135,9.741,29.53,146,0,1035
2026-07-23 22:20:23,Cell_50,2.138,16.676,35.53,209,0,980
2026-07-23 22:20:23,Cell_51,2.256,20.863,40.38,163,0,1026
2026-07-23 22:20:23,Cell_52,2.184,17.756,25.96,68,0,1118
2026-07-23 22:20:23,Cell_53,2.246,40.982,49.49,149,0,1040
2026-07-23 22:20:23,Cell_54,2.24,33.449,42.55,138,0,1046
2026-07-23 22:20:23,Cell_55,2.145,18.618,38.24,202,0,994
2026-07-23 22:20:23,Cell_6,2.223,23.695,32.92,147,0,1053
2026-07-23 22:20:23,Cell_7,2.201,24.644,35.3,164,0,1017
2026-07-23 22:20:23,Cell_8,2.19,36.155,36.38,115,0,1078
2026-07-23 22:20:23,Cell_9,2.27,24.082,36.38,99,0,1097
2026-07-23 22:22:23,Cell_1,2.214,29.968,36.54,211,0,971
2026-07-23 22:22:23,Cell_10,2.161,23.784,39.34,183,0,1011
2026-07-23 22:22:23,Cell_11,2.299,26.913,35.3,139,0,1050
2026-07-23 22:22:23,Cell_12,2.269,31.943,39.14,157,0,1031
2026-07-23 22:22:23,Cell_13,2.3,10.774,29.38,58,0,1126
2026-07-23 22:22:23,Cell_14,2.251,15.449,30.82,135,0,1048
2026-07-23 22:22:23,Cell_15,2.269,45.597,49.68,79,0,1115
2026-07-23 22:22:23,Cell_16,2.231,19.992,35.58,155,0,1026
2026-07-23 22:22:23,Cell_17,2.105,30.603,42.72,204,0,995
2026-07-23 22:22:23,Cell_18,2.236,37.429,47.33,168,0,1027
2026-07-23 22:22:23,Cell_19,2.225,19.837,35.74,140,0,1044
2026-07-23 22:22:23,Cell_2,2.07,22.803,37.46,140,0,1042
2026-07-23 22:22:23,Cell_20,2.135,35.893,44.36,156,0,1040
2026-07-23 22:22:23,Cell_21,2.292,39.434,39.25,66,0,1130
2026-07-23 22:22:23,Cell_22,2.141,36.961,42.65,175,0,1020
2026-07-23 22:22:23,Cell_23,2.226,25.469,37.96,174,0,1015
2026-07-23 22:22:23,Cell_24,2.177,26.91,36.27,191,0,993
2026-07-23 22:22:23,Cell_25,2.216,40.765,44.5,113,0,1081
2026-07-23 22:22:23,Cell_26,2.193,15.922,34.61,208,0,980
2026-07-23 22:22:23,Cell_27,2.204,17.892,33.85,122,0,1072
2026-07-23 22:22:23,Cell_28,2.266,24.225,37.69,125,0,1073
2026-07-23 22:22:23,Cell_29,2.276,30.961,36.64,100,0,1089
2026-07-23 22:22:23,Cell_3,2.194,48.126,46.66,191,0,1002
2026-07-23 22:22:23,Cell_30,1.9,32.834,75.77,103,2,1040
2026-07-23 22:22:23,Cell_31,2.209,30.027,36.2,120,0,1064
2026-07-23 22:22:23,Cell_32,2.198,20.782,36.81,116,0,1075
2026-07-23 22:22:23,Cell_33,2.238,32.782,39.56,90,0,1110
2026-07-23 22:22:23,Cell_34,2.126,35.988,39.46,180,0,1012
2026-07-23 22:22:23,Cell_35,2.196,29.207,41.99,165,0,1023
2026-07-23 22:22:23,Cell_36,2.21,20.843,38.7,95,0,1096
2026-07-23 22:22:23,Cell_37,2.256,13.964,32.51,130,0,1066
2026-07-23 22:22:23,Cell_38,2.187,42.646,42.6,157,0,1039
2026-07-23 22:22:23,Cell_39,2.116,31.075,30.13,192,0,998
2026-07-23 22:22:23,Cell_4,2.141,37.361,38.9,169,0,1021
2026-07-23 22:22:23,Cell_40,2.088,27.791,34.38,155,0,1027
2026-07-23 22:22:23,Cell_41,2.194,44.839,46.73,160,0,1032
2026-07-23 22:22:23,Cell_42,2.155,30.302,33.89,121,0,1076
2026-07-23 22:22:23,Cell_43,2.242,41.09,39.39,160,0,1029
2026-07-23 22:22:23,Cell_44,2.158,20.427,34.39,117,0,1067
2026-07-23 22:22:23,Cell_45,2.291,20.544,35.86,136,0,1051
2026-07-23 22:22:23,Cell_46,2.286,23.791,35.86,82,0,1102
2026-07-23 22:22:23,Cell_47,2.147,27.014,37.24,160,0,1033
2026-07-23 22:22:23,Cell_48,2.166,24.545,32.67,80,0,1120
2026-07-23 22:22:23,Cell_49,2.3,29.307,41.81,159,0,1025
2026-07-23 22:22:23,Cell_5,2.188,50.0,47.54,146,0,1044
2026-07-23 22:22:23,Cell_50,2.17,6.468,30.9,209,0,990
2026-07-23 22:22:23,Cell_51,2.229,29.574,39.41,163,0,1020
2026-07-23 22:22:23,Cell_52,2.288,10.291,31.27,68,0,1117
2026-07-23 22:22:23,Cell_53,2.165,26.796,33.3,149,0,1043
2026-07-23 22:22:23,Cell_54,2.188,6.575,32.57,138,0,1055
2026-07-23 22:22:23,Cell_55,2.097,26.179,39.5,202,0,997
2026-07-23 22:22:23,Cell_6,2.206,35.269,40.11,147,0,1052
2026-07-23 22:22:23,Cell_7,2.169,17.329,28.22,164,0,1026
2026-07-23 22:22:23,Cell_8,2.182,40.487,45.99,115,0,1080
2026-07-23 22:22:23,Cell_9,2.183,26.222,35.67,99,0,1099
2026-07-23 22:24:23,Cell_1,2.188,11.513,27.14,211,0,978
2026-07-23 22:24:23,Cell_10,2.058,29.306,61.66,183,1,907
2026-07-23 22:24:23,Cell_11,2.024,2.383,60.0,139,1,1048
2026-07-23 22:24:23,Cell_12,2.205,27.927,33.67,157,0,1028
2026-07-23 22:24:23,Cell_13,2.25,18.293,28.69,58,0,1132
2026-07-23 22:24:23,Cell_14,2.235,23.283,34.85,135,0,1053
2026-07-23 22:24:23,Cell_15,2.221,50.0,47.7,79,0,1116
2026-07-23 22:24:23,Cell_16,2.165,15.356,32.06,155,0,1037
2026-07-23 22:24:23,Cell_17,2.123,24.084,40.24,204,0,983
2026-07-23 22:24:23,Cell_18,2.219,10.832,32.73,168,0,1021
2026-07-23 22:24:23,Cell_19,2.161,14.08,37.25,140,0,1044
2026-07-23 22:24:23,Cell_2,2.252,0.0,27.37,140,0,1043
2026-07-23 22:24:23,Cell_20,2.086,29.325,31.3,157,0,1029
2026-07-23 22:24:23,Cell_21,2.232,20.784,33.76,67,0,1121
2026-07-23 22:24:23,Cell_22,1.815,46.765,79.69,175,2,931
2026-07-23 22:24:23,Cell_23,2.235,28.267,38.6,174,0,1018
2026-07-23 22:24:23,Cell_24,2.222,22.976,36.37,191,0,1006
2026-07-23 22:24:23,Cell_25,2.173,24.901,35.79,113,0,1078
2026-07-23 22:24:23,Cell_26,2.182,35.253,43.05,208,0,989
2026-07-23 22:24:23,Cell_27,2.274,26.16,36.02,122,0,1064
2026-07-23 22:24:23,Cell_28,2.19,23.58,32.7,125,0,1070
2026-07-23 22:24:23,Cell_29,2.214,14.798,37.64,100,0,1091
2026-07-23 22:24:23,Cell_3,2.073,29.594,60.0,191,1,990
2026-07-23 22:24:23,Cell_30,2.114,23.703,36.82,103,0,1094
2026-07-23 22:24:23,Cell_31,2.233,24.141,35.67,120,0,1073
2026-07-23 22:24:23,Cell_32,2.239,38.885,40.81,116,0,1078
2026-07-23 22:24:23,Cell_33,2.268,35.309,34.93,90,0,1095
2026-07-23 22:24:23,Cell_34,2.163,46.197,51.49,180,0,1006
2026-07-23 22:24:23,Cell_35,2.186,41.22,43.78,165,0,1017
2026-07-23 22:24:23,Cell_36,2.283,6.501,30.82,95,0,1101
2026-07-23 22:24:23,Cell_37,2.176,9.667,32.97,130,0,1068
2026-07-23 22:24:23,Cell_38,2.214,19.56,37.1,158,0,1041
2026-07-23 22:24:23,Cell_39,2.092,37.93,35.66,192,0,1006
2026-07-23 22:24:23,Cell_4,2.159,26.206,32.65,169,0,1013
2026-07-23 22:24:23,Cell_40,2.204,36.151,42.19,155,0,1040
2026-07-23 22:24:23,Cell_41,2.245,27.032,34.45,161,0,1033
2026-07-23 22:24:23,Cell_42,2.198,31.188,37.28,121,0,1073
2026-07-23 22:24:23,Cell_43,2.107,11.888,65.7,160,1,956
2026-07-23 22:24:23,Cell_44,2.218,30.954,44.11,117,0,1065
2026-07-23 22:24:23,Cell_45,2.243,13.985,29.65,136,0,1048
2026-07-23 22:24:23,Cell_46,2.25,23.244,30.16,82,0,1105
2026-07-23 22:24:23,Cell_47,2.179,28.492,35.31,161,0,1021
2026-07-23 22:24:23,Cell_48,2.219,2.621,25.82,80,0,1117
2026-07-23 22:24:23,Cell_49,2.216,33.216,35.04,159,0,1029
2026-07-23 22:24:23,Cell_5,2.248,2.635,30.73,146,0,1036
2026-07-23 22:24:23,Cell_50,2.188,25.748,35.25,209,0,975
2026-07-23 22:24:23,Cell_51,2.156,16.44,32.17,163,0,1030
2026-07-23 22:24:23,Cell_52,2.245,25.015,40.52,68,0,1117
2026-07-23 22:24:23,Cell_53,2.235,20.6,34.32,149,0,1045
2026-07-23 22:24:23,Cell_54,2.245,10.333,24.13,138,0,1052
2026-07-23 22:24:23,Cell_55,2.12,33.592,36.15,202,0,985
2026-07-23 22:24:23,Cell_6,2.171,24.119,31.53,147,0,1037
2026-07-23 22:24:23,Cell_7,2.114,32.748,37.05,164,0,1024
2026-07-23 22:24:23,Cell_8,2.299,30.665,37.14,115,0,1081
2026-07-23 22:24:23,Cell_9,2.213,9.072,31.34,99,0,1091
2026-07-23 22:26:23,Cell_1,2.189,47.585,49.52,211,0,978
2026-07-23 22:26:23,Cell_10,2.209,13.984,30.78,184,0,1005
2026-07-23 22:26:23,Cell_11,2.25,13.006,32.2,139,0,1051
2026-07-23 22:26:23,Cell_12,2.212,25.169,39.82,157,0,1041
2026-07-23 22:26:23,Cell_13,2.165,35.741,38.95,59,0,1130
2026-07-23 22:26:23,Cell_14,2.205,13.163,35.63,135,0,1049
2026-07-23 22:26:23,Cell_15,2.273,8.857,28.15,79,0,1114
2026-07-23 22:26:23,Cell_16,2.147,7.524,32.91,155,0,1026
2026-07-23 22:26:23,Cell_17,2.13,26.872,39.21,204,0,979
2026-07-23 22:26:23,Cell_18,2.131,16.811,28.44,168,0,1018
2026-07-23 22:26:23,Cell_19,2.174,23.923,36.25,140,0,1051
2026-07-23 22:26:23,Cell_2,2.191,40.794,41.67,140,0,1044
2026-07-23 22:26:23,Cell_20,2.078,43.867,68.33,157,1,948
2026-07-23 22:26:23,Cell_21,2.3,25.704,36.47,68,0,1129
2026-07-23 22:26:23,Cell_22,2.146,13.051,29.4,175,0,1019
2026-07-23 22:26:23,Cell_23,2.165,40.404,44.0,174,0,1025
2026-07-23 22:26:23,Cell_24,2.193,25.992,34.45,191,0,990
2026-07-23 22:26:23,Cell_25,2.155,20.984,73.88,113,1,1027
2026-07-23 22:26:23,Cell_26,2.235,31.739,37.35,208,0,989
2026-07-23 22:26:23,Cell_27,2.189,19.469,36.99,123,0,1068
2026-07-23 22:26:23,Cell_28,2.223,35.079,39.94,125,0,1073
2026-07-23 22:26:23,Cell_29,2.144,20.71,28.69,100,0,1081
2026-07-23 22:26:23,Cell_3,2.183,34.864,42.11,191,0,994
2026-07-23 22:26:23,Cell_30,2.241,19.717,32.85,103,0,1083
2026-07-23 22:26:23,Cell_31,2.157,23.41,30.37,120,0,1065
2026-07-23 22:26:23,Cell_32,2.193,5.984,30.14,116,0,1080
2026-07-23 22:26:23,Cell_33,2.196,42.052,49.14,90,0,1102
2026-07-23 22:26:23,Cell_34,2.259,27.719,34.56,180,0,1002
2026-07-23 22:26:23,Cell_35,2.209,9.905,26.4,165,0,1033
2026-07-23 22:26:23,Cell_36,2.202,18.164,34.1,95,0,1104
2026-07-23 22:26:23,Cell_37,2.17,27.734,38.76,130,0,1051
2026-07-23 22:26:23,Cell_38,2.208,18.257,32.5,158,0,1041
2026-07-23 22:26:23,Cell_39,2.128,17.399,35.73,192,0,1006
2026-07-23 22:26:23,Cell_4,2.104,15.586,28.98,169,0,1020
2026-07-23 22:26:23,Cell_40,2.233,10.384,21.2,155,0,1038
2026-07-23 22:26:23,Cell_41,2.078,21.679,32.13,161,0,1031
2026-07-23 22:26:23,Cell_42,2.211,36.822,40.41,121,0,1077
2026-07-23 22:26:23,Cell_43,2.052,34.101,37.04,160,0,1029
2026-07-23 22:26:23,Cell_44,2.129,40.11,43.55,117,0,1082
2026-07-23 22:26:23,Cell_45,2.192,13.98,27.01,136,0,1064
2026-07-23 22:26:23,Cell_46,2.183,30.003,38.35,82,0,1106
2026-07-23 22:26:23,Cell_47,2.2,34.364,71.18,161,1,952
2026-07-23 22:26:23,Cell_48,2.227,23.634,36.28,80,0,1113
2026-07-23 22:26:23,Cell_49,2.088,15.633,73.61,159,1,956
2026-07-23 22:26:23,Cell_5,2.223,11.728,34.5,146,0,1045
2026-07-23 22:26:23,Cell_50,2.199,39.813,41.94,209,0,978
2026-07-23 22:26:23,Cell_51,2.21,32.298,36.4,163,0,1030
2026-07-23 22:26:23,Cell_52,2.208,20.987,32.76,68,0,1113
2026-07-23 22:26:23,Cell_53,2.178,27.913,38.33,149,0,1049
2026-07-23 22:26:23,Cell_54,2.205,24.204,39.47,138,0,1043
2026-07-23 22:26:23,Cell_55,2.165,17.822,37.93,202,0,980
2026-07-23 22:26:23,Cell_6,2.165,33.186,38.73,147,0,1034
2026-07-23 22:26:23,Cell_7,2.184,27.509,38.17,164,0,1021
2026-07-23 22:26:23,Cell_8,2.3,32.551,38.04,115,0,1085
2026-07-23 22:26:23,Cell_9,2.3,23.531,35.0,99,0,1091
2026-07-23 22:28:23,Cell_1,2.154,7.727,28.64,211,0,976
2026-07-23 22:28:23,Cell_10,2.186,39.024,37.05,184,0,1005
2026-07-23 22:28:23,Cell_11,2.134,19.721,32.1,139,0,1048
2026-07-23 22:28:23,Cell_12,2.3,26.169,40.07,157,0,1030
2026-07-23 22:28:23,Cell_13,2.208,23.569,32.13,59,0,1122
2026-07-23 22:28:23,Cell_14,2.18,21.797,30.5,135,0,1059
2026-07-23 22:28:23,Cell_15,2.2,25.666,39.21,79,0,1117
2026-07-23 22:28:23,Cell_16,2.138,23.883,35.64,155,0,1045
2026-07-23 22:28:23,Cell_17,2.212,37.337,41.84,204,0,986
2026-07-23 22:28:23,Cell_18,2.255,24.546,38.03,168,0,1027
2026-07-23 22:28:23,Cell_19,2.278,16.974,32.46,140,0,1047
2026-07-23 22:28:23,Cell_2,2.186,22.905,40.12,140,0,1060
2026-07-23 22:28:23,Cell_20,2.178,15.693,24.93,157,0,1035
2026-07-23 22:28:23,Cell_21,2.161,34.09,39.03,68,0,1115
2026-07-23 22:28:23,Cell_22,2.146,27.131,35.43,175,0,1020
2026-07-23 22:28:23,Cell_23,2.136,20.11,40.89,174,0,1019
2026-07-23 22:28:23,Cell_24,2.249,24.194,35.16,191,0,1003
2026-07-23 22:28:23,Cell_25,2.243,29.698,40.53,113,0,1073
2026-07-23 22:28:23,Cell_26,2.161,20.259,30.99,208,0,975
2026-07-23 22:28:23,Cell_27,2.238,18.622,31.99,123,0,1066
2026-07-23 22:28:23,Cell_28,2.121,15.614,32.2,125,0,1063
2026-07-23 22:28:23,Cell_29,2.211,32.967,42.48,100,0,1081
2026-07-23 22:28:23,Cell_3,2.252,30.042,32.13,191,0,994
2026-07-23 22:28:23,Cell_30,2.2,29.365,61.19,103,1,1028
2026-07-23 22:28:23,Cell_31,2.15,24.943,32.04,120,0,1069
2026-07-23 22:28:23,Cell_32,2.176,15.576,32.03,116,0,1084
2026-07-23 22:28:23,Cell_33,2.136,33.459,36.96,90,0,1101
2026-07-23 22:28:23,Cell_34,2.223,17.875,33.14,180,0,1009
2026-07-23 22:28:23,Cell_35,2.232,14.798,37.07,165,0,1028
2026-07-23 22:28:23,Cell_36,2.193,21.503,38.02,95,0,1094
2026-07-23 22:28:23,Cell_37,1.9,41.049,84.59,130,2,1005
2026-07-23 22:28:23,Cell_38,1.997,19.179,62.08,158,1,956
2026-07-23 22:28:23,Cell_39,2.203,32.542,34.65,192,0,1000
2026-07-23 22:28:23,Cell_4,2.179,17.457,36.73,169,0,1017
2026-07-23 22:28:23,Cell_40,2.259,44.817,47.04,155,0,1037
2026-07-23 22:28:23,Cell_41,2.155,29.105,33.82,161,0,1021
2026-07-23 22:28:23,Cell_42,2.265,26.826,38.26,121,0,1076
2026-07-23 22:28:23,Cell_43,2.235,7.443,26.09,160,0,1021
2026-07-23 22:28:23,Cell_44,2.261,22.618,36.62,117,0,1074
2026-07-23 22:28:23,Cell_45,2.155,35.986,39.75,136,0,1062
2026-07-23 22:28:23,Cell_46,2.283,11.553,31.1,82,0,1105
2026-07-23 22:28:23,Cell_47,2.153,28.249,38.23,161,0,1034
2026-07-23 22:28:23,Cell_48,2.248,22.549,35.16,81,0,1107
2026-07-23 22:28:23,Cell_49,2.278,32.563,39.07,159,0,1035
2026-07-23 22:28:23,Cell_5,2.185,11.811,30.2,146,0,1039
2026-07-23 22:28:23,Cell_50,2.018,29.045,66.96,209,1,878
2026-07-23 22:28:23,Cell_51,1.825,50.0,79.63,163,2,938
2026-07-23 22:28:23,Cell_52,2.143,22.006,30.55,68,0,1117
2026-07-23 22:28:23,Cell_53,2.227,18.002,39.06,149,0,1046
2026-07-23 22:28:23,Cell_54,2.183,5.501,29.0,138,0,1045
2026-07-23 22:28:23,Cell_55,2.208,23.304,38.19,202,0,987
2026-07-23 22:28:23,Cell_6,2.159,17.216,30.58,147,0,1038
2026-07-23 22:28:23,Cell_7,2.201,50.0,47.32,164,0,1027
2026-07-23 22:28:23,Cell_8,2.081,32.644,42.23,115,0,1078
2026-07-23 22:28:23,Cell_9,2.293,30.391,38.24,99,0,1088
2026-07-23 22:30:23,Cell_1,2.15,31.32,42.49,211,0,975
2026-07-23 22:30:23,Cell_10,2.185,36.473,39.69,184,0,1001
2026-07-23 22:30:23,Cell_11,2.19,26.972,37.37,140,0,1054
2026-07-23 22:30:23,Cell_12,2.135,16.369,29.35,157,0,1036
2026-07-23 22:30:23,Cell_13,2.185,20.687,36.43,60,0,1122
2026-07-23 22:30:23,Cell_14,2.255,29.994,35.21,135,0,1061
2026-07-23 22:30:23,Cell_15,2.224,32.79,31.55,79,0,1119
2026-07-23 22:30:23,Cell_16,2.163,21.796,37.99,155,0,1027
2026-07-23 22:30:23,Cell_17,2.19,22.128,38.86,204,0,984
2026-07-23 22:30:23,Cell_18,2.228,23.121,37.23,168,0,1015
2026-07-23 22:30:23,Cell_19,2.3,14.906,29.49,140,0,1048
2026-07-23 22:30:23,Cell_2,2.131,17.054,32.94,141,0,1051
2026-07-23 22:30:23,Cell_20,2.165,33.148,38.38,157,0,1024
2026-07-23 22:30:23,Cell_21,2.23,27.994,37.81,68,0,1124
2026-07-23 22:30:23,Cell_22,2.24,35.482,39.12,175,0,1018
2026-07-23 22:30:23,Cell_23,2.259,33.014,41.15,174,0,1010
2026-07-23 22:30:23,Cell_24,2.233,38.325,42.31,191,0,1000
2026-07-23 22:30:23,Cell_25,2.245,18.372,29.31,113,0,1075
2026-07-23 22:30:23,Cell_26,2.166,16.683,36.56,208,0,985
2026-07-23 22:30:23,Cell_27,2.222,0.0,25.43,123,0,1074
2026-07-23 22:30:23,Cell_28,2.284,40.307,45.33,125,0,1061
2026-07-23 22:30:23,Cell_29,2.22,20.664,37.36,100,0,1082
2026-07-23 22:30:23,Cell_3,2.165,21.479,31.71,191,0,1000
2026-07-23 22:30:23,Cell_30,2.256,20.656,33.75,103,0,1079
2026-07-23 22:30:23,Cell_31,2.277,25.624,36.12,120,0,1078
2026-07-23 22:30:23,Cell_32,2.143,18.975,32.69,116,0,1084
2026-07-23 22:30:23,Cell_33,2.255,30.474,43.42,90,0,1092
2026-07-23 22:30:23,Cell_34,2.13,46.777,41.74,180,0,1019
2026-07-23 22:30:23,Cell_35,2.137,29.23,36.97,165,0,1034
2026-07-23 22:30:23,Cell_36,2.3,27.389,29.89,95,0,1100
2026-07-23 22:30:23,Cell_37,2.244,33.663,40.66,130,0,1069
2026-07-23 22:30:23,Cell_38,2.144,27.315,35.66,158,0,1030
2026-07-23 22:30:23,Cell_39,2.249,17.648,31.47,192,0,991
2026-07-23 22:30:23,Cell_4,2.258,9.382,27.28,169,0,1018
2026-07-23 22:30:23,Cell_40,2.253,31.955,39.71,155,0,1032
2026-07-23 22:30:23,Cell_41,2.27,26.593,34.57,161,0,1028
2026-07-23 22:30:23,Cell_42,2.197,21.509,28.14,121,0,1068
2026-07-23 22:30:23,Cell_43,2.195,24.91,34.76,160,0,1028
2026-07-23 22:30:23,Cell_44,2.219,21.228,34.63,117,0,1069
2026-07-23 22:30:23,Cell_45,2.263,21.379,29.48,136,0,1059
2026-07-23 22:30:23,Cell_46,2.201,30.979,38.88,82,0,1101
2026-07-23 22:30:23,Cell_47,2.209,21.186,34.92,161,0,1037
2026-07-23 22:30:23,Cell_48,2.232,50.0,45.15,81,0,1113
2026-07-23 22:30:23,Cell_49,2.153,21.026,28.15,159,0,1039
2026-07-23 22:30:23,Cell_5,2.183,30.635,38.6,146,0,1048
2026-07-23 22:30:23,Cell_50,2.211,23.76,38.58,209,0,980
2026-07-23 22:30:23,Cell_51,2.255,36.257,39.81,163,0,1027
2026-07-23 22:30:23,Cell_52,2.235,20.285,35.33,69,0,1114
2026-07-23 22:30:23,Cell_53,2.17,7.989,33.78,149,0,1036
2026-07-23 22:30:23,Cell_54,2.186,6.681,25.76,138,0,1057
2026-07-23 22:30:23,Cell_55,2.22,19.408,32.87,202,0,991
2026-07-23 22:30:23,Cell_6,2.238,16.152,30.74,147,0,1034
2026-07-23 22:30:23,Cell_7,2.17,10.248,30.53,164,0,1032
2026-07-23 22:30:23,Cell_8,2.199,34.081,40.58,115,0,1073
2026-07-23 22:30:23,Cell_9,2.178,26.777,35.38,99,0,1087
2026-07-23 22:32:23,Cell_1,2.219,16.935,31.32,211,0,981
2026-07-23 22:32:23,Cell_10,2.228,31.892,38.64,184,0,1004
2026-07-23 22:32:23,Cell_11,2.289,36.107,39.09,140,0,1053
2026-07-23 22:32:23,Cell_12,2.097,12.54,60.0,157,1,1037
2026-07-23 22:32:23,Cell_13,2.189,7.929,26.79,60,0,1122
2026-07-23 22:32:23,Cell_14,2.172,19.217,33.03,135,0,1064
2026-07-23 22:32:23,Cell_15,1.9,33.755,81.03,79,2,1072
2026-07-23 22:32:23,Cell_16,2.214,20.007,36.34,155,0,1039
2026-07-23 22:32:23,Cell_17,2.172,19.821,36.06,204,0,992
2026-07-23 22:32:23,Cell_18,2.266,15.432,32.43,168,0,1029
2026-07-23 22:32:23,Cell_19,2.154,15.681,32.79,140,0,1059
2026-07-23 22:32:23,Cell_2,2.161,44.559,47.83,141,0,1051
2026-07-23 22:32:23,Cell_20,2.113,37.012,60.65,157,1,952
2026-07-23 22:32:23,Cell_21,2.27,21.884,27.37,68,0,1128
2026-07-23 22:32:23,Cell_22,2.216,25.836,42.25,175,0,1010
2026-07-23 22:32:23,Cell_23,2.227,19.068,29.29,174,0,1024
2026-07-23 22:32:23,Cell_24,2.134,19.327,35.71,191,0,1009
2026-07-23 22:32:23,Cell_25,2.156,36.966,44.6,113,0,1078
2026-07-23 22:32:23,Cell_26,2.137,20.439,34.36,208,0,975
2026-07-23 22:32:23,Cell_27,2.186,25.85,37.23,123,0,1067
2026-07-23 22:32:23,Cell_28,2.238,21.327,32.34,125,0,1058
2026-07-23 22:32:23,Cell_29,2.283,35.323,42.17,100,0,1091
2026-07-23 22:32:23,Cell_3,2.097,26.939,40.12,191,0,1004
2026-07-23 22:32:23,Cell_30,2.197,39.167,37.55,103,0,1092
2026-07-23 22:32:23,Cell_31,2.238,35.541,39.45,120,0,1074
2026-07-23 22:32:23,Cell_32,2.219,21.16,34.88,116,0,1077
2026-07-23 22:32:23,Cell_33,2.145,26.923,31.83,90,0,1104
2026-07-23 22:32:23,Cell_34,2.081,13.568,29.9,180,0,1012
2026-07-23 22:32:23,Cell_35,2.282,32.611,43.68,165,0,1019
2026-07-23 22:32:23,Cell_36,2.172,31.204,35.76,95,0,1095
2026-07-23 22:32:23,Cell_37,2.193,11.487,35.44,130,0,1063
2026-07-23 22:32:23,Cell_38,2.187,28.38,38.79,158,0,1027
2026-07-23 22:32:23,Cell_39,2.106,13.062,30.95,192,0,1006
2026-07-23 22:32:23,Cell_4,2.237,21.382,35.13,170,0,1019
2026-07-23 22:32:23,Cell_40,2.216,15.215,28.13,155,0,1027
2026-07-23 22:32:23,Cell_41,2.15,39.519,38.32,161,0,1027
2026-07-23 22:32:23,Cell_42,2.291,19.292,31.64,121,0,1078
2026-07-23 22:32:23,Cell_43,2.2,31.467,37.36,160,0,1024
2026-07-23 22:32:23,Cell_44,2.169,44.627,66.44,117,1,1006
2026-07-23 22:32:23,Cell_45,2.124,26.419,36.25,136,0,1047
2026-07-23 22:32:23,Cell_46,2.206,23.927,32.08,82,0,1111
2026-07-23 22:32:23,Cell_47,2.18,35.569,39.18,161,0,1024
2026-07-23 22:32:23,Cell_48,2.1,18.402,35.34,81,0,1110
2026-07-23 22:32:23,Cell_49,2.222,2.2,24.1,159,0,1024
2026-07-23 22:32:23,Cell_5,2.139,19.896,33.17,146,0,1052
2026-07-23 22:32:23,Cell_50,2.15,30.336,41.33,209,0,983
2026-07-23 22:32:23,Cell_51,2.16,12.504,29.8,163,0,1026
2026-07-23 22:32:23,Cell_52,2.285,11.27,28.38,69,0,1131
2026-07-23 22:32:23,Cell_53,2.287,36.044,38.76,149,0,1044
2026-07-23 22:32:23,Cell_54,2.164,21.827,36.02,138,0,1048
2026-07-23 22:32:23,Cell_55,2.213,45.938,46.76,202,0,979
2026-07-23 22:32:23,Cell_6,2.217,21.512,39.61,147,0,1041
2026-07-23 22:32:23,Cell_7,2.231,30.32,37.74,164,0,1027
2026-07-23 22:32:23,Cell_8,2.215,17.238,38.36,115,0,1072
2026-07-23 22:32:23,Cell_9,2.266,25.242,34.12,99,0,1087
2026-07-23 22:34:23,Cell_1,2.149,38.274,43.45,211,0,980
2026-07-23 22:34:23,Cell_10,2.179,38.713,37.74,184,0,1013
2026-07-23 22:34:23,Cell_11,2.212,43.916,42.33,140,0,1054
2026-07-23 22:34:23,Cell_12,2.175,30.733,40.71,157,0,1036
2026-07-23 22:34:23,Cell_13,2.264,13.053,29.33,60,0,1136
2026-07-23 22:34:23,Cell_14,2.286,21.907,34.46,135,0,1048
2026-07-23 22:34:23,Cell_15,2.17,21.432,37.33,79,0,1110
2026-07-23 22:34:23,Cell_16,2.253,24.978,38.5,155,0,1038
2026-07-23 22:34:23,Cell_17,2.166,13.33,30.79,204,0,992
2026-07-23 22:34:23,Cell_18,2.257,40.87,39.75,168,0,1013
2026-07-23 22:34:23,Cell_19,2.183,22.475,36.47,140,0,1056
2026-07-23 22:34:23,Cell_2,2.219,3.018,25.74,141,0,1047
2026-07-23 22:34:23,Cell_20,2.174,11.461,33.3,157,0,1037
2026-07-23 22:34:23,Cell_21,2.239,22.854,37.34,68,0,1125
2026-07-23 22:34:23,Cell_22,2.282,31.541,37.16,175,0,1013
2026-07-23 22:34:23,Cell_23,2.197,23.039,33.62,174,0,1010
2026-07-23 22:34:23,Cell_24,2.187,36.396,42.8,191,0,1004
2026-07-23 22:34:23,Cell_25,2.182,21.618,36.5,113,0,1079
2026-07-23 22:34:23,Cell_26,2.152,31.215,38.85,208,0,975
2026-07-23 22:34:23,Cell_27,2.195,25.428,39.3,123,0,1077
2026-07-23 22:34:23,Cell_28,2.294,11.067,30.58,125,0,1075
2026-07-23 22:34:23,Cell_29,2.258,32.109,40.62,100,0,1097
2026-07-23 22:34:23,Cell_3,2.251,18.388,32.82,191,0,992
2026-07-23 22:34:23,Cell_30,2.213,17.519,34.02,103,0,1090
2026-07-23 22:34:23,Cell_31,2.204,29.947,41.84,120,0,1066
2026-07-23 22:34:23,Cell_32,2.253,26.665,37.45,116,0,1073
2026-07-23 22:34:23,Cell_33,2.3,0.0,26.88,90,0,1097
2026-07-23 22:34:23,Cell_34,2.159,25.629,38.79,180,0,1004
2026-07-23 22:34:23,Cell_35,2.148,26.59,73.83,165,1,945
2026-07-23 22:34:23,Cell_36,1.887,33.18,80.19,95,2,1041
2026-07-23 22:34:23,Cell_37,2.184,19.237,35.49,130,0,1067
2026-07-23 22:34:23,Cell_38,2.208,33.115,35.81,158,0,1036
2026-07-23 22:34:23,Cell_39,2.252,29.915,44.79,192,0,1002
2026-07-23 22:34:23,Cell_4,2.128,21.856,68.26,170,1,931
2026-07-23 22:34:23,Cell_40,2.248,23.036,27.23,155,0,1040
2026-07-23 22:34:23,Cell_41,2.156,43.347,43.24,161,0,1031
2026-07-23 22:34:23,Cell_42,2.257,26.821,36.6,121,0,1064
2026-07-23 22:34:23,Cell_43,2.141,29.26,38.27,160,0,1036
2026-07-23 22:34:23,Cell_44,2.278,24.324,33.26,118,0,1073
2026-07-23 22:34:23,Cell_45,2.174,22.627,33.21,136,0,1052
2026-07-23 22:34:23,Cell_46,2.3,14.794,32.72,83,0,1115
2026-07-23 22:34:23,Cell_47,2.232,31.679,35.89,161,0,1027
2026-07-23 22:34:23,Cell_48,2.235,32.55,40.09,81,0,1116
2026-07-23 22:34:23,Cell_49,2.193,11.216,31.21,159,0,1024
2026-07-23 22:34:23,Cell_5,2.218,26.272,33.98,146,0,1042
2026-07-23 22:34:23,Cell_50,2.116,44.571,37.31,209,0,978
2026-07-23 22:34:23,Cell_51,2.192,22.984,33.85,163,0,1020
2026-07-23 22:34:23,Cell_52,2.259,17.012,29.9,70,0,1121
2026-07-23 22:34:23,Cell_53,2.052,0.304,63.84,149,1,971
2026-07-23 22:34:23,Cell_54,2.286,12.421,36.09,138,0,1044
2026-07-23 22:34:23,Cell_55,2.175,37.554,47.87,202,0,998
2026-07-23 22:34:23,Cell_6,2.177,15.328,32.71,147,0,1035
2026-07-23 22:34:23,Cell_7,2.199,28.358,43.75,164,0,1019
2026-07-23 22:34:23,Cell_8,2.19,43.758,49.29,115,0,1084
2026-07-23 22:34:23,Cell_9,2.192,13.722,34.14,99,0,1086
2026-07-23 22:36:23,Cell_1,2.13,21.9,40.51,211,0,982
2026-07-23 22:36:23,Cell_10,2.131,5.88,29.99,184,0,1016
2026-07-23 22:36:23,Cell_11,2.3,22.929,39.68,140,0,1047
2026-07-23 22:36:23,Cell_12,2.181,20.477,33.9,157,0,1037
2026-07-23 22:36:23,Cell_13,2.135,22.401,35.82,60,0,1126
2026-07-23 22:36:23,Cell_14,2.248,42.283,43.13,135,0,1054
2026-07-23 22:36:23,Cell_15,2.286,27.799,43.82,79,0,1120
2026-07-23 22:36:23,Cell_16,2.214,29.102,37.36,155,0,1036
2026-07-23 22:36:23,Cell_17,2.071,26.38,68.01,204,1,875
2026-07-23 22:36:23,Cell_18,2.211,21.319,34.47,168,0,1028
2026-07-23 22:36:23,Cell_19,2.3,23.5,35.68,140,0,1041
2026-07-23 22:36:23,Cell_2,2.273,49.521,47.07,141,0,1051
2026-07-23 22:36:23,Cell_20,2.209,24.482,30.02,157,0,1030
2026-07-23 22:36:23,Cell_21,2.176,12.304,30.76,68,0,1113
2026-07-23 22:36:23,Cell_22,2.136,16.06,33.34,175,0,1024
2026-07-23 22:36:23,Cell_23,2.219,18.576,32.21,174,0,1014
2026-07-23 22:36:23,Cell_24,2.158,19.369,35.63,191,0,1009
2026-07-23 22:36:23,Cell_25,2.236,20.569,36.79,113,0,1085
2026-07-23 22:36:23,Cell_26,2.219,21.829,36.38,208,0,984
2026-07-23 22:36:23,Cell_27,2.084,29.934,63.28,124,1,1013
2026-07-23 22:36:23,Cell_28,2.222,18.298,36.98,125,0,1065
2026-07-23 22:36:23,Cell_29,2.221,30.755,35.41,100,0,1084
2026-07-23 22:36:23,Cell_3,2.098,48.006,64.18,191,1,903
2026-07-23 22:36:23,Cell_30,2.229,20.51,32.05,103,0,1085
2026-07-23 22:36:23,Cell_31,2.273,22.439,37.55,120,0,1063
2026-07-23 22:36:23,Cell_32,2.165,18.196,28.48,116,0,1071
2026-07-23 22:36:23,Cell_33,2.244,10.507,30.62,90,0,1091
2026-07-23 22:36:23,Cell_34,2.205,44.29,46.29,181,0,1000
2026-07-23 22:36:23,Cell_35,2.206,15.871,33.74,165,0,1017
2026-07-23 22:36:23,Cell_36,2.217,24.788,35.69,95,0,1095
2026-07-23 22:36:23,Cell_37,2.144,15.617,34.5,130,0,1054
2026-07-23 22:36:23,Cell_38,2.23,5.591,30.29,158,0,1040
2026-07-23 22:36:23,Cell_39,2.196,23.489,38.45,192,0,1004
2026-07-23 22:36:23,Cell_4,2.145,28.632,39.33,170,0,1029
2026-07-23 22:36:23,Cell_40,2.191,26.688,34.9,156,0,1025
2026-07-23 22:36:23,Cell_41,2.113,38.759,40.76,161,0,1038
2026-07-23 22:36:23,Cell_42,2.173,22.086,35.38,121,0,1069
2026-07-23 22:36:23,Cell_43,2.18,29.257,39.58,160,0,1024
2026-07-23 22:36:23,Cell_44,2.147,39.326,49.52,118,0,1068
2026-07-23 22:36:23,Cell_45,2.2,37.319,70.4,136,1,980
2026-07-23 22:36:23,Cell_46,2.185,26.115,33.33,83,0,1105
2026-07-23 22:36:23,Cell_47,2.255,30.259,40.21,161,0,1034
2026-07-23 22:36:23,Cell_48,2.186,38.776,73.19,81,1,1075
2026-07-23 22:36:23,Cell_49,2.212,29.08,42.67,159,0,1039
2026-07-23 22:36:23,Cell_5,2.239,12.636,29.85,146,0,1047
2026-07-23 22:36:23,Cell_50,2.169,23.706,36.52,209,0,979
2026-07-23 22:36:23,Cell_51,2.197,24.429,34.56,163,0,1026
2026-07-23 22:36:23,Cell_52,2.25,36.676,38.73,70,0,1120
2026-07-23 22:36:23,Cell_53,2.167,32.503,37.32,149,0,1033
2026-07-23 22:36:23,Cell_54,2.255,19.99,34.69,138,0,1056
2026-07-23 22:36:23,Cell_55,2.3,33.064,40.98,202,0,997
2026-07-23 22:36:23,Cell_6,2.244,36.456,37.07,147,0,1036
2026-07-23 22:36:23,Cell_7,1.9,40.852,75.31,164,2,938
2026-07-23 22:36:23,Cell_8,2.252,38.417,35.59,115,0,1081
2026-07-23 22:36:23,Cell_9,2.291,19.321,30.89,99,0,1094
2026-07-23 22:38:23,Cell_1,2.179,25.372,36.56,211,0,980
2026-07-23 22:38:23,Cell_10,2.181,17.164,31.31,184,0,1005
2026-07-23 22:38:23,Cell_11,2.248,32.722,40.16,140,0,1047
2026-07-23 22:38:23,Cell_12,2.248,10.91,31.55,157,0,1033
2026-07-23 22:38:23,Cell_13,2.048,24.111,66.22,60,1,1104
2026-07-23 22:38:23,Cell_14,2.196,32.333,41.72,135,0,1061
2026-07-23 22:38:23,Cell_15,2.104,23.719,60.0,80,1,1118
2026-07-23 22:38:23,Cell_16,2.154,28.693,37.93,155,0,1044
2026-07-23 22:38:23,Cell_17,2.215,18.714,31.89,204,0,977
2026-07-23 22:38:23,Cell_18,2.227,19.89,28.58,168,0,1030
2026-07-23 22:38:23,Cell_19,2.3,36.994,41.39,140,0,1041
2026-07-23 22:38:23,Cell_2,2.167,34.094,45.68,141,0,1058
2026-07-23 22:38:23,Cell_20,2.124,30.725,36.34,157,0,1033
2026-07-23 22:38:23,Cell_21,2.3,39.018,34.94,68,0,1127
2026-07-23 22:38:23,Cell_22,2.211,33.739,40.33,175,0,1006
2026-07-23 22:38:23,Cell_23,2.154,31.019,35.39,174,0,1011
2026-07-23 22:38:23,Cell_24,2.163,12.075,26.63,191,0,994
2026-07-23 22:38:23,Cell_25,2.164,14.566,28.23,113,0,1076
2026-07-23 22:38:23,Cell_26,2.19,19.336,37.81,208,0,980
2026-07-23 22:38:23,Cell_27,2.095,31.985,36.68,124,0,1074
2026-07-23 22:38:23,Cell_28,2.136,8.259,36.1,125,0,1058
2026-07-23 22:38:23,Cell_29,2.263,25.634,35.85,100,0,1094
2026-07-23 22:38:23,Cell_3,2.212,33.384,38.06,191,0,999
2026-07-23 22:38:23,Cell_30,2.21,38.31,37.5,103,0,1084
2026-07-23 22:38:23,Cell_31,2.159,40.302,40.3,120,0,1075
2026-07-23 22:38:23,Cell_32,2.216,38.704,40.73,116,0,1079
2026-07-23 22:38:23,Cell_33,2.17,21.345,31.06,90,0,1094
2026-07-23 22:38:23,Cell_34,2.114,33.357,75.0,181,2,924
2026-07-23 22:38:23,Cell_35,2.245,5.617,28.97,165,0,1019
2026-07-23 22:38:23,Cell_36,2.23,33.078,42.01,96,0,1091
2026-07-23 22:38:23,Cell_37,2.19,14.402,26.66,130,0,1051
2026-07-23 22:38:23,Cell_38,2.217,29.099,33.68,158,0,1027
2026-07-23 22:38:23,Cell_39,2.161,18.947,35.95,192,0,1003
2026-07-23 22:38:23,Cell_4,2.201,37.1,37.08,170,0,1019
2026-07-23 22:38:23,Cell_40,2.235,13.27,35.14,156,0,1044
2026-07-23 22:38:23,Cell_41,2.24,32.586,40.26,161,0,1036
2026-07-23 22:38:23,Cell_42,2.22,14.808,32.65,122,0,1072
2026-07-23 22:38:23,Cell_43,2.198,17.586,35.11,160,0,1023
2026-07-23 22:38:23,Cell_44,2.191,18.932,28.15,118,0,1063
2026-07-23 22:38:23,Cell_45,2.182,30.859,31.94,136,0,1047
2026-07-23 22:38:23,Cell_46,2.223,31.082,39.42,83,0,1113
2026-07-23 22:38:23,Cell_47,2.215,32.745,33.17,161,0,1036
2026-07-23 22:38:23,Cell_48,2.23,35.345,37.84,81,0,1115
2026-07-23 22:38:23,Cell_49,2.262,35.182,46.96,159,0,1034
2026-07-23 22:38:23,Cell_5,2.17,30.715,39.49,146,0,1049
2026-07-23 22:38:23,Cell_50,2.148,26.699,35.14,209,0,984
2026-07-23 22:38:23,Cell_51,2.114,18.797,33.71,163,0,1027
2026-07-23 22:38:23,Cell_52,2.254,21.343,38.46,70,0,1128
2026-07-23 22:38:23,Cell_53,2.211,25.141,35.33,149,0,1039
2026-07-23 22:38:23,Cell_54,2.167,26.768,39.18,138,0,1058
2026-07-23 22:38:23,Cell_55,2.218,8.722,29.36,202,0,983
2026-07-23 22:38:23,Cell_6,2.136,29.91,41.74,147,0,1034
2026-07-23 22:38:23,Cell_7,2.162,40.113,40.15,165,0,1016
2026-07-23 22:38:23,Cell_8,2.217,44.176,41.03,115,0,1067
2026-07-23 22:38:23,Cell_9,2.28,14.045,34.5,99,0,1096
2026-07-23 22:40:23,Cell_1,2.232,5.609,26.47,211,0,970
2026-07-23 22:40:23,Cell_10,2.207,44.448,40.11,184,0,1005
2026-07-23 22:40:23,Cell_11,2.181,30.826,38.47,140,0,1049
2026-07-23 22:40:23,Cell_12,2.267,18.996,32.07,157,0,1035
2026-07-23 22:40:23,Cell_13,2.239,28.119,34.45,60,0,1136
2026-07-23 22:40:23,Cell_14,2.3,20.569,37.14,135,0,1053
2026-07-23 22:40:23,Cell_15,2.253,37.367,42.07,80,0,1107
2026-07-23 22:40:23,Cell_16,2.267,15.556,33.69,155,0,1029
2026-07-23 22:40:23,Cell_17,2.295,17.514,31.86,204,0,989
2026-07-23 22:40:23,Cell_18,2.291,40.256,44.39,168,0,1027
2026-07-23 22:40:23,Cell_19,2.196,12.391,35.52,140,0,1045
2026-07-23 22:40:23,Cell_2,2.178,14.892,30.39,141,0,1045
2026-07-23 22:40:23,Cell_20,2.226,29.409,39.74,158,0,1042
2026-07-23 22:40:23,Cell_21,2.116,6.057,31.7,68,0,1125
2026-07-23 22:40:23,Cell_22,2.171,20.384,32.62,175,0,1006
2026-07-23 22:40:23,Cell_23,2.199,21.662,36.83,174,0,1020
2026-07-23 22:40:23,Cell_24,2.198,15.999,30.14,191,0,996
2026-07-23 22:40:23,Cell_25,2.159,21.165,34.26,113,0,1073
2026-07-23 22:40:23,Cell_26,2.126,42.606,42.76,208,0,992
2026-07-23 22:40:23,Cell_27,2.17,20.97,34.49,124,0,1076
2026-07-23 22:40:23,Cell_28,2.182,10.699,28.93,125,0,1067
2026-07-23 22:40:23,Cell_29,2.224,13.505,34.58,100,0,1090
2026-07-23 22:40:23,Cell_3,2.147,26.479,38.64,191,0,1003
2026-07-23 22:40:23,Cell_30,2.3,35.791,36.94,103,0,1097
2026-07-23 22:40:23,Cell_31,2.183,34.434,40.9,120,0,1075
2026-07-23 22:40:23,Cell_32,2.153,26.726,64.24,116,1,1024
2026-07-23 22:40:23,Cell_33,2.238,44.947,44.16,90,0,1104
2026-07-23 22:40:23,Cell_34,2.168,13.115,25.98,181,0,1009
2026-07-23 22:40:23,Cell_35,2.18,38.407,38.31,165,0,1033
2026-07-23 22:40:23,Cell_36,2.189,21.876,35.47,96,0,1089
2026-07-23 22:40:23,Cell_37,2.229,27.626,38.68,130,0,1052
2026-07-23 22:40:23,Cell_38,2.117,26.233,34.96,158,0,1031
2026-07-23 22:40:23,Cell_39,2.163,6.192,32.64,192,0,994
2026-07-23 22:40:23,Cell_4,2.178,29.549,32.68,170,0,1019
2026-07-23 22:40:23,Cell_40,2.196,42.224,41.61,156,0,1029
2026-07-23 22:40:23,Cell_41,2.249,25.474,33.52,161,0,1035
2026-07-23 22:40:23,Cell_42,2.285,25.454,40.33,122,0,1061
2026-07-23 22:40:23,Cell_43,2.226,15.953,30.28,160,0,1030
2026-07-23 22:40:23,Cell_44,2.206,40.097,43.19,118,0,1071
2026-07-23 22:40:23,Cell_45,2.157,35.679,38.51,137,0,1055
2026-07-23 22:40:23,Cell_46,2.252,33.037,29.0,83,0,1108
2026-07-23 22:40:23,Cell_47,2.215,29.977,35.47,161,0,1035
2026-07-23 22:40:23,Cell_48,2.287,25.56,34.51,81,0,1102
2026-07-23 22:40:23,Cell_49,2.098,39.892,73.14,159,1,947
2026-07-23 22:40:23,Cell_5,2.267,10.06,36.66,146,0,1038
2026-07-23 22:40:23,Cell_50,1.9,39.471,83.5,209,2,872
2026-07-23 22:40:23,Cell_51,2.153,21.393,36.88,163,0,1034
2026-07-23 22:40:23,Cell_52,2.171,17.115,35.26,70,0,1112
2026-07-23 22:40:23,Cell_53,2.214,17.209,36.84,149,0,1035
2026-07-23 22:40:23,Cell_54,2.203,21.504,32.7,138,0,1044
2026-07-23 22:40:23,Cell_55,2.102,35.442,67.21,202,1,896
2026-07-23 22:40:23,Cell_6,2.216,19.734,33.76,147,0,1034
2026-07-23 22:40:23,Cell_7,2.074,26.634,60.34,165,1,949
2026-07-23 22:40:23,Cell_8,2.185,26.275,33.14,115,0,1070
2026-07-23 22:40:23,Cell_9,2.066,20.974,61.65,100,1,1031
2026-07-23 22:42:23,Cell_1,2.197,33.908,36.15,211,0,975
2026-07-23 22:42:23,Cell_10,2.201,23.526,34.52,184,0,1011
2026-07-23 22:42:23,Cell_11,2.157,37.157,46.92,140,0,1042
2026-07-23 22:42:23,Cell_12,2.17,19.217,31.26,157,0,1040
2026-07-23 22:42:23,Cell_13,2.154,26.222,39.3,60,0,1127
2026-07-23 22:42:23,Cell_14,1.866,42.457,86.7,135,2,981
2026-07-23 22:42:23,Cell_15,2.175,23.985,36.9,80,0,1117
2026-07-23 22:42:23,Cell_16,2.246,34.113,41.83,155,0,1033
2026-07-23 22:42:23,Cell_17,2.193,40.089,43.58,204,0,978
2026-07-23 22:42:23,Cell_18,2.195,19.053,31.19,168,0,1023
2026-07-23 22:42:23,Cell_19,2.126,16.508,37.53,140,0,1060
2026-07-23 22:42:23,Cell_2,2.251,36.255,36.12,141,0,1048
2026-07-23 22:42:23,Cell_20,2.286,17.781,32.41,158,0,1030
2026-07-23 22:42:23,Cell_21,2.2,21.806,32.74,68,0,1129
2026-07-23 22:42:23,Cell_22,2.168,27.419,36.99,175,0,1009
2026-07-23 22:42:23,Cell_23,2.16,25.455,32.35,174,0,1016
2026-07-23 22:42:23,Cell_24,2.094,27.229,60.0,191,1,1008
2026-07-23 22:42:23,Cell_25,2.16,25.892,35.85,113,0,1079
2026-07-23 22:42:23,Cell_26,2.141,2.189,23.73,208,0,976
2026-07-23 22:42:23,Cell_27,2.209,26.357,37.02,124,0,1062
2026-07-23 22:42:23,Cell_28,2.188,10.396,30.27,125,0,1064
2026-07-23 22:42:23,Cell_29,2.16,28.311,34.14,100,0,1098
2026-07-23 22:42:23,Cell_3,2.082,19.089,34.51,191,0,997
2026-07-23 22:42:23,Cell_30,2.268,20.604,40.29,103,0,1091
2026-07-23 22:42:23,Cell_31,2.218,16.496,30.95,120,0,1079
2026-07-23 22:42:23,Cell_32,2.145,22.32,68.13,116,1,1013
2026-07-23 22:42:23,Cell_33,2.135,48.161,45.13,90,0,1097
2026-07-23 22:42:23,Cell_34,1.9,46.927,79.1,181,2,920
2026-07-23 22:42:23,Cell_35,2.23,22.485,34.54,165,0,1034
2026-07-23 22:42:23,Cell_36,2.194,20.74,35.84,96,0,1092
2026-07-23 22:42:23,Cell_37,2.207,22.707,31.46,130,0,1056
2026-07-23 22:42:23,Cell_38,2.076,33.34,35.42,158,0,1033
2026-07-23 22:42:23,Cell_39,2.26,18.543,35.68,192,0,994
2026-07-23 22:42:23,Cell_4,2.246,22.484,40.16,170,0,1013
2026-07-23 22:42:23,Cell_40,2.212,26.291,38.78,156,0,1036
2026-07-23 22:42:23,Cell_41,2.204,21.519,39.1,161,0,1027
2026-07-23 22:42:23,Cell_42,2.284,35.504,38.94,122,0,1063
2026-07-23 22:42:23,Cell_43,2.206,27.573,38.06,160,0,1021
2026-07-23 22:42:23,Cell_44,2.208,17.058,31.14,118,0,1076
2026-07-23 22:42:23,Cell_45,2.17,47.068,44.96,137,0,1054
2026-07-23 22:42:23,Cell_46,2.157,29.63,44.49,83,0,1109
2026-07-23 22:42:23,Cell_47,2.208,29.01,43.82,161,0,1025
2026-07-23 22:42:23,Cell_48,2.19,13.624,34.77,81,0,1116
2026-07-23 22:42:23,Cell_49,2.279,23.302,32.33,159,0,1030
2026-07-23 22:42:23,Cell_5,2.159,38.826,36.72,146,0,1053
2026-07-23 22:42:23,Cell_50,2.166,18.716,31.64,209,0,983
2026-07-23 22:42:23,Cell_51,2.175,38.288,42.85,163,0,1029
2026-07-23 22:42:23,Cell_52,2.222,36.726,44.12,70,0,1122
2026-07-23 22:42:23,Cell_53,2.231,11.972,31.87,149,0,1036
2026-07-23 22:42:23,Cell_54,2.237,8.281,34.84,138,0,1058
2026-07-23 22:42:23,Cell_55,2.144,29.403,40.49,202,0,983
2026-07-23 22:42:23,Cell_6,2.152,8.997,30.75,148,0,1037
2026-07-23 22:42:23,Cell_7,2.265,15.795,39.93,165,0,1030
2026-07-23 22:42:23,Cell_8,2.195,29.43,39.48,115,0,1066
2026-07-23 22:42:23,Cell_9,2.27,23.117,35.59,100,0,1099
2026-07-23 22:44:23,Cell_1,2.192,27.572,36.68,211,0,982
2026-07-23 22:44:23,Cell_10,2.218,23.225,36.86,184,0,999
2026-07-23 22:44:23,Cell_11,2.215,38.138,45.49,140,0,1054
2026-07-23 22:44:23,Cell_12,2.17,25.457,37.62,157,0,1031
2026-07-23 22:44:23,Cell_13,2.19,19.886,36.07,60,0,1133
2026-07-23 22:44:23,Cell_14,2.213,23.23,34.26,135,0,1051
2026-07-23 22:44:23,Cell_15,2.3,25.826,43.03,80,0,1104
2026-07-23 22:44:23,Cell_16,2.238,19.494,35.73,155,0,1039
2026-07-23 22:44:23,Cell_17,2.15,19.688,36.56,204,0,978
2026-07-23 22:44:23,Cell_18,2.263,28.499,34.76,168,0,1029
2026-07-23 22:44:23,Cell_19,2.179,24.4,32.75,140,0,1052
2026-07-23 22:44:23,Cell_2,2.174,3.315,26.61,141,0,1052
2026-07-23 22:44:23,Cell_20,2.161,25.675,35.82,158,0,1029
2026-07-23 22:44:23,Cell_21,2.24,36.918,42.11,68,0,1129
2026-07-23 22:44:23,Cell_22,2.188,23.198,36.18,175,0,1010
2026-07-23 22:44:23,Cell_23,2.025,19.083,64.56,174,1,925
2026-07-23 22:44:23,Cell_24,2.151,17.024,34.7,191,0,992
2026-07-23 22:44:23,Cell_25,2.183,18.514,30.03,113,0,1081
2026-07-23 22:44:23,Cell_26,2.12,31.624,39.83,208,0,977
2026-07-23 22:44:23,Cell_27,2.201,38.459,41.55,125,0,1070
2026-07-23 22:44:23,Cell_28,2.168,13.899,31.01,125,0,1072
2026-07-23 22:44:23,Cell_29,2.128,19.581,33.35,100,0,1087
2026-07-23 22:44:23,Cell_3,2.252,27.813,40.32,191,0,1001
2026-07-23 22:44:23,Cell_30,2.148,11.39,29.0,103,0,1083
2026-07-23 22:44:23,Cell_31,2.122,31.217,41.18,120,0,1070
2026-07-23 22:44:23,Cell_32,2.245,32.562,42.61,116,0,1072
2026-07-23 22:44:23,Cell_33,2.205,20.855,37.98,90,0,1092
2026-07-23 22:44:23,Cell_34,2.149,19.669,63.19,181,1,915
2026-07-23 22:44:23,Cell_35,2.188,10.302,27.69,165,0,1032
2026-07-23 22:44:23,Cell_36,2.251,17.593,33.12,96,0,1087
2026-07-23 22:44:23,Cell_37,2.22,12.647,30.94,130,0,1065
2026-07-23 22:44:23,Cell_38,2.153,22.189,32.12,158,0,1036
2026-07-23 22:44:23,Cell_39,2.183,23.058,36.93,192,0,994
2026-07-23 22:44:23,Cell_4,2.161,20.171,33.4,170,0,1027
2026-07-23 22:44:23,Cell_40,2.108,22.062,31.97,156,0,1037
2026-07-23 22:44:23,Cell_41,2.122,26.782,39.95,161,0,1024
2026-07-23 22:44:23,Cell_42,2.176,14.557,30.22,122,0,1061
2026-07-23 22:44:23,Cell_43,2.212,26.753,36.91,161,0,1023
2026-07-23 22:44:23,Cell_44,2.044,4.483,68.46,118,1,1012
2026-07-23 22:44:23,Cell_45,2.222,22.534,36.37,137,0,1044
2026-07-23 22:44:23,Cell_46,2.23,28.356,36.09,83,0,1098
2026-07-23 22:44:23,Cell_47,2.21,42.264,44.38,161,0,1029
2026-07-23 22:44:23,Cell_48,2.145,30.313,39.67,81,0,1117
2026-07-23 22:44:23,Cell_49,2.067,27.223,60.0,159,1,1037
2026-07-23 22:44:23,Cell_5,2.285,34.902,35.18,146,0,1042
2026-07-23 22:44:23,Cell_50,2.14,20.188,30.53,209,0,985
2026-07-23 22:44:23,Cell_51,2.143,28.959,62.57,163,1,940
2026-07-23 22:44:23,Cell_52,2.276,17.384,36.43,71,0,1123
2026-07-23 22:44:23,Cell_53,2.216,33.467,40.05,149,0,1044
2026-07-23 22:44:23,Cell_54,2.268,16.835,35.0,138,0,1061
2026-07-23 22:44:23,Cell_55,2.226,15.002,29.6,202,0,994
2026-07-23 22:44:23,Cell_6,2.18,27.835,36.53,148,0,1043
2026-07-23 22:44:23,Cell_7,2.18,16.469,37.73,165,0,1025
2026-07-23 22:44:23,Cell_8,2.098,13.149,32.64,115,0,1066
2026-07-23 22:44:23,Cell_9,2.227,38.414,38.82,100,0,1087
2026-07-23 22:46:23,Cell_1,2.171,14.437,33.03,211,0,977
2026-07-23 22:46:23,Cell_10,2.118,35.22,38.91,184,0,1008
2026-07-23 22:46:23,Cell_11,2.231,46.161,47.16,140,0,1049
2026-07-23 22:46:23,Cell_12,2.228,24.086,34.81,157,0,1025
2026-07-23 22:46:23,Cell_13,2.191,16.995,28.83,60,0,1123
2026-07-23 22:46:23,Cell_14,2.271,28.233,34.61,135,0,1049
2026-07-23 22:46:23,Cell_15,2.27,30.775,37.86,80,0,1101
2026-07-23 22:46:23,Cell_16,2.19,24.544,40.71,155,0,1042
2026-07-23 22:46:23,Cell_17,2.112,39.103,75.0,204,2,890
2026-07-23 22:46:23,Cell_18,2.133,41.845,39.25,168,0,1028
2026-07-23 22:46:23,Cell_19,2.197,17.681,39.25,140,0,1051
2026-07-23 22:46:23,Cell_2,1.852,50.0,76.06,141,2,975
2026-07-23 22:46:23,Cell_20,2.207,29.136,34.5,158,0,1027
2026-07-23 22:46:23,Cell_21,2.189,35.038,39.12,68,0,1130
2026-07-23 22:46:23,Cell_22,2.076,9.376,29.19,175,0,1019
2026-07-23 22:46:23,Cell_23,2.158,29.046,36.22,174,0,1008
2026-07-23 22:46:23,Cell_24,2.23,18.11,30.81,191,0,994
2026-07-23 22:46:23,Cell_25,2.208,36.111,42.18,114,0,1079
2026-07-23 22:46:23,Cell_26,2.239,29.66,40.74,208,0,976
2026-07-23 22:46:23,Cell_27,2.124,15.177,31.49,125,0,1058
2026-07-23 22:46:23,Cell_28,2.3,25.917,37.6,125,0,1072
2026-07-23 22:46:23,Cell_29,2.217,7.506,29.38,100,0,1082
2026-07-23 22:46:23,Cell_3,2.165,26.279,43.17,191,0,1002
2026-07-23 22:46:23,Cell_30,2.285,19.962,34.78,103,0,1092
2026-07-23 22:46:23,Cell_31,2.195,29.527,33.73,120,0,1073
2026-07-23 22:46:23,Cell_32,2.146,39.114,41.95,116,0,1069
2026-07-23 22:46:23,Cell_33,2.3,18.488,35.2,90,0,1097
2026-07-23 22:46:23,Cell_34,2.221,30.38,42.17,181,0,1007
2026-07-23 22:46:23,Cell_35,2.173,38.86,42.27,165,0,1028
2026-07-23 22:46:23,Cell_36,2.166,9.517,29.31,96,0,1085
2026-07-23 22:46:23,Cell_37,2.3,1.285,22.43,130,0,1063
2026-07-23 22:46:23,Cell_38,2.185,18.856,34.92,158,0,1024
2026-07-23 22:46:23,Cell_39,2.142,24.288,35.69,192,0,1003
2026-07-23 22:46:23,Cell_4,1.9,33.402,75.0,170,2,929
2026-07-23 22:46:23,Cell_40,2.176,29.397,38.28,156,0,1025
2026-07-23 22:46:23,Cell_41,2.177,17.083,31.95,161,0,1028
2026-07-23 22:46:23,Cell_42,2.197,40.031,45.51,122,0,1076
2026-07-23 22:46:23,Cell_43,2.173,30.812,36.95,161,0,1027
2026-07-23 22:46:23,Cell_44,2.196,36.127,32.03,118,0,1081
2026-07-23 22:46:23,Cell_45,2.128,26.245,34.31,137,0,1058
2026-07-23 22:46:23,Cell_46,2.242,26.373,34.72,83,0,1104
2026-07-23 22:46:23,Cell_47,2.215,14.951,31.83,161,0,1039
2026-07-23 22:46:23,Cell_48,2.23,35.951,40.9,81,0,1110
2026-07-23 22:46:23,Cell_49,2.3,8.588,38.45,159,0,1024
2026-07-23 22:46:23,Cell_5,2.3,11.755,31.66,146,0,1043
2026-07-23 22:46:23,Cell_50,2.185,28.455,43.03,209,0,974
2026-07-23 22:46:23,Cell_51,2.179,34.601,38.04,163,0,1018
2026-07-23 22:46:23,Cell_52,2.198,12.567,28.84,71,0,1113
2026-07-23 22:46:23,Cell_53,2.173,22.595,35.57,149,0,1032
2026-07-23 22:46:23,Cell_54,2.239,27.776,35.32,138,0,1056
2026-07-23 22:46:23,Cell_55,1.836,42.701,83.68,202,2,883
2026-07-23 22:46:23,Cell_6,2.28,24.771,46.06,148,0,1045
2026-07-23 22:46:23,Cell_7,2.204,8.075,24.89,165,0,1034
2026-07-23 22:46:23,Cell_8,2.254,26.872,38.4,115,0,1072
2026-07-23 22:46:23,Cell_9,2.065,41.462,66.61,100,1,1038
2026-07-23 22:48:23,Cell_1,2.168,34.866,37.29,211,0,971
2026-07-23 22:48:23,Cell_10,2.179,26.873,35.82,184,0,998
2026-07-23 22:48:23,Cell_11,2.247,28.671,36.13,140,0,1043
2026-07-23 22:48:23,Cell_12,2.239,23.846,40.79,157,0,1040
2026-07-23 22:48:23,Cell_13,2.236,21.967,34.18,60,0,1133
2026-07-23 22:48:23,Cell_14,2.204,24.819,32.94,135,0,1055
2026-07-23 22:48:23,Cell_15,2.144,19.924,38.09,80,0,1118
2026-07-23 22:48:23,Cell_16,2.188,15.583,30.27,155,0,1033
2026-07-23 22:48:23,Cell_17,2.292,42.797,44.46,204,0,987
2026-07-23 22:48:23,Cell_18,2.2,14.51,63.76,168,1,938
2026-07-23 22:48:23,Cell_19,2.23,48.1,47.66,141,0,1040
2026-07-23 22:48:23,Cell_2,2.237,23.588,38.64,141,0,1055
2026-07-23 22:48:23,Cell_20,2.185,22.628,38.09,158,0,1031
2026-07-23 22:48:23,Cell_21,2.207,44.835,37.01,68,0,1115
2026-07-23 22:48:23,Cell_22,2.232,42.165,42.94,175,0,1022
2026-07-23 22:48:23,Cell_23,2.127,24.57,34.68,174,0,1016
2026-07-23 22:48:23,Cell_24,2.141,30.437,37.17,191,0,995
2026-07-23 22:48:23,Cell_25,2.24,34.958,38.04,114,0,1085
2026-07-23 22:48:23,Cell_26,2.2,24.314,31.6,208,0,983
2026-07-23 22:48:23,Cell_27,2.22,26.778,38.25,126,0,1066
2026-07-23 22:48:23,Cell_28,2.182,38.851,41.73,125,0,1062
2026-07-23 22:48:23,Cell_29,2.1,31.795,61.66,100,1,1044
2026-07-23 22:48:23,Cell_3,2.186,10.244,30.67,191,0,992
2026-07-23 22:48:23,Cell_30,1.857,23.667,89.65,103,2,1032
2026-07-23 22:48:23,Cell_31,2.203,12.535,33.16,120,0,1077
2026-07-23 22:48:23,Cell_32,2.265,37.882,43.62,116,0,1074
2026-07-23 22:48:23,Cell_33,2.244,10.451,34.28,90,0,1094
2026-07-23 22:48:23,Cell_34,2.179,39.573,50.13,181,0,1015
2026-07-23 22:48:23,Cell_35,2.154,30.777,41.37,165,0,1028
2026-07-23 22:48:23,Cell_36,2.3,3.757,23.56,96,0,1091
2026-07-23 22:48:23,Cell_37,2.232,20.858,40.64,130,0,1064
2026-07-23 22:48:23,Cell_38,2.258,45.973,43.62,158,0,1029
2026-07-23 22:48:23,Cell_39,2.15,35.085,40.31,192,0,1004
2026-07-23 22:48:23,Cell_4,2.262,36.04,37.41,170,0,1020
2026-07-23 22:48:23,Cell_40,2.239,17.209,35.33,156,0,1038
2026-07-23 22:48:23,Cell_41,2.227,24.136,37.46,161,0,1031
2026-07-23 22:48:23,Cell_42,2.3,38.24,42.77,122,0,1072
2026-07-23 22:48:23,Cell_43,2.153,0.0,24.48,161,0,1029
2026-07-23 22:48:23,Cell_44,2.144,41.05,44.52,118,0,1073
2026-07-23 22:48:23,Cell_45,2.286,15.544,32.2,137,0,1047
2026-07-23 22:48:23,Cell_46,2.213,25.382,42.11,83,0,1104
2026-07-23 22:48:23,Cell_47,2.214,39.471,47.77,161,0,1030
2026-07-23 22:48:23,Cell_48,2.251,33.563,35.27,81,0,1103
2026-07-23 22:48:23,Cell_49,2.175,33.213,40.37,159,0,1034
2026-07-23 22:48:23,Cell_5,2.154,21.856,31.78,146,0,1035
2026-07-23 22:48:23,Cell_50,2.18,13.623,34.41,209,0,991
2026-07-23 22:48:23,Cell_51,2.255,34.097,45.67,163,0,1027
2026-07-23 22:48:23,Cell_52,2.233,24.948,39.48,71,0,1128
2026-07-23 22:48:23,Cell_53,2.212,20.776,34.89,149,0,1035
2026-07-23 22:48:23,Cell_54,2.264,27.698,37.26,138,0,1055
2026-07-23 22:48:23,Cell_55,2.101,46.462,50.91,202,0,988
2026-07-23 22:48:23,Cell_6,2.21,12.143,30.43,148,0,1036
2026-07-23 22:48:23,Cell_7,2.223,40.481,42.79,165,0,1018
2026-07-23 22:48:23,Cell_8,2.252,26.889,34.79,116,0,1078
2026-07-23 22:48:23,Cell_9,2.208,13.052,32.94,100,0,1086
2026-07-23 22:50:23,Cell_1,2.226,18.359,35.69,211,0,981
2026-07-23 22:50:23,Cell_10,1.884,50.0,83.24,184,2,923
2026-07-23 22:50:23,Cell_11,2.222,18.342,35.41,140,0,1053
2026-07-23 22:50:23,Cell_12,2.211,23.411,42.67,157,0,1025
2026-07-23 22:50:23,Cell_13,2.258,34.838,39.89,60,0,1137
2026-07-23 22:50:23,Cell_14,2.221,9.532,31.61,135,0,1057
2026-07-23 22:50:23,Cell_15,2.033,16.906,63.16,80,1,1076
2026-07-23 22:50:23,Cell_16,2.226,15.214,34.6,155,0,1041
2026-07-23 22:50:23,Cell_17,2.216,35.477,36.83,204,0,984
2026-07-23 22:50:23,Cell_18,2.162,29.307,35.54,168,0,1026
2026-07-23 22:50:23,Cell_19,2.224,25.473,36.48,141,0,1050
2026-07-23 22:50:23,Cell_2,2.213,23.474,38.78,141,0,1057
2026-07-23 22:50:23,Cell_20,2.042,21.494,60.0,158,1,1041
2026-07-23 22:50:23,Cell_21,2.2,22.761,61.59,68,1,1081
2026-07-23 22:50:23,Cell_22,2.224,37.869,40.68,175,0,1024
2026-07-23 22:50:23,Cell_23,2.125,20.613,35.87,174,0,1017
2026-07-23 22:50:23,Cell_24,2.183,32.655,40.54,191,0,1004
2026-07-23 22:50:23,Cell_25,2.253,36.422,40.36,114,0,1067
2026-07-23 22:50:23,Cell_26,2.263,24.876,37.6,208,0,978
2026-07-23 22:50:23,Cell_27,2.159,18.262,35.95,126,0,1064
2026-07-23 22:50:23,Cell_28,2.164,31.021,41.42,125,0,1070
2026-07-23 22:50:23,Cell_29,2.272,10.538,29.22,100,0,1084
2026-07-23 22:50:23,Cell_3,2.147,22.052,38.68,191,0,1001
2026-07-23 22:50:23,Cell_30,2.3,24.121,37.45,103,0,1082
2026-07-23 22:50:23,Cell_31,2.252,21.656,29.26,120,0,1076
2026-07-23 22:50:23,Cell_32,2.236,19.22,35.21,116,0,1068
2026-07-23 22:50:23,Cell_33,2.17,16.077,27.74,90,0,1103
2026-07-23 22:50:23,Cell_34,2.057,27.348,42.95,181,0,1008
2026-07-23 22:50:23,Cell_35,2.201,13.511,31.14,165,0,1024
2026-07-23 22:50:23,Cell_36,2.062,22.592,67.6,96,1,1047
2026-07-23 22:50:23,Cell_37,2.2,31.495,35.5,130,0,1069
2026-07-23 22:50:23,Cell_38,2.265,34.574,41.79,158,0,1029
2026-07-23 22:50:23,Cell_39,2.173,22.982,37.14,192,0,1007
2026-07-23 22:50:23,Cell_4,2.167,26.156,34.62,170,0,1015
2026-07-23 22:50:23,Cell_40,2.277,23.003,30.79,156,0,1031
2026-07-23 22:50:23,Cell_41,1.853,35.848,76.24,161,2,940
2026-07-23 22:50:23,Cell_42,2.2,35.138,40.42,123,0,1073
2026-07-23 22:50:23,Cell_43,2.179,32.191,41.01,161,0,1026
2026-07-23 22:50:23,Cell_44,2.179,33.872,41.05,118,0,1081
2026-07-23 22:50:23,Cell_45,2.235,44.781,43.02,137,0,1048
2026-07-23 22:50:23,Cell_46,2.185,21.702,30.2,83,0,1105
2026-07-23 22:50:23,Cell_47,2.054,22.847,66.2,161,1,942
2026-07-23 22:50:23,Cell_48,2.229,19.952,37.75,82,0,1116
2026-07-23 22:50:23,Cell_49,2.184,25.922,34.98,159,0,1037
2026-07-23 22:50:23,Cell_5,2.123,13.356,37.95,146,0,1040
2026-07-23 22:50:23,Cell_50,2.101,4.181,27.2,209,0,988
2026-07-23 22:50:23,Cell_51,2.166,49.552,40.44,164,0,1022
2026-07-23 22:50:23,Cell_52,2.189,40.268,35.47,71,0,1122
2026-07-23 22:50:23,Cell_53,2.18,24.917,37.51,149,0,1038
2026-07-23 22:50:23,Cell_54,2.291,43.973,37.45,138,0,1052
2026-07-23 22:50:23,Cell_55,2.185,32.787,42.29,202,0,997
2026-07-23 22:50:23,Cell_6,2.257,18.277,33.21,148,0,1049
2026-07-23 22:50:23,Cell_7,2.221,50.0,40.18,165,0,1022
2026-07-23 22:50:23,Cell_8,1.9,47.672,75.0,116,2,1011
2026-07-23 22:50:23,Cell_9,2.116,19.598,34.66,100,0,1095
2026-07-23 22:52:23,Cell_1,2.169,21.927,31.75,211,0,983
2026-07-23 22:52:23,Cell_10,2.228,31.32,36.07,184,0,1006
2026-07-23 22:52:23,Cell_11,2.215,20.321,35.91,140,0,1047
2026-07-23 22:52:23,Cell_12,2.258,31.332,34.06,157,0,1024
2026-07-23 22:52:23,Cell_13,2.224,14.64,29.4,60,0,1140
2026-07-23 22:52:23,Cell_14,2.199,25.238,29.91,135,0,1057
2026-07-23 22:52:23,Cell_15,2.215,21.637,26.86,80,0,1104
2026-07-23 22:52:23,Cell_16,2.156,29.147,34.2,155,0,1039
2026-07-23 22:52:23,Cell_17,2.092,8.628,31.82,204,0,982
2026-07-23 22:52:23,Cell_18,2.159,26.485,35.99,168,0,1029
2026-07-23 22:52:23,Cell_19,2.221,31.399,39.65,141,0,1052
2026-07-23 22:52:23,Cell_2,2.129,32.467,36.84,141,0,1051
2026-07-23 22:52:23,Cell_20,2.217,5.475,27.94,158,0,1031
2026-07-23 22:52:23,Cell_21,2.27,18.885,28.39,68,0,1124
2026-07-23 22:52:23,Cell_22,2.197,15.162,30.0,175,0,1019
2026-07-23 22:52:23,Cell_23,2.223,43.002,50.48,174,0,1007
2026-07-23 22:52:23,Cell_24,2.154,50.0,44.5,191,0,1009
2026-07-23 22:52:23,Cell_25,2.227,16.282,34.76,114,0,1085
2026-07-23 22:52:23,Cell_26,2.182,14.919,31.57,208,0,980
2026-07-23 22:52:23,Cell_27,2.252,6.727,21.0,126,0,1065
2026-07-23 22:52:23,Cell_28,2.3,32.903,42.34,125,0,1060
2026-07-23 22:52:23,Cell_29,2.25,39.237,40.3,101,0,1085
2026-07-23 22:52:23,Cell_3,2.13,12.878,35.2,191,0,991
2026-07-23 22:52:23,Cell_30,2.087,28.902,70.75,104,1,1025
2026-07-23 22:52:23,Cell_31,2.224,44.044,46.06,120,0,1062
2026-07-23 22:52:23,Cell_32,2.179,10.471,31.64,116,0,1071
2026-07-23 22:52:23,Cell_33,2.197,29.743,42.03,90,0,1095
2026-07-23 22:52:23,Cell_34,2.054,25.782,68.6,181,1,915
2026-07-23 22:52:23,Cell_35,2.193,42.583,43.66,165,0,1031
2026-07-23 22:52:23,Cell_36,2.142,16.257,28.69,96,0,1094
2026-07-23 22:52:23,Cell_37,2.2,32.246,34.91,130,0,1061
2026-07-23 22:52:23,Cell_38,2.218,30.627,33.61,158,0,1040
2026-07-23 22:52:23,Cell_39,2.181,20.729,33.85,192,0,998
2026-07-23 22:52:23,Cell_4,2.184,30.761,47.54,170,0,1027
2026-07-23 22:52:23,Cell_40,2.264,27.216,39.8,156,0,1027
2026-07-23 22:52:23,Cell_41,2.187,16.96,31.38,161,0,1034
2026-07-23 22:52:23,Cell_42,2.193,35.761,36.67,123,0,1072
2026-07-23 22:52:23,Cell_43,1.873,36.463,75.0,161,2,955
2026-07-23 22:52:23,Cell_44,2.28,26.371,36.01,118,0,1075
2026-07-23 22:52:23,Cell_45,2.204,31.124,38.2,137,0,1058
2026-07-23 22:52:23,Cell_46,2.234,11.267,25.04,83,0,1107
2026-07-23 22:52:23,Cell_47,2.172,27.382,34.06,161,0,1025
2026-07-23 22:52:23,Cell_48,2.149,28.308,32.59,82,0,1115
2026-07-23 22:52:23,Cell_49,2.156,35.001,39.3,159,0,1039
2026-07-23 22:52:23,Cell_5,2.223,30.631,40.41,147,0,1045
2026-07-23 22:52:23,Cell_50,2.3,28.85,36.7,209,0,984
2026-07-23 22:52:23,Cell_51,2.19,27.516,33.08,164,0,1029
2026-07-23 22:52:23,Cell_52,2.3,13.52,30.97,71,0,1119
2026-07-23 22:52:23,Cell_53,2.237,31.542,39.07,149,0,1047
2026-07-23 22:52:23,Cell_54,2.226,19.211,41.03,138,0,1062
2026-07-23 22:52:23,Cell_55,2.058,22.774,63.0,202,1,882
2026-07-23 22:52:23,Cell_6,2.224,16.086,36.96,148,0,1035
2026-07-23 22:52:23,Cell_7,2.167,24.928,39.88,165,0,1016
2026-07-23 22:52:23,Cell_8,2.262,4.003,31.85,116,0,1081
2026-07-23 22:52:23,Cell_9,2.187,8.336,31.58,100,0,1090
2026-07-23 22:54:23,Cell_1,2.2,30.14,35.73,211,0,985
2026-07-23 22:54:23,Cell_10,2.218,38.526,44.55,184,0,1007
2026-07-23 22:54:23,Cell_11,2.209,31.702,36.92,140,0,1051
2026-07-23 22:54:23,Cell_12,2.174,8.937,26.04,157,0,1030
2026-07-23 22:54:23,Cell_13,2.19,27.906,29.0,60,0,1132
2026-07-23 22:54:23,Cell_14,2.263,35.352,40.74,135,0,1051
2026-07-23 22:54:23,Cell_15,2.143,33.035,61.02,80,1,1068
2026-07-23 22:54:23,Cell_16,2.26,23.548,39.99,155,0,1037
2026-07-23 22:54:23,Cell_17,2.079,28.444,37.57,204,0,989
2026-07-23 22:54:23,Cell_18,2.186,15.726,31.96,169,0,1025
2026-07-23 22:54:23,Cell_19,2.123,33.242,45.37,141,0,1049
2026-07-23 22:54:23,Cell_2,2.184,26.17,35.52,141,0,1046
2026-07-23 22:54:23,Cell_20,2.214,23.253,39.08,158,0,1035
2026-07-23 22:54:23,Cell_21,2.216,24.312,33.83,68,0,1125
2026-07-23 22:54:23,Cell_22,2.095,3.477,24.63,176,0,1023
2026-07-23 22:54:23,Cell_23,2.207,36.964,40.95,174,0,1018
2026-07-23 22:54:23,Cell_24,2.111,22.287,37.42,191,0,999
2026-07-23 22:54:23,Cell_25,1.9,36.452,77.36,114,2,1022
2026-07-23 22:54:23,Cell_26,2.223,29.846,40.64,208,0,981
2026-07-23 22:54:23,Cell_27,2.121,44.636,44.63,126,0,1066
2026-07-23 22:54:23,Cell_28,2.297,36.336,43.06,125,0,1062
2026-07-23 22:54:23,Cell_29,2.149,30.539,39.51,101,0,1091
2026-07-23 22:54:23,Cell_3,2.266,37.349,42.07,191,0,994
2026-07-23 22:54:23,Cell_30,2.159,25.607,30.3,104,0,1077
2026-07-23 22:54:23,Cell_31,2.286,18.919,31.99,120,0,1061
2026-07-23 22:54:23,Cell_32,2.221,21.684,38.79,116,0,1078
2026-07-23 22:54:23,Cell_33,2.16,6.644,30.8,90,0,1107
2026-07-23 22:54:23,Cell_34,2.233,21.773,35.14,181,0,1010
2026-07-23 22:54:23,Cell_35,2.256,20.934,34.51,165,0,1024
2026-07-23 22:54:23,Cell_36,2.235,19.443,36.54,96,0,1100
2026-07-23 22:54:23,Cell_37,2.207,25.086,34.82,130,0,1061
2026-07-23 22:54:23,Cell_38,2.161,25.405,36.93,158,0,1028
2026-07-23 22:54:23,Cell_39,2.235,19.597,39.46,192,0,996
2026-07-23 22:54:23,Cell_4,2.237,14.354,33.82,170,0,1015
2026-07-23 22:54:23,Cell_40,2.241,13.871,26.21,156,0,1043
2026-07-23 22:54:23,Cell_41,2.172,33.07,40.87,161,0,1031
2026-07-23 22:54:23,Cell_42,2.227,25.33,33.74,123,0,1075
2026-07-23 22:54:23,Cell_43,2.163,17.288,33.84,161,0,1026
2026-07-23 22:54:23,Cell_44,2.194,32.438,37.08,118,0,1077
2026-07-23 22:54:23,Cell_45,2.189,35.885,38.79,137,0,1044
2026-07-23 22:54:23,Cell_46,2.217,29.604,39.04,83,0,1109
2026-07-23 22:54:23,Cell_47,2.241,50.0,48.89,161,0,1020
2026-07-23 22:54:23,Cell_48,2.178,26.102,37.18,82,0,1105
2026-07-23 22:54:23,Cell_49,2.17,22.983,34.02,159,0,1041
2026-07-23 22:54:23,Cell_5,2.195,26.811,35.36,147,0,1052
2026-07-23 22:54:23,Cell_50,2.214,29.355,35.73,209,0,984
2026-07-23 22:54:23,Cell_51,2.202,7.289,28.21,164,0,1027
2026-07-23 22:54:23,Cell_52,2.3,37.185,39.29,71,0,1125
2026-07-23 22:54:23,Cell_53,2.181,28.199,37.57,149,0,1033
2026-07-23 22:54:23,Cell_54,2.233,13.128,33.74,138,0,1062
2026-07-23 22:54:23,Cell_55,2.251,14.711,34.08,202,0,994
2026-07-23 22:54:23,Cell_6,2.162,21.745,39.99,149,0,1034
2026-07-23 22:54:23,Cell_7,2.136,21.544,36.26,165,0,1016
2026-07-23 22:54:23,Cell_8,2.252,35.638,42.7,116,0,1070
2026-07-23 22:54:23,Cell_9,2.167,19.822,66.0,100,1,1044
2026-07-23 22:56:23,Cell_1,2.26,15.432,34.42,211,0,986
2026-07-23 22:56:23,Cell_10,2.265,9.25,29.29,184,0,1013
2026-07-23 22:56:23,Cell_11,2.2,5.652,25.09,140,0,1056
2026-07-23 22:56:23,Cell_12,2.229,38.393,38.53,157,0,1039
2026-07-23 22:56:23,Cell_13,2.3,23.728,34.29,60,0,1127
2026-07-23 22:56:23,Cell_14,2.132,37.69,38.0,135,0,1059
2026-07-23 22:56:23,Cell_15,2.194,26.142,41.45,80,0,1106
2026-07-23 22:56:23,Cell_16,2.159,23.363,39.1,155,0,1042
2026-07-23 22:56:23,Cell_17,2.179,30.003,41.64,204,0,988
2026-07-23 22:56:23,Cell_18,2.21,12.233,37.62,169,0,1012
2026-07-23 22:56:23,Cell_19,2.242,11.625,27.67,141,0,1052
2026-07-23 22:56:23,Cell_2,2.176,33.692,41.38,141,0,1047
2026-07-23 22:56:23,Cell_20,2.24,23.944,33.23,158,0,1026
2026-07-23 22:56:23,Cell_21,2.125,16.437,61.85,68,1,1090
2026-07-23 22:56:23,Cell_22,2.255,26.464,39.01,176,0,1010
2026-07-23 22:56:23,Cell_23,2.208,34.367,39.33,174,0,1018
2026-07-23 22:56:23,Cell_24,2.223,24.23,36.1,191,0,994
2026-07-23 22:56:23,Cell_25,2.241,29.564,38.22,114,0,1083
2026-07-23 22:56:23,Cell_26,2.128,33.199,40.08,208,0,989
2026-07-23 22:56:23,Cell_27,2.197,3.938,28.99,126,0,1057
2026-07-23 22:56:23,Cell_28,2.083,41.099,44.17,126,0,1059
2026-07-23 22:56:23,Cell_29,2.181,20.493,40.26,101,0,1097
2026-07-23 22:56:23,Cell_3,2.148,30.964,33.28,191,0,1008
2026-07-23 22:56:23,Cell_30,2.17,36.716,40.76,105,0,1090
2026-07-23 22:56:23,Cell_31,2.219,30.795,39.4,120,0,1065
2026-07-23 22:56:23,Cell_32,2.263,5.848,25.4,116,0,1084
2026-07-23 22:56:23,Cell_33,2.176,38.634,42.09,90,0,1106
2026-07-23 22:56:23,Cell_34,2.227,15.824,30.77,181,0,1001
2026-07-23 22:56:23,Cell_35,2.239,33.015,42.74,165,0,1023
2026-07-23 22:56:23,Cell_36,2.216,38.201,38.61,96,0,1085
2026-07-23 22:56:23,Cell_37,2.174,21.97,36.34,130,0,1061
2026-07-23 22:56:23,Cell_38,2.264,29.127,34.3,158,0,1031
2026-07-23 22:56:23,Cell_39,2.144,20.509,36.08,192,0,1006
2026-07-23 22:56:23,Cell_4,2.056,7.396,61.36,170,1,937
2026-07-23 22:56:23,Cell_40,2.256,8.26,29.69,156,0,1028
2026-07-23 22:56:23,Cell_41,2.26,23.872,37.6,161,0,1031
2026-07-23 22:56:23,Cell_42,2.264,34.074,40.82,123,0,1067
2026-07-23 22:56:23,Cell_43,2.249,16.694,31.73,161,0,1030
2026-07-23 22:56:23,Cell_44,2.274,34.769,36.3,118,0,1077
2026-07-23 22:56:23,Cell_45,2.167,47.583,50.56,137,0,1061
2026-07-23 22:56:23,Cell_46,2.21,34.046,41.17,83,0,1107
2026-07-23 22:56:23,Cell_47,2.25,30.862,39.41,161,0,1020
2026-07-23 22:56:23,Cell_48,1.851,36.811,80.8,82,2,1062
2026-07-23 22:56:23,Cell_49,2.137,30.315,41.98,159,0,1032
2026-07-23 22:56:23,Cell_5,2.223,15.463,29.77,147,0,1038
2026-07-23 22:56:23,Cell_50,2.243,29.385,41.63,209,0,978
2026-07-23 22:56:23,Cell_51,2.2,33.615,38.24,165,0,1030
2026-07-23 22:56:23,Cell_52,2.212,26.262,37.83,71,0,1125
2026-07-23 22:56:23,Cell_53,2.143,9.265,32.84,149,0,1044
2026-07-23 22:56:23,Cell_54,2.187,15.89,35.36,138,0,1050
2026-07-23 22:56:23,Cell_55,2.259,13.929,30.52,203,0,979
2026-07-23 22:56:23,Cell_6,2.138,33.72,43.29,149,0,1047
2026-07-23 22:56:23,Cell_7,2.084,24.445,37.04,165,0,1019
2026-07-23 22:56:23,Cell_8,2.175,42.258,42.08,116,0,1071
2026-07-23 22:56:23,Cell_9,2.163,13.374,34.46,100,0,1096
2026-07-23 22:58:23,Cell_1,2.182,28.456,34.4,211,0,975
2026-07-23 22:58:23,Cell_10,2.185,31.351,40.28,184,0,1007
2026-07-23 22:58:23,Cell_11,2.146,28.976,36.67,140,0,1044
2026-07-23 22:58:23,Cell_12,2.125,26.779,38.3,157,0,1025
2026-07-23 22:58:23,Cell_13,2.216,24.563,36.68,60,0,1123
2026-07-23 22:58:23,Cell_14,2.221,22.696,31.48,135,0,1065
2026-07-23 22:58:23,Cell_15,2.292,17.736,29.32,80,0,1108
2026-07-23 22:58:23,Cell_16,2.266,22.602,37.8,155,0,1044
2026-07-23 22:58:23,Cell_17,2.181,14.747,36.92,204,0,984
2026-07-23 22:58:23,Cell_18,2.245,36.837,37.9,169,0,1025
2026-07-23 22:58:23,Cell_19,2.226,24.344,43.62,141,0,1044
2026-07-23 22:58:23,Cell_2,2.099,33.65,44.37,141,0,1049
2026-07-23 22:58:23,Cell_20,2.249,13.165,33.75,159,0,1029
2026-07-23 22:58:23,Cell_21,2.198,26.664,34.83,68,0,1122
2026-07-23 22:58:23,Cell_22,2.221,11.149,30.93,176,0,1012
2026-07-23 22:58:23,Cell_23,2.116,26.129,36.47,174,0,1009
2026-07-23 22:58:23,Cell_24,2.12,18.436,36.99,191,0,992
2026-07-23 22:58:23,Cell_25,2.282,15.595,34.82,114,0,1076
2026-07-23 22:58:23,Cell_26,2.164,22.196,37.16,208,0,988
2026-07-23 22:58:23,Cell_27,2.172,28.293,39.72,126,0,1070
2026-07-23 22:58:23,Cell_28,2.22,5.013,29.0,126,0,1055
2026-07-23 22:58:23,Cell_29,2.085,42.315,41.44,101,0,1095
2026-07-23 22:58:23,Cell_3,2.252,22.96,33.5,191,0,998
2026-07-23 22:58:23,Cell_30,2.188,39.89,40.87,105,0,1091
2026-07-23 22:58:23,Cell_31,2.224,22.304,34.58,120,0,1064
2026-07-23 22:58:23,Cell_32,2.183,14.362,30.2,116,0,1069
2026-07-23 22:58:23,Cell_33,2.287,31.192,42.32,90,0,1100
2026-07-23 22:58:23,Cell_34,2.219,20.516,32.68,181,0,1007
2026-07-23 22:58:23,Cell_35,2.238,22.342,35.97,165,0,1027
2026-07-23 22:58:23,Cell_36,2.211,14.124,34.28,96,0,1092
2026-07-23 22:58:23,Cell_37,2.297,28.132,38.12,130,0,1055
2026-07-23 22:58:23,Cell_38,2.189,26.944,34.14,158,0,1037
2026-07-23 22:58:23,Cell_39,2.119,21.169,31.5,192,0,1000
2026-07-23 22:58:23,Cell_4,2.097,22.026,31.51,170,0,1029
2026-07-23 22:58:23,Cell_40,2.158,8.361,30.2,156,0,1035
2026-07-23 22:58:23,Cell_41,2.2,22.9,37.39,161,0,1029
2026-07-23 22:58:23,Cell_42,2.007,22.394,62.1,123,1,1013
2026-07-23 22:58:23,Cell_43,2.182,35.847,47.48,161,0,1025
2026-07-23 22:58:23,Cell_44,2.3,3.745,23.71,118,0,1080
2026-07-23 22:58:23,Cell_45,2.152,41.353,45.97,137,0,1054
2026-07-23 22:58:23,Cell_46,2.206,12.778,30.62,83,0,1110
2026-07-23 22:58:23,Cell_47,2.13,22.415,62.24,161,1,946
2026-07-23 22:58:23,Cell_48,2.06,12.417,28.06,82,0,1105
2026-07-23 22:58:23,Cell_49,2.237,13.911,29.37,159,0,1039
2026-07-23 22:58:23,Cell_5,2.209,6.724,34.89,147,0,1039
2026-07-23 22:58:23,Cell_50,2.201,16.374,36.87,209,0,986
2026-07-23 22:58:23,Cell_51,2.103,18.351,66.74,165,1,945
2026-07-23 22:58:23,Cell_52,1.9,43.685,86.77,71,2,1075
2026-07-23 22:58:23,Cell_53,2.201,28.803,38.77,149,0,1047
2026-07-23 22:58:23,Cell_54,2.232,29.512,40.51,138,0,1056
2026-07-23 22:58:23,Cell_55,2.125,24.432,37.1,203,0,997
2026-07-23 22:58:23,Cell_6,2.3,29.297,38.29,149,0,1044
2026-07-23 22:58:23,Cell_7,2.246,31.546,41.94,165,0,1023
2026-07-23 22:58:23,Cell_8,2.184,23.761,38.54,116,0,1078
2026-07-23 22:58:23,Cell_9,2.222,41.401,42.78,100,0,1089
2026-07-23 23:00:23,Cell_1,2.247,11.452,31.17,212,0,981
2026-07-23 23:00:23,Cell_10,2.064,35.856,60.0,184,1,1011
2026-07-23 23:00:23,Cell_11,2.257,28.88,39.17,140,0,1049
2026-07-23 23:00:23,Cell_12,2.104,26.016,39.98,158,0,1036
2026-07-23 23:00:23,Cell_13,2.3,18.906,37.06,60,0,1137
2026-07-23 23:00:23,Cell_14,2.214,4.21,28.36,135,0,1059
2026-07-23 23:00:23,Cell_15,2.212,33.109,32.9,80,0,1103
2026-07-23 23:00:23,Cell_16,2.235,30.836,37.87,156,0,1030
2026-07-23 23:00:23,Cell_17,2.152,38.308,38.81,204,0,987
2026-07-23 23:00:23,Cell_18,2.189,19.488,35.06,169,0,1017
2026-07-23 23:00:23,Cell_19,2.216,39.226,44.72,141,0,1041
2026-07-23 23:00:23,Cell_2,2.21,17.673,23.42,141,0,1053
2026-07-23 23:00:23,Cell_20,2.106,11.797,29.07,159,0,1041
2026-07-23 23:00:23,Cell_21,2.215,0.0,30.96,68,0,1131
2026-07-23 23:00:23,Cell_22,2.245,14.466,35.16,176,0,1015
2026-07-23 23:00:23,Cell_23,2.157,26.718,31.66,174,0,1012
2026-07-23 23:00:23,Cell_24,2.204,25.321,36.63,191,0,998
2026-07-23 23:00:23,Cell_25,2.279,33.329,37.7,114,0,1084
2026-07-23 23:00:23,Cell_26,2.199,7.819,27.23,208,0,976
2026-07-23 23:00:23,Cell_27,2.207,28.722,36.15,126,0,1062
2026-07-23 23:00:23,Cell_28,1.842,39.098,76.38,126,2,1003
2026-07-23 23:00:23,Cell_29,2.186,23.182,36.55,101,0,1085
2026-07-23 23:00:23,Cell_3,2.092,24.015,27.42,191,0,990
2026-07-23 23:00:23,Cell_30,2.161,4.301,28.99,105,0,1087
2026-07-23 23:00:23,Cell_31,2.22,12.799,33.05,120,0,1064
2026-07-23 23:00:23,Cell_32,2.282,27.4,35.18,116,0,1068
2026-07-23 23:00:23,Cell_33,2.158,40.325,42.55,90,0,1091
2026-07-23 23:00:23,Cell_34,1.893,44.247,75.52,181,2,916
2026-07-23 23:00:23,Cell_35,2.117,41.11,41.18,166,0,1020
2026-07-23 23:00:23,Cell_36,2.213,19.935,31.27,96,0,1098
2026-07-23 23:00:23,Cell_37,2.199,41.885,47.96,130,0,1051
2026-07-23 23:00:23,Cell_38,2.211,16.387,35.55,158,0,1029
2026-07-23 23:00:23,Cell_39,2.214,16.668,30.15,193,0,1004
2026-07-23 23:00:23,Cell_4,2.155,14.766,29.73,170,0,1014
2026-07-23 23:00:23,Cell_40,2.204,26.347,39.29,156,0,1038
2026-07-23 23:00:23,Cell_41,2.171,29.96,36.03,161,0,1023
2026-07-23 23:00:23,Cell_42,2.199,22.68,38.48,123,0,1066
2026-07-23 23:00:23,Cell_43,2.165,35.597,41.7,161,0,1035
2026-07-23 23:00:23,Cell_44,2.255,31.37,37.55,118,0,1074
2026-07-23 23:00:23,Cell_45,2.218,31.445,43.24,137,0,1062
2026-07-23 23:00:23,Cell_46,2.3,20.283,35.82,83,0,1116
2026-07-23 23:00:23,Cell_47,2.2,25.43,39.06,161,0,1037
2026-07-23 23:00:23,Cell_48,2.234,22.067,34.69,82,0,1101
2026-07-23 23:00:23,Cell_49,2.19,25.74,40.71,159,0,1033
2026-07-23 23:00:23,Cell_5,2.142,21.441,35.61,147,0,1050
2026-07-23 23:00:23,Cell_50,2.123,29.16,41.96,209,0,974
2026-07-23 23:00:23,Cell_51,2.228,47.543,48.23,165,0,1018
2026-07-23 23:00:23,Cell_52,2.212,39.988,39.85,71,0,1118
2026-07-23 23:00:23,Cell_53,2.247,37.141,38.54,149,0,1038
2026-07-23 23:00:23,Cell_54,2.205,18.86,32.6,138,0,1048
2026-07-23 23:00:23,Cell_55,2.06,23.737,38.36,203,0,988
2026-07-23 23:00:23,Cell_6,2.187,34.863,39.8,149,0,1043
2026-07-23 23:00:23,Cell_7,1.882,50.0,84.66,165,2,939
2026-07-23 23:00:23,Cell_8,2.221,14.44,30.52,116,0,1081
2026-07-23 23:00:23,Cell_9,2.232,17.799,31.33,100,0,1096
2026-07-23 23:02:23,Cell_1,2.218,13.914,24.74,212,0,970
2026-07-23 23:02:23,Cell_10,2.238,14.419,33.18,184,0,1001
2026-07-23 23:02:23,Cell_11,2.214,12.837,33.0,140,0,1056
2026-07-23 23:02:23,Cell_12,2.255,22.249,31.88,158,0,1028
2026-07-23 23:02:23,Cell_13,2.264,42.241,42.52,60,0,1127
2026-07-23 23:02:23,Cell_14,2.226,15.38,34.34,135,0,1062
2026-07-23 23:02:23,Cell_15,2.138,22.257,35.56,80,0,1111
2026-07-23 23:02:23,Cell_16,2.182,0.0,24.91,156,0,1042
2026-07-23 23:02:23,Cell_17,2.194,25.748,30.93,204,0,977
2026-07-23 23:02:23,Cell_18,2.166,47.938,41.38,169,0,1015
2026-07-23 23:02:23,Cell_19,2.196,33.808,37.31,141,0,1055
2026-07-23 23:02:23,Cell_2,2.226,37.519,45.08,141,0,1057
2026-07-23 23:02:23,Cell_20,2.158,34.345,41.39,159,0,1030
2026-07-23 23:02:23,Cell_21,2.186,36.956,60.0,68,1,1125
2026-07-23 23:02:23,Cell_22,2.18,27.953,40.27,176,0,1012
2026-07-23 23:02:23,Cell_23,2.204,28.54,34.62,174,0,1008
2026-07-23 23:02:23,Cell_24,2.239,17.229,31.24,191,0,992
2026-07-23 23:02:23,Cell_25,2.167,30.844,36.23,114,0,1074
2026-07-23 23:02:23,Cell_26,2.191,38.332,40.82,208,0,980
2026-07-23 23:02:23,Cell_27,2.176,23.513,61.91,126,1,1005
2026-07-23 23:02:23,Cell_28,2.147,7.91,60.64,126,1,1007
2026-07-23 23:02:23,Cell_29,2.235,16.441,35.02,101,0,1085
2026-07-23 23:02:23,Cell_3,2.202,39.411,44.23,192,0,1000
2026-07-23 23:02:23,Cell_30,2.114,24.076,32.97,105,0,1082
2026-07-23 23:02:23,Cell_31,2.147,32.402,39.7,120,0,1075
2026-07-23 23:02:23,Cell_32,2.127,26.405,61.32,116,1,1007
2026-07-23 23:02:23,Cell_33,2.137,0.0,69.03,90,1,1052
2026-07-23 23:02:23,Cell_34,2.19,12.557,29.62,181,0,1007
2026-07-23 23:02:23,Cell_35,2.157,42.225,43.34,166,0,1027
2026-07-23 23:02:23,Cell_36,2.217,32.81,40.15,96,0,1091
2026-07-23 23:02:23,Cell_37,2.187,37.95,39.11,130,0,1052
2026-07-23 23:02:23,Cell_38,2.277,11.142,30.46,158,0,1034
2026-07-23 23:02:23,Cell_39,2.14,37.822,39.23,193,0,1006
2026-07-23 23:02:23,Cell_4,2.151,28.4,35.81,170,0,1017
2026-07-23 23:02:23,Cell_40,2.218,28.372,35.33,156,0,1025
2026-07-23 23:02:23,Cell_41,2.249,23.783,29.28,161,0,1037
2026-07-23 23:02:23,Cell_42,2.238,42.192,43.56,123,0,1075
2026-07-23 23:02:23,Cell_43,2.192,39.078,43.1,161,0,1030
2026-07-23 23:02:23,Cell_44,2.129,30.682,33.52,118,0,1065
2026-07-23 23:02:23,Cell_45,2.195,27.02,44.06,137,0,1061
2026-07-23 23:02:23,Cell_46,2.238,25.665,34.84,83,0,1114
2026-07-23 23:02:23,Cell_47,2.143,29.231,36.48,161,0,1029
2026-07-23 23:02:23,Cell_48,2.264,30.027,37.22,82,0,1106
2026-07-23 23:02:23,Cell_49,2.181,7.341,33.76,160,0,1024
2026-07-23 23:02:23,Cell_5,2.2,26.048,36.63,147,0,1038
2026-07-23 23:02:23,Cell_50,2.189,24.606,34.8,209,0,984
2026-07-23 23:02:23,Cell_51,2.195,20.687,34.43,165,0,1034
2026-07-23 23:02:23,Cell_52,2.248,25.956,39.78,71,0,1115
2026-07-23 23:02:23,Cell_53,2.193,30.528,41.79,149,0,1044
2026-07-23 23:02:23,Cell_54,2.226,21.889,33.1,138,0,1053
2026-07-23 23:02:23,Cell_55,2.258,24.147,37.89,203,0,992
2026-07-23 23:02:23,Cell_6,2.215,25.917,36.51,149,0,1040
2026-07-23 23:02:23,Cell_7,2.191,2.244,33.44,165,0,1030
2026-07-23 23:02:23,Cell_8,1.876,46.362,80.82,116,2,1024
2026-07-23 23:02:23,Cell_9,2.205,29.411,33.65,100,0,1093
2026-07-23 23:04:23,Cell_1,2.165,19.499,37.14,212,0,972
2026-07-23 23:04:23,Cell_10,2.091,31.595,60.71,184,1,915
2026-07-23 23:04:23,Cell_11,2.234,22.747,32.25,140,0,1043
2026-07-23 23:04:23,Cell_12,2.196,23.873,33.28,158,0,1024
2026-07-23 23:04:23,Cell_13,2.3,21.758,30.47,60,0,1127
2026-07-23 23:04:23,Cell_14,2.218,31.519,43.79,135,0,1058
2026-07-23 23:04:23,Cell_15,2.107,34.076,37.97,80,0,1118
2026-07-23 23:04:23,Cell_16,2.3,32.795,43.63,156,0,1042
2026-07-23 23:04:23,Cell_17,2.258,36.766,35.72,204,0,996
2026-07-23 23:04:23,Cell_18,2.209,21.608,34.68,169,0,1026
2026-07-23 23:04:23,Cell_19,2.1,26.533,31.91,141,0,1049
2026-07-23 23:04:23,Cell_2,2.166,40.686,43.02,141,0,1059
2026-07-23 23:04:23,Cell_20,2.259,19.625,36.1,159,0,1029
2026-07-23 23:04:23,Cell_21,2.3,11.416,31.52,68,0,1123
2026-07-23 23:04:23,Cell_22,2.236,27.023,40.01,176,0,1022
2026-07-23 23:04:23,Cell_23,2.095,42.082,45.02,174,0,1014
2026-07-23 23:04:23,Cell_24,2.181,12.773,29.83,191,0,1006
2026-07-23 23:04:23,Cell_25,2.214,13.614,31.19,114,0,1071
2026-07-23 23:04:23,Cell_26,2.158,36.965,45.4,208,0,988
2026-07-23 23:04:23,Cell_27,2.173,33.115,39.72,126,0,1073
2026-07-23 23:04:23,Cell_28,2.206,21.357,33.33,126,0,1064
2026-07-23 23:04:23,Cell_29,2.184,17.056,31.19,101,0,1086
2026-07-23 23:04:23,Cell_3,2.184,19.484,34.15,192,0,989
2026-07-23 23:04:23,Cell_30,2.178,35.1,39.82,105,0,1092
2026-07-23 23:04:23,Cell_31,2.235,24.156,34.99,120,0,1079
2026-07-23 23:04:23,Cell_32,2.227,20.787,39.74,116,0,1068
2026-07-23 23:04:23,Cell_33,2.219,27.084,31.09,90,0,1100
2026-07-23 23:04:23,Cell_34,2.154,27.511,39.48,181,0,1008
2026-07-23 23:04:23,Cell_35,2.29,18.031,33.88,166,0,1033
2026-07-23 23:04:23,Cell_36,2.172,25.759,41.56,96,0,1100
2026-07-23 23:04:23,Cell_37,2.15,30.913,42.07,130,0,1056
2026-07-23 23:04:23,Cell_38,2.159,27.242,36.4,158,0,1028
2026-07-23 23:04:23,Cell_39,2.229,43.149,44.6,193,0,1007
2026-07-23 23:04:23,Cell_4,2.196,36.82,40.09,170,0,1028
2026-07-23 23:04:23,Cell_40,2.232,17.721,37.08,156,0,1035
2026-07-23 23:04:23,Cell_41,2.187,12.894,35.48,161,0,1034
2026-07-23 23:04:23,Cell_42,2.151,22.558,35.5,123,0,1070
2026-07-23 23:04:23,Cell_43,2.206,42.144,45.42,161,0,1034
2026-07-23 23:04:23,Cell_44,2.197,25.695,40.39,118,0,1069
2026-07-23 23:04:23,Cell_45,2.275,37.205,39.36,137,0,1053
2026-07-23 23:04:23,Cell_46,2.151,27.135,66.61,83,1,1066
2026-07-23 23:04:23,Cell_47,2.203,21.893,33.31,161,0,1033
2026-07-23 23:04:23,Cell_48,1.9,49.98,88.36,82,2,1073
2026-07-23 23:04:23,Cell_49,2.184,22.386,38.13,160,0,1036
2026-07-23 23:04:23,Cell_5,2.3,19.378,39.21,147,0,1049
2026-07-23 23:04:23,Cell_50,2.166,17.151,35.89,209,0,981
2026-07-23 23:04:23,Cell_51,2.17,17.952,31.46,165,0,1034
2026-07-23 23:04:23,Cell_52,2.232,30.478,38.82,71,0,1114
2026-07-23 23:04:23,Cell_53,2.3,31.33,34.95,149,0,1041
2026-07-23 23:04:23,Cell_54,2.261,31.054,39.28,138,0,1057
2026-07-23 23:04:23,Cell_55,1.872,23.872,83.68,203,2,886
2026-07-23 23:04:23,Cell_6,2.233,28.601,34.12,149,0,1036
2026-07-23 23:04:23,Cell_7,2.138,34.991,36.57,165,0,1035
2026-07-23 23:04:23,Cell_8,2.144,25.432,33.85,116,0,1076
2026-07-23 23:04:23,Cell_9,2.135,20.705,29.6,100,0,1093
